0,1,2,3,4,5,6,7,8,9,10,11,12,13,14,15,16,17,18,19,20,21,22,23,24
157.10339994467842,-2.1570216835751195,9.017615556272453,-5.0,4.657000922091796,0.54809053220022,22.59385095304687,171.38602548347887,3.4564212120126565,0.8425755732898351,9.076597125829448,0.6571868722905193,0.14190411277733225,4.84762386809943,605.8074361839566,0.022325270030832733,9.813642911689472,14.0,4.985157117291132,0.8728786814573447,34.72135715346023,27.517029589842522,10.729426200337123,39.0,16.106865723976956
101.97749338845702,-1.194975513469794,9.202491277118007,-0.7391304347826086,4.831586605220972,0.5062884516050312,21.47467370696646,84.8513033874686,2.3052305397077606,0.672090387756297,9.455697115470045,0.46628571061946417,0.09618920402099151,4.0003854217319965,463.8571715683036,0.04814259613127536,9.712564566844417,15.0,4.979227921123,0.8642498500232295,34.59026005594503,24.52969563588117,12.506615453114458,39.0,16.021860226642787
156.25656296334452,-2.237209024951891,8.974059484702396,-3.0,4.655042743367273,0.5439325479248415,22.457906246035336,168.4887856015981,3.3996695515020408,0.8320811137298345,9.327379053088816,0.66223129287012,0.1444019897812166,4.942564958825998,591.0333873745459,0.03551095005086535,9.901966027050266,14.0,4.9800838515400425,0.869247292379766,34.87356998172256,27.37855556282193,10.640250500195215,39.0,16.621064926501965
86.02364307907705,-0.8654808043847257,9.287715879172637,-2.3636363636363638,4.920969635351622,0.4864146392686557,20.94093925562213,34.55606612109753,1.1885740346857931,0.27132191711600495,8.541585197488251,0.19890509089478597,0.06078206549560133,2.878679738605806,230.65768941643668,0.14795564206236822,9.754060181724018,15.0,4.982460417127005,0.717908487986245,30.60287449493944,24.10942782018846,12.505389452965577,39.0,11.416684303244534
176.2211949398826,-2.47248747041609,8.927368958644136,-5.962962962962963,4.612519932888688,0.5521484578807393,22.844070249134052,195.10152855007172,3.573827763028735,0.8151030755421451,7.371021746760813,0.6787153638451645,0.14852047184798942,4.922562544323854,679.7089032530209,0.12227865003262783,9.672821231620569,9.0,4.9774515112235544,0.8671273639157867,34.63172255333066,27.664359288503604,10.07408200671857,39.0,15.827145554079024
139.02430064473162,-2.037811683671117,9.090799736694459,-5.88,4.701396977107822,0.5404467219348446,22.33495254043638,151.92489651638002,3.0959619907443368,0.8116765848093078,8.78325679916055,0.6267651703548088,0.12724008792124222,4.785802176268588,584.5324753315205,0.1251232253938126,9.982768937390738,15.0,4.9781502321289866,0.8653884207647987,34.54779516680968,26.86599425965869,11.622957851175993,39.0,15.914181918032284
138.76236970640434,-1.9925892526599391,9.041971964257948,-2.72,4.704188282105662,0.5345184204671062,22.309170916419788,147.63977778788728,3.1041415957956033,0.819173188377948,10.359613892418961,0.6240148906861215,0.1277976647287988,4.8402134489753506,556.6227595658647,0.031905884105319915,9.791019533199917,15.0,4.979965360268759,0.8564028633857202,34.59675141874315,26.92404104614998,11.388628062545637,39.0,15.6481200918459
86.00105811870012,-0.7898903554375615,9.39082501439234,-2.909090909090909,4.924793643657009,0.49733365238139887,21.025905547597766,35.109742272271205,1.0725742410912225,0.2686779855333074,10.076566383577525,0.17791528775705404,0.055937741072345684,2.807988883424794,233.3425695892448,-0.007524209606101673,9.879053933806771,14.0,4.97988975523427,0.7077624175085849,30.657860574203152,23.96193999529749,12.459561377156593,39.0,11.487319086373791
156.03688001760912,-2.1279767254266697,9.00843992257448,-2.423076923076923,4.657134440830846,0.5483273640099589,22.545940932561464,168.64850224966446,3.428125889045714,0.7971236042822822,10.176039266233646,0.6525353190058233,0.1405830188332129,4.882688441388614,608.9597494678513,0.2894507595714515,9.814261690577068,15.0,4.980129303864999,0.8704066812291639,34.43266691349114,27.394003101190318,10.59019559401559,39.0,16.205813053875783
137.72997176103075,-1.9322304460607882,9.066970529864811,-4.8,4.707335593969669,0.5359859615012678,22.23819333494362,149.2311870191298,3.1107101571980285,0.7824405130371357,9.891410415102587,0.6151729971250895,0.12698018230998445,4.774977101549073,563.4663600709171,-0.04542913927110259,9.765203303718648,14.0,4.979781479878101,0.8510860905705274,34.42194441151014,27.13291283363457,11.110185899651706,39.0,15.564829104613437
176.92260007715885,-2.4623816679546398,8.973228362421972,-0.5185185185185185,4.6157285056540935,0.5558147243736348,22.872687275845745,198.70784003485693,3.588504730295458,0.8033799408185659,10.73716415546996,0.6754924110638019,0.1451879662674914,4.931922477842586,723.7656501865074,0.2549760446058742,9.81841641020495,15.0,4.978758056980605,0.8662457989378476,34.58297909985911,27.68294953008224,10.27639540765053,39.0,15.902714810968046
155.19427131651798,-2.335017917546136,8.982049244813064,-4.730769230769231,4.654488338524437,0.5449800022187264,22.667842122479406,168.16526130389946,3.3841947269416877,0.8178040317541513,8.73347975546135,0.656934315310628,0.14408967925950145,4.886583357218119,586.8615809365119,0.1254496791425901,9.810043709254735,14.0,4.980945065460674,0.8690204820693236,34.712547812094904,27.324496656395738,10.998113617074845,39.0,16.371467052142073
154.7947512937962,-2.1694325361908344,9.01466781020393,-2.8846153846153846,4.657282334354707,0.5458996761310929,22.473057279068023,166.82079334919766,3.382482624602349,0.8019941735442354,9.818847351578976,0.6557609542809825,0.1399365778937565,4.870114990257795,578.282803245509,0.09048547129204398,9.888808999764807,14.0,4.980879821030291,0.8616010317994656,34.383449219129076,27.536879286452496,10.395815502965556,39.0,15.571220756417652
157.0732096686993,-2.1290211989473167,9.023235810693086,-3.769230769230769,4.655842230490529,0.5465329569241149,22.643531365058898,171.15130327328058,3.4463827646040883,0.8185631827783224,9.95106369384968,0.6631113208110349,0.1440585045842385,4.83252774235536,602.909497722758,0.22570429401674463,9.871158556155027,14.0,4.980414310183677,0.8698914454206712,34.65158410223155,27.3259445710086,10.892669972853975,39.0,16.08021562241953
121.63730120205595,-1.501914197894448,9.104720957693113,-3.8333333333333335,4.756460031467602,0.5195136641246884,21.845093977275194,123.02398963029603,2.7957677697245313,0.7748479705879084,9.181805680559547,0.5869032423322819,0.11384801485132742,4.647043613582115,543.3907304065432,0.14451017873754557,9.820969850091247,15.0,4.982031972056186,0.8655392942778517,34.75244908228286,26.534769241048902,11.77484088434882,39.0,16.225058547132427
100.45171173475319,-1.1479257808602024,9.176120338486452,0.21739130434782608,4.835011470228482,0.5070228995093792,21.48111034085594,84.01820486412406,2.236237967495627,0.6616926741444443,9.348129418738788,0.456916179473334,0.09537572495543174,3.992361380871364,461.95624306504374,-0.11727280699526577,9.647644407858666,15.0,4.977170365648878,0.8581997275768161,34.71877232174689,25.376887317448166,12.327997929081663,39.0,15.945162166478056
101.05104553741967,-1.3267915802721866,9.208344082561908,-3.260869565217391,4.837468453892647,0.5041224826096363,21.46958454554652,83.94504647729747,2.15096796150977,0.6363161352414666,10.517965546808773,0.45263595648280974,0.09042562991152561,3.8271961939308836,462.27189839938256,-0.06188887548608468,9.708037923024074,15.0,4.980775860450198,0.8563854691006818,34.51993375094765,25.154020193439916,12.41007765107814,39.0,15.81552219908641
85.0142592632787,-0.8903679560113698,9.246045127597087,-2.090909090909091,4.917643899268748,0.4861326474578236,20.952398697340247,36.51355242961333,1.1952687801382178,0.27014254225574014,9.179567680992244,0.21478663938708842,0.06703633195242605,2.8682427299895066,237.017688140235,0.2526330854221508,9.955205913916211,12.0,4.981814161713878,0.7534469976717642,31.053120778935135,24.121290169453285,12.458169762485042,39.0,12.025764399450889
102.71469905838552,-1.1394824076770207,9.268463281897139,1.0,4.834542729181726,0.5131137946117534,21.570973649006554,86.91337726450007,2.2464484939960303,0.6181892858050037,10.729885124390135,0.45220232716905345,0.0948695631408181,3.84511136136452,480.2914913070814,-0.05485001627072328,9.828806180145353,15.0,4.983070857233875,0.858590570672274,34.34386487000107,24.97860799650865,12.43133124672493,39.0,15.478547032332656
138.3918452207255,-1.9769221903561798,9.084311372247942,-7.08,4.7043403568204925,0.5400401730088016,22.24815209292486,147.76992039097829,3.1126239497800485,0.8267308013845103,7.557354034316507,0.619500595681131,0.12737507051013122,4.809776858226998,562.9117503254977,0.18405539536267446,10.071456024848827,14.0,4.980983816496179,0.8634639931189776,34.65472826220353,26.79533311519606,11.548494054088136,39.0,16.18110035175421
178.37448723242804,-2.4400874791759346,9.004817708625792,-6.851851851851852,4.616873047804476,0.5595454379149899,22.765742106214308,202.25093312023793,3.6044104330590816,0.8088878393195548,8.435830564407127,0.6751408995124702,0.14587078566382605,4.998157433430735,746.929843657837,0.08266646413112866,9.766676442178271,15.0,4.9822719439131085,0.8747972944204371,34.47459030786963,27.6554880634767,10.22782193651823,39.0,15.80594415086162
139.141114308452,-1.859364360995952,9.033838243584011,-1.96,4.700341937287725,0.535895834629929,22.418115175319958,148.97670486774737,3.2157377660280186,0.8473252977718758,10.057753228231443,0.6312742794644375,0.12915088234645924,4.823143790783493,569.3841595408297,0.22282889303775688,9.72520665374411,15.0,4.979255303186532,0.8581508577911137,34.76174207811133,27.001968576530825,11.37496617949325,39.0,16.046196365441553
120.23023000040416,-1.583042021467028,9.120492114046552,-1.625,4.757584283027793,0.5190267772618453,21.949707403296472,123.23703866597498,2.764708208462284,0.7663044747548492,9.512327528002807,0.5738173917199932,0.11734059527181957,4.566600455648068,558.3635157484736,0.1260672746672562,9.940907057994808,15.0,4.975780831892496,0.8593768793333716,34.61505150928849,25.83448956557305,12.195907768145124,39.0,15.881221474858094
136.67321561596526,-1.8803912286681201,9.058054162059962,-2.56,4.707587671267822,0.5323259556142583,22.317279770452366,142.7856825693692,3.1134013118907724,0.7294260001083537,8.400380943742968,0.6151366953701871,0.129976967870679,4.740288441094507,547.2750477339849,0.031284274167598936,9.872219006336183,12.0,4.9838169138789175,0.8594190365988797,34.456128202074915,26.735252386660324,11.635593284371986,39.0,15.514594114922282
121.23298136867781,-1.4590989926135265,9.084844168598291,-3.2916666666666665,4.762704293620742,0.516594351323275,21.89836837624966,123.16622895414197,2.819124999882241,0.7266927308941339,8.913843010858011,0.5762246579993852,0.11503918321031398,4.462133059277205,548.9940047463986,0.12341799899297268,9.707061330982695,14.0,4.979135417844871,0.8626614440216278,34.53861983675867,26.273278504164516,12.00288205362535,39.0,15.666194053803874
119.77686835677694,-1.7019675373354275,9.105534471491191,-5.416666666666667,4.757900613495974,0.5200526013223715,21.872441082519497,123.05692389216657,2.7473644816657012,0.7471466532150305,7.772369151180494,0.581147447358116,0.11613773781409031,4.529709770761482,547.5764118970511,-0.05742264719589496,9.727667326374592,11.0,4.983150791277591,0.8656027646150322,34.60358373350664,26.02895548459149,12.14716662788279,39.0,15.846730365512837
155.56666362335005,-2.0891661639507855,9.02905345412842,-1.8076923076923077,4.656848705315052,0.5489954648564098,22.508113722018006,171.23255751355265,3.449002953579598,0.7883181976939562,9.727120021122667,0.6573592598388445,0.14351159013696266,4.93412835739272,585.934293924112,0.16261949462609282,9.665821757593472,12.0,4.9812140561810345,0.8715042765008617,34.622128048130804,27.53671097362923,10.439735434031636,39.0,15.897131603199604
177.78261588683034,-2.482214610888696,8.990212428466869,-4.777777777777778,4.616141336806428,0.5565995108348636,22.905689052560806,198.4015824107672,3.5640261343028223,0.8479322720754099,9.105689443799056,0.678041036517724,0.14514972152280703,4.929136506460131,703.0018608000998,0.12731773430755022,9.721170594066779,15.0,4.9819664395686,0.8665851205964875,34.79938130498676,27.686335720157086,10.045293991748496,39.0,16.062500502242894
156.87650209646742,-2.253244295612869,9.00274675907702,-6.1923076923076925,4.65202046700477,0.5454713105393603,22.603157808133,170.43547310491448,3.4274675072735095,0.822298983405092,8.801307729620598,0.6621385568166773,0.14214038598657158,4.905299455223195,584.5701268046795,0.1359075897900921,9.75277341888183,14.0,4.977553717437383,0.8648176907287107,34.63981533709912,27.48829952663514,10.536867154185147,39.0,16.068706847994978
153.48415989866032,-2.1918238528990597,8.999913928756111,-1.8076923076923077,4.653426190098026,0.5482531928600258,22.66418601408158,166.7932088795142,3.441660539475493,0.8257165738652673,9.727120021122667,0.6555013692814302,0.1402588028928639,4.814140157082307,597.7189446756588,-0.02200361269766371,10.048155025740298,14.0,4.988247057244244,0.8734370713069747,34.66026252779463,27.27003810624457,10.917056044846905,39.0,15.804496883506154
120.10418042242641,-1.7294923947424792,9.069179203559232,-2.5833333333333335,4.758763338547703,0.5152447828552321,21.851690422848872,122.66686162544696,2.7101764613820176,0.7278519076807964,8.655040278486416,0.5760848464505794,0.11693075264120702,4.559237486061129,542.2515215835876,-0.10091744476114517,9.734948807069895,12.0,4.977823031007188,0.8585301641859222,34.655981476702195,26.601365370253752,11.723399312565295,39.0,15.950093253757828
136.45393841017966,-1.936133188779395,9.05146292817586,-1.84,4.702215753064507,0.5335964094164454,22.30265834829157,146.27687605516388,3.108715443270951,0.7629497706288341,10.360231657641638,0.6218631787242627,0.1274440503609468,4.8348198678977,559.8037756266712,0.24757890093286827,9.676002054121808,15.0,4.978691447764094,0.8479738035929244,34.583435301096635,27.03022709960404,11.231791444673503,39.0,15.93692896115266
155.0892414219233,-2.241496878356161,9.021455362756434,-5.576923076923077,4.657171343414874,0.546836320019726,22.640016672297723,167.71431112256585,3.395808900570247,0.788560227574827,9.620383316060174,0.6468338440754513,0.14097611233975432,4.888780004051087,567.8864152484244,0.37997401235940176,9.767347790157805,14.0,4.9785263279309895,0.866570368601426,34.72191694017301,27.635254085353377,10.642522011502148,39.0,16.00845279188919
85.00504234336827,-0.738273254554133,9.351584738282902,0.0,4.922714561962019,0.491136478256678,20.894713459399938,33.89233367939156,1.1814908617638509,0.2200375588526328,9.525086494477241,0.20120987364719084,0.062012927839766314,2.7878709616845203,230.748393939852,0.2611835203251782,9.778851890215318,15.0,4.979731675374637,0.7443243215294606,30.324168892420666,23.90094331848118,12.546007562291539,39.0,11.98745735798385
102.15873790941497,-1.2904988560733666,9.21964175634921,-3.260869565217391,4.8335486217075765,0.5072592395328787,21.42597906783171,88.6699896669767,2.2276802957544697,0.6877516785254333,10.09613525414271,0.46161367085127797,0.09477803740260324,3.9294698217414554,482.7227244593381,-0.03604684378461254,9.964075001687842,15.0,4.979589077246094,0.860138278428063,34.729909079411264,25.339712849111635,12.355355483376492,39.0,16.411941834728864
103.69685071214666,-1.3823655726498456,9.213648447918835,-5.391304347826087,4.831210811169826,0.5064035737820519,21.406313322752805,88.37096712482916,2.1718269458753063,0.6376238962878734,8.53503842448131,0.45693534928660096,0.09282497726483116,4.0774337827353575,486.63075729760845,0.0853164206151602,9.747826745128501,12.0,4.97590044153083,0.853049398518996,34.626049166742774,24.597002643741146,12.503058616754403,39.0,16.086370579402804
178.49354911779525,-2.4701039427721656,8.977211395952642,-2.2962962962962963,4.614885781941091,0.5582543084361702,22.785713230072275,201.1423762781746,3.590778265187231,0.8527112134361825,10.455602130542678,0.6739946936975781,0.14607282362224047,5.023233042790209,737.9578128088972,0.1405115229996834,9.784500630645764,15.0,4.982464796788756,0.8654942340079652,34.49620369842215,27.654347755228237,10.105007648564989,39.0,15.666929286863638
85.91655273206659,-0.857100327664206,9.298419943137212,-2.409090909090909,4.922851009341922,0.48839313225075287,20.98758696888883,34.64449485872491,1.1630028594502377,0.25812277454690774,9.232645099709513,0.18272668437798006,0.057197734620605505,2.7960358748784193,233.05717514004118,0.14789318081175618,9.713297784950282,15.0,4.980878334526776,0.7145434470636729,30.56030298231553,23.913684037511082,12.461612315789703,39.0,11.620710779585995
177.69461694787992,-2.4070139261282453,8.972021930258926,0.07407407407407407,4.61170422731709,0.553878973290116,22.861039189832272,199.59166544072968,3.59131753475387,0.753745999944102,10.824957192374264,0.6752307866222534,0.1515468720113163,4.923713789100015,732.3674304803026,0.1974175454389182,9.71522454503423,15.0,4.97757393612253,0.8731729764656476,34.33524509778045,27.64212797791707,10.3784939652006,39.0,15.501749306623875
155.96584827697083,-2.19200126111029,9.030589265788793,-1.3461538461538463,4.655137775765626,0.5490103411292929,22.60579685565493,169.48557297145155,3.4149676983631547,0.7953680198262054,9.895384734978952,0.6508516293549707,0.14300997469164567,4.839970706223525,575.2621029901513,0.036815702230148406,9.965311255637229,15.0,4.976937456127727,0.8642024156024856,34.51051505668297,27.566493176830882,10.528387719640453,39.0,15.385311920177664
121.20300258222137,-1.649057572574728,9.088984303791696,-3.2916666666666665,4.7596800820300915,0.5183751792938177,21.908284433771474,121.921726962384,2.697543780727324,0.7283022227155852,9.40070549952975,0.5699551009927675,0.11346746792904809,4.5772132079175805,537.4384713201298,-0.09631544363624478,9.949718529197481,15.0,4.983227766501275,0.8541162815280136,34.700706403556524,26.235956538351324,12.049866026681283,39.0,16.829366743638843
156.27291177045765,-2.146535097399535,8.995085930454657,0.3076923076923077,4.657907340862324,0.544838577136984,22.505851925128756,172.78085454501348,3.4365382911108595,0.7770979424785264,9.622766397252647,0.6553054073581495,0.14191866219095398,4.956656051630858,612.4079195873186,0.2605076865653764,9.614468443805022,14.0,4.984422302276574,0.8686037902266547,34.5452455595971,27.594804825041315,10.476696479762332,39.0,15.920958148267559
156.5783106354733,-2.336648538091252,9.003410058398886,-2.3461538461538463,4.664048575557383,0.5433254248747172,22.523989286775848,171.8038319788845,3.3205283515063035,0.8250999639310144,10.816448683841548,0.6449287579466952,0.14171748635886539,4.888623813382082,601.5710855477686,-0.16384817860907797,9.876911286490234,15.0,4.979833225419117,0.8765501424163538,34.44409366392301,27.524131379621537,10.570616849797693,39.0,16.26644419397386
121.7897180481757,-1.6465937567574003,9.174518523577982,-0.08333333333333333,4.757229257195699,0.525693715110232,22.037485964301464,125.83232691199981,2.7487523783645886,0.7691051809749893,11.131474395704382,0.5715856186816035,0.11051246408637364,4.489011460371281,552.8106910940977,-0.13770069891838865,9.760376071524549,15.0,4.977495241401549,0.8556349479726092,34.741158233083155,26.30829018445158,11.987220537306824,39.0,16.08882164465391
156.6992530026057,-2.2572870093381616,9.01183826661914,-2.8846153846153846,4.661565975737288,0.5441164025991665,22.627523557804995,169.49981033245533,3.3545586950472286,0.8070112621755275,10.005102248648793,0.6447210173749536,0.14026567910482962,4.821909957771975,618.0823845256932,0.09119133336453555,9.702761051184229,14.0,4.978540995336841,0.8649154216122031,34.6530398108424,27.28733117304108,10.920377421915575,39.0,15.528910329975758
120.25354210165385,-1.5792537704459964,9.062123026113822,-2.6666666666666665,4.761440693199712,0.5145706774618215,21.921849835796095,122.642401939586,2.7253340632587832,0.6932801685736977,7.733405172080121,0.5625650908443214,0.11564048674908418,4.565401488190971,547.4590388142179,-0.042170240839558115,9.989375549870749,14.0,4.979203500286823,0.8572855992279863,34.54491367022689,26.333778525949395,11.894989403528397,39.0,15.562171889230346
121.61322510697522,-1.5251029549769808,9.157938214450494,-0.3333333333333333,4.7534388769443385,0.525712152712112,21.829903484190627,125.53467719525887,2.8428931964856425,0.7706867365009102,10.208928554075703,0.5799838044434101,0.11348520428787288,4.604493053380705,542.5575287687556,0.20884970994181884,9.803471332379548,15.0,4.978023338609331,0.8536658902780377,34.61685976890928,26.29349453575624,11.969883101315324,39.0,15.825743989241719
103.12395348766732,-1.241341714252309,9.188179961242946,-2.1739130434782608,4.833265647068031,0.5034903565830892,21.486495471732248,89.70244308013956,2.228899939226769,0.652178473016867,9.818581204125358,0.4525773660458892,0.09354576373326323,4.0131703057797585,492.37432944294244,0.12045581103938585,9.798702785592676,14.0,4.9762981356651625,0.8502884846637493,34.66642641403767,25.739054238586434,12.301148235361033,39.0,16.006580345342954
173.54874210446746,-2.3210366776740723,8.935591012352445,-1.962962962962963,4.612718151794957,0.5540283649909685,22.763907725071572,193.40047682581624,3.69887158202272,0.8400957859690132,9.723897562883058,0.6750244532962816,0.14916521750570752,4.950695230844121,697.8908793535844,0.20994795528098753,9.828032810909127,15.0,4.978677585256543,0.8721262673384986,34.414613939607136,27.67565218340191,10.037512091772843,39.0,15.846159799532018
155.01528432597362,-2.1841092308832546,8.977818685947792,-3.1538461538461537,4.651520162892989,0.5448784373987632,22.56955338252209,166.86143809843855,3.472090799172053,0.8389432099119064,8.899837110403537,0.6637449760115642,0.14524360187658855,4.862330190273146,581.9211987708303,0.07209806340168412,9.832844026538748,12.0,4.978672219533463,0.8699626788038703,34.601697727983066,27.354883138760997,10.934189382757996,39.0,15.471856600748382
120.74204438570621,-1.5876184482328803,9.110423578195327,-2.7916666666666665,4.751761762180553,0.520356668195158,21.886577323535306,124.07910285337464,2.8115099992355908,0.7959784166891654,9.499908625291555,0.5868431841585497,0.11631155622061459,4.562718389764798,543.3671861606961,0.16298677275267925,9.840688839667752,14.0,4.983155894129752,0.8666395367317404,34.662816147258596,26.65541999720523,11.755618554543537,39.0,16.126215205592928
137.53124760435904,-1.7710316373900326,9.005387909316216,-2.6,4.704082742870492,0.530551617858258,22.37925915058239,146.9532324205245,3.1886392958994176,0.740968450489188,9.033271832508973,0.6248853669560326,0.13143732248954912,4.756161117125182,557.1022949389043,0.5448765116244114,9.737048375090888,13.0,4.979940184950291,0.8621169974344023,34.75130167305795,26.868007285744373,11.45640460756867,39.0,16.045536029161838
119.7179170557256,-1.651529743709192,9.121671145980656,-5.125,4.756082519343236,0.521324569764968,21.976854941428396,123.25524386309299,2.7085857972547673,0.7447933942610799,8.661757423679486,0.5756619221956535,0.11456260032135891,4.540729758544952,556.9579436462532,0.11942686918939094,9.74233215144867,15.0,4.980391663070052,0.859817337871125,34.722107810804324,26.56129238016893,11.77762465085299,39.0,16.314862191794575
155.91462337986763,-2.231273013776997,9.019699898910549,-5.076923076923077,4.668713836365078,0.5448637033963366,22.707381651098846,172.67556176890562,3.3177769763037848,0.7701976466378031,8.939639800535232,0.6312837649800981,0.13906398209065507,4.693645120320363,597.7062147376237,0.17717872469612184,9.928518755974054,13.0,4.978123510513601,0.8537198855437321,34.36629794645906,27.70389692596104,10.386376454563143,39.0,15.564261449002306
102.0936971490262,-1.2546391301944428,9.27401474028901,-0.30434782608695654,4.833058165102779,0.5139253548662185,21.378349273846997,82.930306907822,2.234984734431127,0.633358368935016,9.452097915777841,0.4583182134901947,0.09032659508809625,3.915420740099537,463.82112983300567,0.2577935043906323,9.86135416678049,14.0,4.97902259870459,0.855671780243321,34.60284014154483,24.841683141968698,12.51973825034824,39.0,16.430628929609234
155.61755104260874,-2.2317830776336107,9.071106915261398,-3.076923076923077,4.656693344195222,0.5528597122125205,22.569409182670963,168.01068542917415,3.3722120017364774,0.8342321842459549,9.314682689682321,0.6567777185007525,0.13852347271505486,4.865311979754691,593.1677938102123,-0.13582206282394527,9.824861401413484,14.0,4.981285223862573,0.8658124661762409,34.78938569238191,27.442374440336046,10.866403612807916,39.0,15.9772031544965
120.46491800360764,-1.4710646832728382,9.124244414204297,-1.5416666666666667,4.762261936387617,0.5158580441831077,22.09079881368295,122.30887396310145,2.7906492318461353,0.7482086688926347,9.51743648375035,0.5590785044963452,0.11335896724885891,4.582701594399406,541.7914906280017,0.1153076860432809,9.887292306370885,15.0,4.977982894660684,0.8578491087070541,34.62139005362655,26.713396613190753,11.63179703116063,39.0,16.599108221642737
138.2076225500249,-1.8246660990561105,9.04091158146392,-1.0,4.703997490108445,0.5325205582897918,22.279857367002208,149.53382943044798,3.1509224019882485,0.783648596105181,10.146920715172657,0.6184778923735523,0.12954056292811372,4.734900009176275,556.3822446302302,0.6992378005218547,9.64064478450368,13.0,4.9746162498329785,0.8562044807924282,34.41276731188655,26.861332468926555,11.523378827856599,39.0,15.620008622342162
100.78034506566841,-1.2422244415703412,9.216579746900656,-3.652173913043478,4.83554024929355,0.5062781684056895,21.533013672020196,82.61519413559932,2.1926438780189703,0.6685969527411881,9.60348078043524,0.4462940317712349,0.09456132189133867,3.9289195874388594,449.9612783201447,0.3116721259566688,9.975123985900671,14.0,4.984978396340038,0.843440298447953,34.39156843244187,25.755562038110654,12.208243020471452,39.0,15.202456604648987
138.94911588318985,-1.956953594581979,9.037082696001415,-4.04,4.707744274594015,0.5334303801020673,22.10482946814937,149.35880448986705,3.0482175985858784,0.7408376763512602,8.042288231591803,0.6186926305704955,0.12788689578609697,4.786963502536023,565.05692917431,-0.15623212051292257,9.756975224252134,11.0,4.980935162052719,0.8564184531928862,34.566165442249726,26.943222405141043,11.246564453316019,39.0,16.741157166256443
178.6198973298496,-2.5361120566088142,8.987116575628605,-6.296296296296297,4.614766903205221,0.5563030459704006,22.866180454577574,202.67874306342887,3.5347862059256365,0.8625659771947072,9.391938287760272,0.6801342564258908,0.1473167103353111,4.914668577510329,727.716428243286,-0.24734292921888745,9.959918341956199,15.0,4.982609582358628,0.8627389876678563,34.657819499032385,27.733268009576573,9.967484354326272,39.0,16.232386859611005
158.04376498427914,-2.1811117181576645,9.046600325146645,-2.1538461538461537,4.6604299697786535,0.5511426075112369,22.68813043576009,174.02443136642654,3.4146435785266513,0.8018224632844237,10.124958908529372,0.6520954351298169,0.1389276324871618,4.784375060249414,590.093480701149,-0.12509763409090024,9.742566559747686,15.0,4.978912581427232,0.8706163844801013,34.61989903168765,27.720735311546274,10.311928332917777,39.0,15.881807640234292
155.27441590251803,-2.2160317345317786,8.977068734103423,-3.5384615384615383,4.666958717752667,0.5414841162262461,22.509462416535143,169.69109102076504,3.3416230221430645,0.7704143989953258,9.810633043288245,0.6386928434374705,0.14212055427108414,4.808704797745628,591.9680769492085,0.10377307820683868,9.79987340641197,15.0,4.982100551159448,0.8638673850235752,34.29265083570509,27.500760246613524,10.578860595282778,39.0,15.57654885380726
103.00470631125721,-1.4103919079473737,9.219202177488128,-3.8260869565217392,4.829752341549255,0.5108496407161367,21.490837576951883,87.588888522766,2.2351148933274643,0.647577292153046,10.024544547446677,0.4567065482516306,0.09515490372634294,4.016498968730617,481.0863746320893,0.11119991939116203,9.87266160309346,14.0,4.979011130952085,0.8631328889338928,34.61074365188688,25.788677272682722,12.248423030714347,39.0,15.770042343228369
101.57748335720079,-1.2058725015870386,9.20181870651763,-2.0,4.8343971597404805,0.50686343218633,21.475628346013533,86.34343015616045,2.236743122750732,0.6335024529870562,10.103809010553354,0.45564141733740193,0.09210683888389902,3.972817791229009,474.3157734556796,-0.03679953037664574,9.783680172454654,15.0,4.981460794920424,0.8610398341209317,34.59751766525677,25.39498136813875,12.354805141547384,39.0,15.754898473035986
101.8258818489212,-1.1825619626856163,9.217182412491928,-4.260869565217392,4.82936719854277,0.5078673681104007,21.377118977113497,86.87914225571518,2.3190029001751986,0.6838786519030904,10.233013034565891,0.4731886006967387,0.0964955491849848,4.033712057288314,475.796965441089,-0.02329827977197385,9.899807315168818,15.0,4.978841971540302,0.8656701344233984,34.803316766113966,24.67789264690323,12.51236484529731,39.0,16.557003214520492
101.8515227157382,-1.2174363825629735,9.245185257632336,-1.2173913043478262,4.837588074162801,0.5099642673376505,21.63347032659342,85.92836846733239,2.176352623531134,0.6130770380107042,8.515747671936875,0.44661948451069944,0.09213425267190542,3.9018176722697295,469.8017244129045,0.06668726753489995,9.863586274534368,14.0,4.97882176238141,0.8526445450284933,34.49852325603566,24.287524409911235,12.465281950627894,39.0,15.643837570037796
120.79583385131389,-1.7102772096327612,9.044820525103388,-5.375,4.749806066013411,0.5156223205257808,21.872573456021176,123.67644310586795,2.786614014196531,0.7649145720054825,7.570845945687532,0.591577543956733,0.11969224465448734,4.643901366565745,552.8783730728452,-0.01519423316729851,9.813898790266137,11.0,4.980558723398702,0.8644780994814696,34.548268132834295,26.21483869491707,12.035988409443307,39.0,16.175182013695032
176.48576681639332,-2.438156151115799,9.011252991650359,-5.7407407407407405,4.616253277172238,0.5576194652766973,22.77522240752876,196.964017790606,3.5907006032702173,0.8461854966531095,9.251997152137209,0.6727564936745897,0.14677615276216152,4.990846248444047,706.7995028662783,0.007456157480406844,10.01547811941453,13.0,4.983047654799908,0.8672376518049544,34.54738855025774,27.73807819944637,10.026550108759839,39.0,16.134373547570696
177.36475132371163,-2.5289824936945626,8.968841577874288,-5.296296296296297,4.615846204513,0.5559983821015817,22.76030628474251,201.2825003738668,3.5529649341400735,0.8334065009969993,8.780512154196149,0.6792733200059232,0.14580869807612992,4.989058816455438,726.3954791692006,-0.08697167464053779,9.705145432473689,13.0,4.980744574345016,0.8644767483269076,34.52198419841666,27.696890527443063,10.217202691598825,39.0,15.661820776421024
84.41393082884161,-0.7389636508001555,9.358866524762512,-1.4090909090909092,4.925701149485784,0.49856257309621343,20.77816464178282,37.03588364491439,1.1764268617111278,0.2091627280248075,10.214335251405211,0.1852404592915407,0.05263676339766982,2.8871487867177947,239.3277190246705,0.5733670079720354,9.701705732496666,14.0,4.983489265257525,0.7055762500498136,30.50437921276763,23.61682914643543,12.510552382853312,39.0,12.323808853848327
137.63740713299384,-1.8013682259950679,9.077221168251464,-2.08,4.7051707011488295,0.5360237183958093,22.293261690835216,147.20786797747056,3.170451744732904,0.8044150945687993,8.202048524606521,0.6243832554316099,0.1283724211579983,4.808624521842468,581.0164237123781,0.2923524878604947,9.863479137216116,8.0,4.981296217790417,0.8576692511055206,34.59257988129115,27.149655358122565,11.228582867833643,39.0,16.15158878300939
121.45994899324528,-1.5290366615755946,9.098740517836285,-6.958333333333333,4.75795646339705,0.5168686892409696,21.995920651299183,126.81481915636806,2.768026864551178,0.7137614173359288,6.7729804287986015,0.5648262123536731,0.1174638447407774,4.481887223928123,559.1686676391881,0.16999992148964027,9.81686178308352,7.0,4.9798597545381345,0.8689035760270323,34.38512762563203,26.230622101949404,12.000818694790638,39.0,15.53745132497793
178.81594708519592,-2.4522770502153977,8.992866159073051,-4.333333333333333,4.6147199957772065,0.5589397929662545,22.885049607678454,200.49199678849962,3.582651617002758,0.8469138059273302,9.165151389911681,0.675045760625332,0.14605798261704458,4.93354243495663,732.2502397036387,0.03238983823660391,9.697907991747748,11.0,4.978296724684117,0.8687069010019575,34.547811051411614,27.68403405554423,10.271770184118493,39.0,15.802382861138813
121.04639609102804,-1.5977941573669547,9.097215013859564,-6.041666666666667,4.7578227981041605,0.5191098287602491,21.955954091604223,121.61636597239661,2.7803693177399462,0.7390876833733524,9.043778555203327,0.5725558460737419,0.11392942992945426,4.559174116630295,549.8690772640543,0.14645973850734118,9.747866027658045,13.0,4.975330382628703,0.8636886249886524,34.664242631771806,26.42132758678164,11.876983311277977,39.0,15.782250813832459
84.40855222249586,-0.9063534824171436,9.287539749503143,-4.2727272727272725,4.922664318780803,0.48835640189739526,20.74629196910936,34.06692896058753,1.1707395393318745,0.24958973447343633,8.86351981275353,0.19010411956669288,0.05980756922005874,2.8863052142697776,225.45417630223102,-0.01659741220600286,9.914935885302974,12.0,4.977455224615163,0.7299548683060612,30.496237307930336,23.722239704452214,12.512271895694575,39.0,11.688564589839466
178.56582541446093,-2.4934682776602624,8.975844358784487,-3.074074074074074,4.618680191874586,0.5566889919992769,22.82590453931591,202.78778418094964,3.561937714578997,0.8506554374439499,9.038706585305983,0.6681199836576975,0.14734993306858551,4.997362613262028,730.3213557999618,0.005829110910739788,9.87548711546464,13.0,4.980510928345104,0.8718700594906126,34.446702827612015,27.75927753560673,10.081417072664479,39.0,15.535192762806233
175.7310113381373,-2.502415653160469,9.00798855511745,-6.407407407407407,4.617782363115989,0.5624122381092592,22.89201431286658,198.06249467646097,3.5873557747458076,0.8698401472807819,8.735874351538664,0.6774299956776781,0.14207259719015738,4.858123249407362,734.9167308929773,0.018880266688212965,9.810138665107912,12.0,4.978605664374361,0.8578552533189666,34.788763550850334,27.773668403670772,10.132337395340981,39.0,15.806904018801546
102.52265176657129,-1.243494978246648,9.182802493614139,-0.9565217391304348,4.831231267729268,0.5035574753315045,21.434054248582523,85.80517565218005,2.2468359370156614,0.6211751292301441,9.755614931120949,0.4588105835153272,0.09630097550194232,3.9915126256979274,474.08215362713673,0.05969756977357521,9.660516688463009,15.0,4.979506624268842,0.8548792509109685,34.577620908503754,25.185942642711623,12.411997792038143,39.0,16.0841421107192
122.14214049055676,-1.7815286684693639,9.133638153900371,-3.9166666666666665,4.75653030424182,0.5254098920643154,21.915287889716186,126.03446979555684,2.717838714470678,0.7487265736745933,9.255253763253721,0.5713455778614267,0.11315717292498939,4.513406828434605,570.9488447722257,-0.3500931279047812,9.844455492965748,12.0,4.977240829377253,0.8572348909726847,34.394609730675754,26.123949724684437,12.092141254043357,39.0,15.81007119572871
156.04910769478963,-2.1846446739955403,9.029731620773385,-3.3076923076923075,4.659088266840478,0.5484722476284799,22.56482818292644,171.79044955873655,3.4029315465053327,0.8022105431850681,9.359360722618543,0.6477006732179587,0.13916251486324516,4.947095557037829,601.6982606028573,0.3685470569849747,9.866641053200981,15.0,4.9785969233167355,0.8710319515417587,34.59193621428546,27.44108702613265,10.807372570138448,39.0,16.12421337186191
157.61231484457556,-2.2387504065414445,9.045865800906324,-2.5,4.650786775492954,0.55045110925442,22.651643843997963,173.57978276056596,3.405850876154458,0.8237351759949614,10.296564027345761,0.6568357915371619,0.14286831512557432,4.870543719362498,606.4630848283125,0.1290275123250948,9.904296940712321,15.0,4.975404418707536,0.871977797139134,34.48953606406614,27.45237283465736,10.81972751517444,39.0,15.507225410969557
101.87594371418281,-1.2432508020264141,9.207401171529945,-0.30434782608695654,4.828483758141786,0.5070092630838005,21.470064342824873,85.8990043509012,2.2806468517749985,0.6390686653615522,10.59710699901545,0.4652031180021231,0.09613849820740106,3.94712877065327,473.3251341758557,0.14296226018052494,9.712217022374602,15.0,4.9773183917570565,0.8602814678518288,34.47346540567147,25.920425577487407,12.203976234940278,39.0,16.03051398445537
154.7182052734289,-2.258913480260634,9.092651079945673,-6.730769230769231,4.659027826505504,0.55409318805203,22.584132692283667,166.52303378914442,3.347347950125671,0.8246178568696895,10.1623653073019,0.6472340126270937,0.13788701527654557,4.842260663083244,581.576470231133,-0.10861565313779487,9.890035218686302,15.0,4.982178545855986,0.8644484494619534,34.42072149878099,27.344194928193566,10.928947898158675,39.0,16.223195230946832
121.97138644101305,-1.7120021901206102,9.147025965299209,-4.708333333333333,4.754379223951741,0.5231567384959376,22.045758463337197,124.92714315172141,2.738509263467376,0.7547539246092656,9.320582808434722,0.5782606811226698,0.11516465980729063,4.517868359971957,571.6876654418538,0.1577388422574797,9.999285837063887,14.0,4.98261829191556,0.8662023454005826,34.597125261892145,26.621910595872066,11.772732454946459,39.0,16.017147473718538
175.17206982152868,-2.4670461805581305,8.94460897226446,-4.444444444444445,4.61272524999323,0.552890906318868,22.85967830968281,193.93612040806872,3.6151923403800574,0.8415699736327372,9.897000418508158,0.6778318276282755,0.1488148147058482,4.955507512367597,692.011786257799,0.30763017105004264,9.852665351016762,14.0,4.975714847574902,0.8667822764952554,34.782222521590015,27.638535199066936,10.113553096485058,39.0,15.976270975455531
176.5282360592863,-2.361233939148791,8.964665167461431,-0.1111111111111111,4.6218858349451075,0.555844951709796,22.921252605704122,197.55442174806961,3.6471848326744736,0.8014587243354387,10.605146665768896,0.6669525001350982,0.14526267818716743,4.898490136199282,721.6144878993309,0.18401826689131606,9.781253747393812,15.0,4.984237466256404,0.8656841778601151,34.533072720643894,27.80968797456252,10.042366896537112,39.0,15.93483576131299
155.0005165353934,-2.1878033712480365,9.046893860154215,-6.3076923076923075,4.661078054783427,0.5489871882401733,22.542051589597637,166.48476046048054,3.397090598068724,0.7978268169619348,9.379885314901781,0.651759862815874,0.1401987065178098,4.790077029191884,582.7568734848875,0.1812168555104796,9.699081930102324,15.0,4.980733356605226,0.8670623523892296,34.471023140088896,27.570238421367506,10.6145013773456,39.0,15.62468653075706
139.85567741595773,-1.9364943173169729,9.024257991321363,-5.36,4.7002362533717,0.5315229647705065,22.330404908109653,152.41159029372056,3.1367677942375485,0.790739172716413,8.527039345517293,0.6287278941893033,0.1326257954524698,4.790309574265503,593.5811835217785,0.1740361432588945,9.916869825816526,13.0,4.979195197974567,0.8622249189690031,34.32932204252144,27.027678685593575,11.345310962637788,39.0,15.371934849851282
101.91754155696125,-1.2310373736616333,9.20142824674991,-4.043478260869565,4.830682193001906,0.5049480934309921,21.59120745815553,84.17400320496161,2.292461019026986,0.6978744845210568,8.81933774931451,0.4652991443589104,0.0962645616325697,3.989214421504105,466.7796794830291,0.42579004347208715,9.962656429507883,12.0,4.979895580351309,0.8638714867322074,34.800887593376906,25.89883516237709,12.191044339874512,39.0,15.916723499716007
177.3739324297702,-2.4720038460772646,8.943312540059246,-2.925925925925926,4.615594907508528,0.55214965658317,22.87330767782743,200.71960520094348,3.594542858414095,0.8521383373749002,8.956379584060308,0.6788231917946213,0.14860154647164492,4.976210639126673,731.9832926925369,-0.19901284280004528,9.80685547904292,14.0,4.98439444338157,0.8706494505996746,34.436938949919266,27.685128994407606,10.130661921108782,39.0,15.81432027377059
137.60925211624402,-1.8964669777569074,9.029884015075098,-4.0,4.704387380868493,0.5350043818472059,22.209616300155744,147.08343259776578,3.146121888046679,0.8004563169739833,9.204346799203082,0.6227183666074988,0.12804256637805717,4.878818082648863,557.3329964268872,0.2104519107665157,9.935773516117933,12.0,4.981587548313788,0.8558141605129731,34.44469057036546,26.988761990159308,11.334541380804968,39.0,16.130399181627475
137.481556211943,-1.9185719225878524,9.101293170887457,-3.52,4.7027836835518215,0.5390153094282714,22.376950146498178,148.4601189602531,3.1156183818461267,0.7800795644499355,8.49997647055567,0.6274828543976635,0.12673738836004744,4.78418940102429,566.0550652167026,-0.01771858042343477,9.658231975136982,12.0,4.982472358406961,0.8594348757614702,34.75027740689324,27.042860988861293,11.247763828100974,39.0,16.09453564653643
120.86305395699814,-1.570663518443468,9.127535166212642,-4.083333333333333,4.753637639545921,0.5272870493277575,21.850454928786586,124.66400351365594,2.814866251814485,0.8097775614683722,9.37157344787357,0.5854762263179538,0.10991916560350509,4.590938375209588,561.0724094301067,0.08642669349278143,9.655916759100284,13.0,4.977552899736301,0.8687039650697718,34.8110361626612,26.375042248322487,11.91971787761131,39.0,16.007624110055584
102.3403122862268,-1.2037918540702166,9.23279072541334,-4.608695652173913,4.832047640966776,0.5113278222863364,21.38854149213043,88.18011599862528,2.303308632601506,0.658183615684301,9.421248557682432,0.46738874075059067,0.09212679730939051,3.8338039851744283,482.0983569435818,0.13206642823324344,9.734727271896945,14.0,4.979833168146598,0.8544293143907435,34.55362911222363,25.58473161178344,12.318490390755649,39.0,15.65531961517334
102.9251992682943,-1.2306389683820733,9.217769504237104,-4.913043478260869,4.82636160586114,0.5072381510942734,21.328091527735108,87.77296232978334,2.263518996772041,0.6590254357346671,8.909755491098123,0.4628684736690039,0.09837361249247448,4.094295112360024,485.10081724545876,0.05868405066628668,9.877676837746922,15.0,4.978360906865461,0.8578612511242654,34.55530278492333,25.077970176414144,12.455877557246716,39.0,15.842757692251666
139.3697258580857,-1.9034275944793813,9.02947225835924,-2.0,4.701537505291821,0.5285524771101716,22.33790893044181,148.98928691209258,3.1386324282367783,0.800556684249454,8.480566018845677,0.6281508477601044,0.13119112520022627,4.756548485099259,570.6801664825629,-0.15743606497368878,9.888469111082301,12.0,4.982043137656918,0.8621598115611707,34.77737314590955,26.92672505029228,11.356438884561104,39.0,15.920759854789885
120.32670559354294,-1.5211545915179914,9.14306108620763,-1.4166666666666667,4.7556598497412415,0.5250254293032909,21.920629227335024,123.43544728127448,2.8044266346452127,0.7264454436442078,8.999614189261424,0.5772006958759774,0.11577563992906383,4.5592520851721,543.5730578935045,0.10060929651049566,9.816016043055624,14.0,4.978365697406762,0.8634625290346826,34.43610873526919,25.96447346292615,12.184956495751857,39.0,15.872499816320548
154.9554967611592,-2.240653346248016,9.029300076494867,-3.1923076923076925,4.663782351074453,0.543641382675457,22.567699128685845,167.74221324642227,3.3610505696707023,0.8567105367643869,8.875286477583222,0.6461579839832993,0.14191443074533563,4.879443894338694,588.2707061208928,-0.11324040878039265,9.947608477532361,15.0,4.9824529836258495,0.8616194272823191,34.73310908468382,27.21966889011214,11.026568079225703,39.0,16.297024589538307
177.09010761638385,-2.3485221333434336,9.000609649850686,0.0,4.615236402558518,0.5580905741376259,22.938296470015217,200.09169396758767,3.6361184445246844,0.8361217258739253,10.927369647239331,0.6744848565380407,0.1465715510195842,4.90066516606089,728.9143764862813,0.6089495480692917,9.775870873913075,15.0,4.982790322625537,0.8733744285480847,34.550161656136794,27.760205728240777,10.098809512350744,39.0,16.11289822044335
137.64453318920042,-1.925118717828724,9.04128482538691,-5.64,4.704218009776562,0.5327692243291272,22.16545979630777,144.65908801657574,3.095285887457763,0.750350627765385,8.327688754990787,0.6175334875944203,0.12981346292138968,4.790126938912925,550.9837141405152,0.1937590959485418,10.065616438676184,14.0,4.983751968471939,0.8548948969101369,34.47521406981056,26.810974007583543,11.529950579376253,39.0,15.911191928072498
154.91337168578258,-2.191924367498643,9.031542509431327,-1.8076923076923077,4.653070052334231,0.550355657031215,22.571309360548504,168.19492693654527,3.4483013008243923,0.8621534131825256,9.884016743320931,0.6562340880505078,0.13866394323315445,4.898046230181769,581.0153970062668,0.04455461970043051,9.883560893132982,15.0,4.976283110310111,0.8565557959894334,34.77920748992475,27.285046222097225,11.039652123553022,39.0,16.44108969911188
121.11162822537047,-1.675925149269564,9.104167381695978,-4.083333333333333,4.76040330213117,0.5219965614099783,22.122062846925164,121.84687912502413,2.7576687538520215,0.7894901740813447,8.61644100284773,0.5762588486035229,0.11714151051415417,4.568691295185392,538.3105961851666,-0.1860967133850655,9.786612884091117,13.0,4.979279295377803,0.8683723287442555,34.5759438053622,25.93702804953447,12.134843912685996,39.0,15.841168243213971
155.02242530707926,-2.1599092728272473,8.949033115956224,-3.6153846153846154,4.6558644613209,0.541354456396212,22.754342795979824,168.6893688924848,3.462365351038835,0.8457667441049075,9.988751069527867,0.6600948057651783,0.1432047024353991,4.814963022971375,581.3315071950562,0.0592677590587074,9.906692005946876,14.0,4.9785098270517585,0.8644069251881524,34.60113475919923,27.546779058082365,10.584074730515276,39.0,15.62124705115523
156.9655188770501,-2.1971114648228376,9.021101797476357,-2.730769230769231,4.655090425595874,0.5489924098600185,22.672872342283767,171.42365846132884,3.454975033424455,0.8898906274313252,9.693604919294005,0.6571098579079101,0.14149124221178297,4.77291174230053,609.4032841156371,0.17570764867880184,10.095932353588163,14.0,4.9794034985068425,0.861564973718465,34.65846148936623,27.52930845501918,10.674654196656006,39.0,15.633098632759552
100.80879108960042,-1.2847597476945636,9.248672812475208,0.043478260869565216,4.830209869171519,0.514586272286648,21.539810979931076,83.36817311595766,2.2632706821181166,0.6765690732560276,10.110168195691879,0.465856454978051,0.09372648607573865,3.8903432959905015,458.9384433708765,-0.030483548226194923,9.881470268185534,15.0,4.981264429312343,0.8635280206861311,34.371808398762425,24.64752974038933,12.458845708219455,39.0,15.789790918789567
137.5142041819666,-1.9802931327684261,9.026522228276875,-4.72,4.702655452010042,0.5321297521497784,22.321909095751565,147.08538934767608,3.1160767903313347,0.8027610380412759,8.733933821594942,0.6312831093739961,0.1309215159304479,4.737061523220018,557.0483841636042,-0.05888879223155463,9.585799726034507,14.0,4.981262648191603,0.8655402350967661,34.79293101636844,26.989943273124027,11.42875970548419,39.0,15.86353711923666
102.65544384718623,-1.2426617107464324,9.218400919257693,-2.0434782608695654,4.831142938873605,0.5046223332742638,21.47265301898312,86.295937628032,2.263375453972314,0.6571401126422411,9.620983683186253,0.4657646186939403,0.09274534517680835,4.001932321124378,476.24986643097793,0.22449795513328685,9.710197822297737,13.0,4.982061814880805,0.8585693869049978,34.61464319021386,24.668512514189928,12.464975834332131,39.0,15.663145627584612
121.51331018385521,-1.4873945849838996,9.09946305697619,-0.125,4.764513879645182,0.5154584947445945,21.94021940488921,123.31670765985426,2.7704993612896947,0.7264854396765106,9.470623439527797,0.5524771505561642,0.11229603337752295,4.535746549004057,538.3871115326583,0.3231113255279531,9.922708457539303,15.0,4.977655343420711,0.8491208749473251,34.56525608262514,26.149846123081574,12.152020162483362,39.0,15.679084760322567
138.67738955067406,-1.8320185695735731,9.070850128657126,-1.16,4.700537716138826,0.5330783546368371,22.13222952685668,149.29067478366917,3.1571770571148154,0.7708543985708339,9.548528682472499,0.6243858406758698,0.12893367247002352,4.844301785016757,555.9306558236693,0.1812265993388773,9.76329006039013,14.0,4.977535406286405,0.85852793114308,34.800672858511945,26.966354618817558,11.48874391566027,39.0,16.11897217862935
121.98560953776229,-1.5320467612005662,9.162216596446902,-2.2916666666666665,4.75735522457969,0.5239953939528675,21.811240227830194,123.70741781353057,2.7489053537399886,0.7511696060206197,9.405136746598755,0.5738415772552813,0.11359620095033417,4.536764678002014,547.910628437295,0.19266042878415712,9.89729827593597,15.0,4.978056950111762,0.8614596116806265,34.69293728288371,26.197913577264664,12.09696800178811,39.0,16.046733620496365
84.91536947521924,-0.8781796824736182,9.333927530377627,-2.1363636363636362,4.917646313413386,0.49188906021412043,20.98627513104538,35.56093882412066,1.1725682265636563,0.23603496985566114,10.575681600838504,0.20073731044607276,0.05845828733941992,2.9117091146674174,235.50162066806087,0.19648952942705988,9.822379594345206,15.0,4.975500312810405,0.7302775103731017,30.893530843623935,23.885061545950666,12.492920983476814,39.0,11.967751926645942
178.3041171594953,-2.601951105769123,8.934350811044633,-4.444444444444445,4.615528541499872,0.5534847564536114,22.985315505625213,201.1501265394723,3.5702580431227564,0.8360207194169004,8.407815294396716,0.6750481561886698,0.14882990651151984,4.954188039536756,730.474504727902,0.13919494802811716,9.907433514512045,12.0,4.9803470759782975,0.8565233855914935,34.676617241107,27.834771149343677,10.117185664254121,39.0,15.89715728810068
120.09503065829664,-1.5441486152304087,9.175104201967928,-1.25,4.753313174805512,0.5300996757552227,21.97880627283151,121.77695111807448,2.8330381476111666,0.8183742477466944,10.670246795021503,0.5855299566084424,0.11285909625118265,4.657948060730164,540.6001681753824,0.2461642029148814,9.99775426060789,15.0,4.983547021429349,0.8579506383712596,34.74190536655458,26.217313473199166,11.973712219183637,39.0,16.183162435534946
154.7277804061875,-2.1098120015836153,8.989650267995495,-3.1923076923076925,4.660308175029629,0.541779049267252,22.511045933782025,167.11842356662433,3.4657467491545386,0.7938221700008681,8.480834641296678,0.6553333063025637,0.1438515770784204,4.891513317802291,570.9886618146836,0.02116927371863253,9.915331712597407,15.0,4.982402945598299,0.8608042029465012,34.463971031851614,27.64388591125014,10.396380144465729,39.0,16.614768157998583
121.71158646932076,-1.7111392503800982,9.069278817625277,-2.5833333333333335,4.758332701187274,0.5198280890396426,22.07659733080907,125.41262292444245,2.7471024155301,0.719429294959054,8.430681401220715,0.5806389660844267,0.11542272693545923,4.460858530654614,550.5098300426406,0.02663572031100836,9.975422077059083,14.0,4.986376738961674,0.8613020254134583,34.62643452806212,26.306224663834836,11.967048369150076,39.0,16.280583781563088
102.85112268235768,-1.3512882166656126,9.166220133086096,-3.260869565217391,4.827691033768104,0.5031694518030505,21.58477084919469,85.52191959127676,2.2125579328320413,0.6292242238352419,9.758908488966902,0.4650274968165723,0.09612013118369318,3.8255410708723323,471.1678011982308,0.10067279923863648,9.878982950996498,14.0,4.97844974681077,0.8663827838666855,34.48356290337381,24.95897713720961,12.46848529753753,39.0,15.678196584259211
155.94742409523377,-2.2129125527762024,8.968162790835816,-0.8461538461538461,4.651739267030633,0.5464172470859092,22.664225850695882,170.4205397004874,3.4482735867144,0.8597223439794486,9.800676223499574,0.6589559916228215,0.1438899553700948,4.857699990596865,585.0420054772512,-0.13117868019530476,9.88950842949128,15.0,4.978210044542829,0.8641840407388339,34.66292254631848,27.474216773650102,10.766636763524177,39.0,15.983967992921862
84.60384513159221,-1.0489573841343278,9.322584374121863,-6.818181818181818,4.919067318295928,0.49405937644907905,20.770537627361257,32.654406899682556,1.075804738315418,0.272274357014443,7.208810036945095,0.2022270284231612,0.06069230267334532,2.917110194182149,221.43386635601306,-0.48769222069036444,9.920485262320112,14.0,4.982656727298231,0.7290450450208379,30.832763512339397,23.545928492005018,12.467395369859926,39.0,12.477528743710536
86.00452832209868,-0.8653974987185705,9.320121512918709,-1.9545454545454546,4.9209043808835595,0.4888833630581498,20.895400936044673,35.47936663693459,1.1331058175910815,0.21908559788949297,9.42181835725062,0.19968956870320104,0.05787616615136123,2.9459370035966153,234.46670519561638,0.12399455671400728,9.630264924541892,15.0,4.979050539537882,0.7300423796312876,31.1928945095508,24.1124395309712,12.432136046153312,39.0,12.790486676869694
140.70788275063416,-1.8134283929289745,9.066516793929202,-1.36,4.701736565499456,0.5344533196102478,22.331845337363376,152.02436850235316,3.175907787901458,0.8367742319516216,10.445592371905002,0.6254327815165904,0.12852287281489339,4.915280756404007,596.613605026737,0.30088224905285643,10.044125127471133,14.0,4.982719616476562,0.8574356090526261,34.60736680438718,26.919415301315624,11.401344225278349,39.0,16.109755490667247
122.2429214855306,-1.6305751143362617,9.125010935451103,-3.0833333333333335,4.753556952725222,0.5243349213556393,21.872731527789018,127.636224243571,2.8056670086416795,0.7245906222903845,8.750793614803683,0.5773068694063098,0.1141369040303698,4.539992768630258,566.5515637786257,-0.0029735037318345814,9.8027455434523,15.0,4.9780161206294675,0.8560102829706008,34.3770880141369,26.559173369005137,11.76098375038568,39.0,15.6668474732252
101.37404759621425,-1.286236876487641,9.147853860039168,-2.1739130434782608,4.835115134894422,0.5022213515808467,21.53018279980927,88.6380134350246,2.2010717681394767,0.6280521668456177,8.519298674508486,0.45591676388157465,0.09595216501632035,3.913936176140445,487.13965035891613,0.04953505606387987,9.847781819316303,15.0,4.980408883857867,0.8590586523092976,34.50996406276673,24.64460865168266,12.50549804149382,39.0,15.711706274661037
156.29454974498213,-2.204955003970512,9.019716344454153,-4.269230769230769,4.662369368394523,0.546365870605296,22.567614246703354,170.20679174182516,3.3452227172741456,0.7778403449581108,7.460447977411854,0.6513417825737035,0.142419461604305,4.807476926964714,590.388019923708,-0.20792374978983652,9.601357013262493,12.0,4.977988071418853,0.8703852365986302,34.56354730182834,27.297759202123316,10.835579795282333,39.0,16.193828038868148
84.3485489383978,-0.8914755877757305,9.244366192982348,-3.0454545454545454,4.922274667761673,0.48318391803557836,20.77210751674505,35.733256527040275,1.2536390075241701,0.24848564163131914,9.315077088088149,0.20329488490298012,0.06286949604339817,2.77765437991391,234.38740763465051,-0.02704587637760958,9.828154515899758,14.0,4.98414820432792,0.7387968696731904,30.547781930376704,23.382393396391606,12.450715461683693,39.0,12.156346787941573
154.04418845546678,-2.053614913646551,9.000227441700513,-1.8076923076923077,4.6551973861980755,0.5491042299873365,22.502319136111996,163.60612476066373,3.4865938606722406,0.7969817739334636,10.273263397207451,0.6551063788481989,0.1421946982764698,4.9053704981133395,574.1354792856209,0.8157260829035131,10.076047974993898,15.0,4.978968804197791,0.8678342945465963,34.73843792071391,27.57877624664328,10.594199648787821,39.0,16.27001076277903
120.1197376761351,-1.6425450536797912,9.106025619381986,-2.5833333333333335,4.754113279706133,0.5180188565692015,22.136269013182456,123.58703337135455,2.7764377866915217,0.7566072407342452,9.823087882919276,0.5849304998598338,0.1146926516634049,4.472122817850403,555.0245425770153,0.044002191003084,9.66701839002181,15.0,4.9781976977464995,0.8583882898565384,34.594747960645606,26.707649473433186,11.740425222412664,39.0,15.851137602245224
138.64343216375195,-1.9025721661223138,9.057319493183565,-2.56,4.708376956398251,0.5361163496865888,22.36331901703707,150.56616508453075,3.097987689388103,0.768764254849803,9.423714766481421,0.6133816629493085,0.1277398859211588,4.769944130047148,581.7697241369245,0.136253237965822,9.906439814180251,15.0,4.981660313571916,0.858465206737359,34.458519670698344,26.70152565197536,11.6314864156665,39.0,15.520388840959473
179.05216121022877,-2.4833790853926243,8.985454054107812,-5.7407407407407405,4.608389217445114,0.5595745808816525,22.92183342228257,199.43262744509286,3.6132689970399197,0.8411292558142338,9.199809146943867,0.680261840190792,0.1484249419556986,4.926977106525968,699.1139733526775,0.18493553457918854,9.918484005271253,15.0,4.975082038853053,0.8701264994269987,34.65344216884526,27.678671189467764,10.286696544075939,39.0,15.778408432086422
156.644464251231,-2.09842625199293,9.018685803874144,-2.076923076923077,4.653839779184872,0.552444220152471,22.618622716372037,170.56569540894418,3.4902472727614247,0.8380081203251404,10.068698934065516,0.6552852978971325,0.14002172087948372,4.867458452891069,598.7753660046413,0.22524736550239477,9.839699458440554,14.0,4.981923338209199,0.8708530336759054,34.70160807230019,27.682196145517025,10.429445768241594,39.0,16.226476060051127
103.01926359803811,-1.3678741266404963,9.19790451429034,-2.0869565217391304,4.828699883624275,0.5094737659132363,21.692672068432888,88.68585371801554,2.2343946683764315,0.6197047191741482,9.059767937704926,0.4688475690535488,0.09441323791966891,3.962673992523633,485.1860704919329,0.29088150498084175,9.547183736864636,14.0,4.975333708212433,0.8607326292372256,34.554573645137275,25.46051304262551,12.307212678598983,39.0,15.887018667946407
137.74550284615378,-1.8760583120423726,9.077053983637839,-3.4,4.703129616018531,0.5368662442069043,22.279622262455465,148.56093287762417,3.1326912252906713,0.816955434910485,9.217374897442332,0.6261493401341154,0.1290761227556302,4.768047821775113,562.0221288793228,-0.005666600384299114,9.860217143911473,15.0,4.978405196702985,0.8601118433577023,34.6444040438666,27.158562076518933,11.174353178269628,39.0,15.630075587900091
85.38590301206517,-0.8680253807779746,9.325160887980116,-2.1363636363636362,4.92393930062404,0.4907438664317802,20.735490137090704,36.28863495690983,1.149591310354502,0.23087834180694677,9.706115478704671,0.19263800515113025,0.05846866718533172,2.980945131145669,235.33411691642738,0.20218603288824388,9.682413731920496,13.0,4.979841043323858,0.727642764859606,30.584425924820753,24.10678839969036,12.523723715162875,39.0,12.096492739878503
158.2039365721572,-2.088263887051983,9.029641476362233,-4.846153846153846,4.659857302469832,0.5465235955881116,22.554119044777924,171.52129554934908,3.416959994692238,0.7883214034291719,9.363153264432578,0.6485361621089338,0.1416885122270735,4.836698716257306,610.9941492258495,0.1733212618649026,9.948353307003641,14.0,4.979035306759915,0.8752339215677546,34.543460348914444,27.48502425735716,10.610474566075917,39.0,15.987422208096234
100.99626477179481,-1.2191354009900455,9.167385695137664,-0.34782608695652173,4.827475861594569,0.5042834963340157,21.52470788909168,82.20927620853247,2.269150490768799,0.608315780523546,9.262400363377377,0.47130296191970733,0.09945117527480742,3.986408267377974,454.50404762377053,0.02025502128529233,10.0382286693508,14.0,4.983813483930872,0.8668058563676985,34.69412327415086,24.993476501344425,12.42964671813352,39.0,15.880536319818297
120.03652506922752,-1.5891938546476874,9.129804196402523,3.0416666666666665,4.756459317353849,0.5229550287384047,22.042398301393124,119.57594695202285,2.760701559680899,0.7548960665559081,10.195910808859708,0.5740758414338362,0.11538909917295143,4.504687378282024,527.9648163785959,-0.09527497911736926,10.056943162658008,15.0,4.985215548788159,0.8590064331937894,34.51036756529714,26.655361864686583,11.752740075339576,39.0,15.80172340393447
101.64737914723207,-1.3493570789277956,9.191060251076147,-5.6521739130434785,4.829634565106307,0.5075238213385299,21.403622877305178,84.99043765727097,2.25631961385127,0.6944169161117251,8.030424189630732,0.4691059639296908,0.09689853209335084,4.012305603292413,467.9104707356066,-0.05447573132756334,9.753496228599928,14.0,4.980913328020119,0.8587649191192416,34.453747847174945,25.80666924788831,12.268182032555785,39.0,15.923418507792945
120.96973869588601,-1.4861317107571335,9.150357711948736,-1.125,4.765140488011832,0.5223306895648562,21.892247223112886,123.38307860326415,2.7220184662486933,0.7569326526444417,10.21972153893311,0.5576363498248782,0.10980806603812493,4.485468693917135,547.4871020213715,0.2467426991452284,9.941385542302339,14.0,4.9770073714810765,0.8525497127245937,34.611459379303575,26.093454093753547,12.046453121717779,39.0,15.679715223055059
121.26336886313932,-1.6092628335564185,9.119077025826599,-2.1666666666666665,4.757020180578041,0.5199432370024127,22.082014541686203,126.23473133637741,2.7614424309623447,0.7429639129388731,10.282131210124788,0.5786022544736649,0.1133760627917476,4.60733977585531,558.7449870679033,0.2626518885755085,9.713421782658203,15.0,4.9800237515909505,0.865166036495364,34.836447280296724,26.63829993601211,11.814924447999166,39.0,16.865076201976965
101.88099819239238,-1.1827033613599673,9.174721846468618,-3.869565217391304,4.829191411898073,0.507064123186554,21.35217625046233,87.0391771200412,2.3413804285925033,0.6689818405453878,9.651782209051554,0.47097597029222155,0.0981671821187683,4.00753959728908,472.29621036064617,0.33899068611673644,9.740506286336927,14.0,4.980593359546437,0.8673670973239253,34.67831730041565,24.769548137006495,12.483581013620567,39.0,16.176700552070752
157.83825948277206,-2.208645393242602,9.031788380097943,-4.269230769230769,4.651890705556266,0.5507770707318239,22.70113839836329,174.18646615070438,3.454886566523808,0.8493752444817869,9.893889692857806,0.6631497098905422,0.14394851174390183,4.876288174438876,605.3183963106837,-0.06456158526294598,10.01739227514692,15.0,4.977625429167406,0.8766463567169307,34.538772366072614,27.42110822485212,10.828193474538917,39.0,15.728986311473943
84.12894518107281,-0.734328077167744,9.333472958361613,0.09090909090909091,4.923208676792283,0.48825508419542757,20.757946738760396,33.706081822054244,1.168576561276227,0.28643759225377363,10.422480471248374,0.19633553105412196,0.06197822622896052,2.8074014394669193,225.51432245768044,0.311501232813322,9.87152748018218,14.0,4.979200197987009,0.7293632946510142,30.566641084424152,24.064890279685475,12.521998670332094,39.0,11.803373485562492
118.82899176834171,-1.540889731733877,9.146282802441908,-2.125,4.752977086238227,0.5237790581192157,21.98651516781308,119.48649460744095,2.814543157146249,0.7591389998222311,10.063599836373994,0.5845162297416818,0.11275822404246544,4.548944757168814,533.2984604482982,0.16801100752594156,9.790205637046473,15.0,4.983610048038308,0.8512865101118792,34.52469605401323,26.34823987092635,12.018668791980671,39.0,15.802567111253769
154.16409405455312,-2.1570700883736174,9.049873943014155,-3.269230769230769,4.657025150309545,0.5495661329767292,22.55844883883973,165.27838566995385,3.417693465081556,0.8493793650269026,8.907894909347345,0.6511886477565633,0.13997521560997803,4.832889854784182,579.0575335058188,0.03810543013039336,9.88280067614694,12.0,4.977368173291337,0.8667283746096818,34.73957837794715,27.5569447406827,10.740341152152352,39.0,15.920717984895077
156.52806275981743,-2.2993362530652646,8.994327879127148,-4.461538461538462,4.652262800590156,0.5477315503424409,22.771176470927806,169.38726468900978,3.4072170662220045,0.813995125380537,8.81969286588375,0.65804659091611,0.14185474550262991,4.788531227395917,578.9287156444007,0.39092450088663755,9.683778425308297,12.0,4.9794906265521535,0.8633116456940185,34.5187879529277,27.293039014679156,10.982196593932773,39.0,15.935120559578024
138.9583201966621,-1.9977362243642613,9.066858890519722,-3.24,4.7081583193031715,0.5328257059715277,22.291352495657428,151.48721615363763,3.054761022467196,0.7977824813929837,9.839837397030502,0.6115559576822488,0.12696588641537318,4.765150862390132,579.3377874896752,0.37272851991629863,9.792809855343837,14.0,4.978836473006993,0.8554518388445447,34.578826504931406,27.08091213313216,11.312193853843299,39.0,15.799475816525437
177.14218572053576,-2.3939240599239033,9.011319823724133,-3.4444444444444446,4.618983101134751,0.5546442582734509,22.81801612323072,198.48794404157633,3.6174247452974666,0.8297653899541617,9.753758376602107,0.669070015703324,0.14755699595136865,4.992698692140974,731.1845898929106,0.06531113359296914,9.82994728298221,15.0,4.982264571564414,0.8693817705560914,34.62418635915836,27.733785619293783,10.292991299141589,39.0,15.933912459918957
120.43917648905649,-1.6633620507684599,9.120727156219283,-2.4583333333333335,4.76162796493274,0.5230800785294368,22.068636110648423,123.8877202809177,2.7557891619816224,0.792597482782367,10.38821113356653,0.5727014746218416,0.11039453335021704,4.525666679409613,552.8748818515221,0.24135859980774144,9.689265097046263,15.0,4.98049980731965,0.851753171570478,34.62902436329799,26.014560053958334,12.14123610483643,39.0,15.765094244128726
139.0201650083984,-1.8491544818309091,9.032148187959644,-5.44,4.702935320763671,0.5315366504857085,22.459933933388097,148.35234094918613,3.134109116294551,0.7905079234436722,8.443127382670477,0.6220364170980976,0.12799879180644222,4.6842973439548485,561.6802188743746,0.17555510105274308,9.758031718048763,15.0,4.977956292667661,0.8550329170777001,34.58211452288231,27.201915828281784,11.033304257404499,39.0,15.759287356970734
178.039314564976,-2.559063436284303,8.9617991852829,-6.777777777777778,4.607420261266879,0.5541530057364612,22.87281739035847,200.80868046910152,3.5784005678577917,0.8467432812903941,6.88171669653423,0.6868931424242788,0.14904500874183016,4.939016105616981,713.4573839490645,-0.047892756396075375,9.837484531887947,10.0,4.97739908936134,0.8692507404005615,34.53524190624847,27.763250565803,10.047203875388098,39.0,15.442128757546115
154.41173795219737,-2.285359789209552,9.007967931284021,-4.384615384615385,4.65553679736607,0.5470464958646262,22.620643268322233,165.40238397395936,3.3850811498643893,0.818371541499039,8.166898116915075,0.6553124551756306,0.14078892347255548,4.807133307031683,568.1239746223212,-0.14796017757784652,9.800570154226156,15.0,4.980180502960158,0.865875679636914,34.707496258690085,27.360684752876843,10.63290145491815,39.0,16.138260335641665
155.19928586670633,-2.26366612220673,9.034645050504231,-4.153846153846154,4.657777818402674,0.5500315064560529,22.525281482649778,167.66112519822497,3.3917388619099094,0.8272551093566438,9.087998458204721,0.6532902275300723,0.14291623574117573,4.943585825467359,570.0304990959512,-0.03657959196796867,9.817360828241045,14.0,4.977849558192088,0.8665459642687208,34.705029692630085,27.42885667699931,10.792994938562595,39.0,16.64556309467956
178.98837389554592,-2.452288523856099,8.982495300910182,-3.925925925925926,4.620342545207688,0.5572527634670891,22.72990253314587,202.4859288584423,3.5743244092494995,0.8390270491427096,9.075510090453344,0.6659702931485927,0.14614068097330726,5.040345126882353,752.3379402896201,0.25044826346346294,10.072884655601865,13.0,4.9782911777387575,0.8679419373056966,34.586531462716984,27.782747732109968,10.04167974263126,39.0,16.026336607560232
121.86414096931583,-1.5590357526370775,9.112902599828116,-1.0416666666666667,4.759144598118867,0.5213644912439067,22.038687308180414,120.10030071594771,2.778038682342104,0.759478856286487,10.32181818070613,0.5715089862117599,0.11614778523722491,4.537570436253594,548.789319864524,0.05218756797752455,10.115325247771866,14.0,4.977496758962168,0.8531198889062299,34.465069064123284,26.080233250371244,12.079942107556139,39.0,16.01246850629868
121.91421624110463,-1.5159356402502595,9.092787891524656,-2.8333333333333335,4.752941664243406,0.5202545348910527,22.076740639413956,126.9833960546817,2.8283292180598596,0.7804316615126793,9.090593428863095,0.5810216477731104,0.11436826762337216,4.550169427392004,568.9266139202718,0.17960076977248374,9.66186231929541,13.0,4.979129097789768,0.8605764992037166,34.72313917576018,26.168411559231316,12.107489949254282,39.0,15.96263736554802
102.39553186514729,-1.2151576496614986,9.188545711271335,-0.43478260869565216,4.834840682809866,0.5041897085515937,21.537830963884534,86.31786285735183,2.2365870057629476,0.660406868296347,8.850576433973698,0.45831359541311945,0.09460500021014952,3.897276454775285,478.3147039795714,0.05564774101673742,9.772687506633211,13.0,4.97729156213844,0.8541409125587847,34.58010074583257,25.518068733640824,12.324236225120545,39.0,15.858209970519411
179.82067946568083,-2.520512454382273,8.973317189791727,-2.1481481481481484,4.614416335399277,0.5595570156492854,22.914272644723884,202.99100763070842,3.590520204968043,0.8347420902398263,10.351967798992877,0.6789966082129243,0.14618251065963442,4.998928181188789,737.0888248534627,0.09242665831968289,9.795071602129957,13.0,4.97968601999994,0.8663693013693073,34.66436862298943,27.79005626747261,9.965179652118227,39.0,16.07901887910392
154.78893229744514,-2.149746224894107,9.005715315373335,-5.038461538461538,4.65183701290009,0.5482921511514336,22.564311659262998,169.78001613838424,3.4782236345904467,0.8332930711948385,8.803324412405757,0.6621516868378786,0.14251953687759875,4.928826502075856,605.762266037585,0.4077639395213546,10.048588599707134,12.0,4.982324894449228,0.8745448508781362,34.61016160102577,27.44780283115293,10.843380067592806,39.0,16.435871264878138
176.17491447394602,-2.364790185212141,8.948140843708284,-1.7407407407407407,4.611317300287435,0.5517142120568498,22.803720729946853,195.9460357339843,3.645293975033039,0.8027405657059816,10.322907258428604,0.684474240952987,0.14970076891415832,4.9676093331297855,719.4970055128987,0.4462068126157541,9.734188161559542,14.0,4.978051185227747,0.8704780116043398,34.63364776637575,27.659312223845113,10.145907434876296,39.0,15.79059497668711
156.53719187291898,-2.2664004724929585,9.024591381935698,-3.5,4.661501487708708,0.5507787017053832,22.750242188932628,172.28788093870963,3.3926052937376534,0.8253228668887663,9.970147749850359,0.650822424400345,0.1401127224443204,4.747473864747715,606.6918683599127,0.12913140603033568,9.918064279268147,15.0,4.979815264515235,0.8655543494040052,34.72470479200282,27.59182288163989,10.488317350712542,39.0,15.416868897904493
175.59565947213179,-2.4874360769363935,8.955524088691075,-2.3703703703703702,4.617424081100292,0.5544365761449297,22.893632165869352,195.83867476289382,3.5575075190518795,0.8323021638609935,9.65765153627729,0.6707226601549524,0.14664537126945715,4.883364554009516,691.8225071343124,-0.018087787693397472,9.740424941314552,15.0,4.980843984580167,0.8591388956034691,34.53987524172478,27.72420076760919,10.168624298093494,39.0,15.75440643954408
103.4605940661534,-1.2713734355711164,9.214047513835132,-1.2173913043478262,4.832688320773114,0.50929350253528,21.425243661111047,88.31902040163101,2.231798405816353,0.6677279485394574,9.59146596103346,0.4675280985922321,0.09520618773761176,3.979995945540679,481.9187098811932,0.14948599421250852,9.749857005341784,15.0,4.984385525495309,0.8579614436884413,34.65207098622624,25.85623487137415,12.203430336247651,39.0,16.268915270982625
155.60217087123453,-2.1964023423107517,9.027539610584268,-4.769230769230769,4.65823520875961,0.5473584769792311,22.542180027949776,170.33607155407358,3.40220200786662,0.8218068324828337,8.824387938276914,0.6548440768252813,0.1438019398139596,4.896352496361029,601.5345773173796,0.15288856083625935,10.025906320322699,10.0,4.9838617904127,0.868015836732621,34.458754138586116,27.717537546874865,10.420821349405323,39.0,16.10201088827541
138.46872257408856,-1.8444674619572918,9.047696268773612,-0.2,4.700243903819862,0.5343518739000792,22.187437082856064,147.60607427029035,3.1660795487473004,0.7795020867636608,10.291744264214886,0.632462490165906,0.12941586131158633,4.930187990095291,563.5678929789012,0.09061541174351673,9.6352406077203,14.0,4.980400429238712,0.8681139103724059,34.67204683661124,27.0623794861484,11.315351030882711,39.0,16.637569947243158
122.00681529969376,-1.6213872732806773,9.086321918785545,-2.375,4.750723043862338,0.5174555510105483,21.97054506357348,124.48676610574553,2.800712411651403,0.8057458648017581,8.816709987291178,0.5929009567191313,0.11998532801698632,4.655301423050052,565.1678394707154,-0.2487341798327678,10.033565680979718,11.0,4.981017254130176,0.8720824275028958,34.72374242670507,26.514754410507898,11.83942721588395,39.0,16.303294070462183
120.48672995085714,-1.4715293516366181,9.134731314118714,0.5,4.7561357186002065,0.5176769663345324,21.995962647737098,122.7335316664306,2.801155091796867,0.7404731533345748,9.75106831754005,0.5776972683343093,0.11596354099567018,4.495178415824404,561.0132617451832,0.4035848445053807,9.74582598469866,14.0,4.981122865408238,0.865619624804464,34.6190722667863,26.65005865434312,11.72224211585412,39.0,15.655005472616988
137.4323673083055,-1.9376470517804636,9.115234152369748,-3.4,4.705129786716046,0.5415121135804873,22.245075265261917,146.203219870335,3.083823724999163,0.8009438965070477,10.295630140986999,0.6154087808902471,0.12317988317677439,4.7574910258527146,571.2563505704616,0.32272651915959094,9.81390703709569,15.0,4.978000216507706,0.845230906187864,34.372443199579706,26.659601121603295,11.629678676031578,39.0,15.815427468008345
177.13510514082117,-2.4579699620864477,8.984358401049299,-4.666666666666667,4.615261238027385,0.5566454638129522,23.038833093801458,199.49613170522508,3.5878935305189406,0.804347030321658,9.51801410970758,0.6718364095370637,0.14624981314439864,4.923794120848042,716.9471917492468,0.06634033934496508,9.9049611438874,15.0,4.977327449343296,0.8663580919458038,34.44957694809408,27.75311955789982,9.993429857878317,39.0,15.46999916584592
120.45329927743961,-1.6322039850294494,9.161773778188097,-3.4583333333333335,4.763890059314845,0.5232131896636895,22.220077352020226,122.77293428888647,2.696596439205322,0.7343236486512714,10.202038875745485,0.560648222714397,0.11240223006039782,4.437975010110818,549.3647455156793,0.02077604198148253,9.719789691469988,15.0,4.980948633255375,0.8448601845440111,34.55591801181598,26.154478936029015,12.04220085491852,39.0,15.420090256953856
156.24989275252045,-2.244250455951589,8.99141409593782,-1.5384615384615385,4.652232395171703,0.5466536478712732,22.39048256669768,169.96544834555402,3.418362772577103,0.8208108313740091,9.195445232165296,0.661702741555658,0.14447404295652633,4.973752406549021,582.6196360469135,0.20670900343710097,9.945096646940577,14.0,4.984878320575394,0.8674270730796112,34.540722578834554,27.6046172786039,10.514185580554004,39.0,16.304154379639783
177.68816301293015,-2.480204435247754,9.007688384836372,-5.814814814814815,4.613526839412396,0.5587619803389342,22.84086834940831,198.51183827146804,3.600430987492425,0.8622204544562397,8.507238908987764,0.6791020189626901,0.14706614454847117,4.988474051946769,715.5426489031817,-0.028526177328681346,9.834921811884254,15.0,4.98510263503798,0.8631825370914358,34.8122353835417,27.763125539745737,10.177948796413563,39.0,15.9448549090828
102.02211370084191,-1.2175045641909146,9.162442716905346,-1.0434782608695652,4.831682484187665,0.504313828022444,21.359707334966636,86.5158918644453,2.2887248900825083,0.6049872118146076,10.123061321082519,0.458189994523027,0.09532172467687068,3.9272604227108956,477.01475788003154,0.577031602691717,9.661165125688607,15.0,4.985168615249508,0.8525566357619672,34.36501591900333,25.6168455360173,12.279193240659836,39.0,16.07636175968246
136.3080028620244,-1.8812624524337371,9.075605802871983,-2.76,4.707242722932682,0.5352720202251035,22.118962423174104,143.2763863164163,3.103749290686822,0.802420263962024,10.37797668141531,0.617927703953743,0.12824698572612536,4.7948170863345725,539.4178620952031,0.27092559382709536,9.963737093448874,14.0,4.9829236807329815,0.8541073251159066,34.51907741527615,26.995469624138508,11.319347845799072,39.0,15.913469416141858
156.24140752287815,-2.21718682739774,9.028096805794673,-2.9615384615384617,4.658095913304811,0.5511086732525219,22.541143451547406,169.3498086850189,3.3955130352984852,0.8496265778356479,9.074396649706966,0.6542027386019936,0.142146117378916,4.9179706659935905,596.0431855063298,0.26944334276646353,9.937859255157738,15.0,4.980600197888295,0.8694221061959629,34.72004483658815,27.540926018019043,10.654060943425204,39.0,16.129129717295513
138.52082078702222,-1.9380990378293959,9.042508155528003,-4.88,4.703262670846564,0.534560027363506,22.261581317441074,150.00676680481158,3.151255057928991,0.7810351594578957,8.411040363712447,0.6227800691393098,0.1310036235385148,4.814675936230339,562.4426629689615,0.20864030446047388,9.88145752261904,12.0,4.9787161369036514,0.8624250987105383,34.70260714174395,27.0451210453201,11.327539587323239,39.0,15.924620615241878
155.9394331053033,-2.204041967168322,8.99885678411609,-3.1153846153846154,4.657533871840467,0.545145291135531,22.71140111766996,169.70600049598494,3.403031422714982,0.7986452077101962,8.130318013824377,0.6553948849517353,0.1429623728260737,4.786009056417963,592.6717374179386,0.18333686117207515,9.634712627865618,11.0,4.977376313482268,0.8726748160193813,34.581124135559776,27.56645422721717,10.68419577216452,39.0,15.79140177495762
139.99899845058954,-1.9962289916062717,9.06843251125754,-4.6,4.699982668211178,0.5390542719766314,22.22588141772069,152.3361078562767,3.162243417904927,0.8295889906816489,10.229369482035539,0.6289315218575736,0.12987536525270557,4.790986800699997,581.7857650707973,0.16995768593412897,9.90891290992352,14.0,4.9774370230723655,0.8644314466582096,34.706699013432996,27.144314354313252,11.205977821800609,39.0,16.627338440070826
119.89863889326885,-1.441707652327685,9.12860645665942,-3.375,4.76493553275546,0.5200099088202417,22.045838844300068,121.97187200233964,2.7732090986517375,0.7136355553901965,9.086677518946809,0.5558848307798816,0.11255745586976168,4.467323430235919,544.7147859692956,0.386618001927727,9.88891317629064,15.0,4.97671962316069,0.851842399243412,34.5322294808537,26.449905611666882,11.834774017660084,39.0,15.834945439115558
136.8945900813592,-1.903514007340258,9.09561573551822,-4.44,4.702994717280347,0.5373772951704325,22.268728872074888,144.86278725311428,3.1176491387042033,0.7815710571239177,10.198352808174464,0.6238014398858389,0.1268481367023239,4.770085932518512,553.3726389422607,-0.05377620444403375,9.746590419822805,15.0,4.9811704688158045,0.8580134633348858,34.445678585066645,27.141201672602197,11.159383642656962,39.0,15.664012711299748
120.62224768287997,-1.5373123712293417,9.098317395486628,-3.7083333333333335,4.754449541692882,0.5216532568490638,21.9625565239601,125.41987435144635,2.82711055581809,0.7307646547831981,8.951159918630037,0.5783127664019058,0.11812588342474113,4.572210372834982,555.4894492157964,0.17388918496154893,9.899471447282558,11.0,4.977371227689305,0.8661704658269945,34.72712605267873,26.5696246496869,11.865711832154267,39.0,16.255616347403805
102.77169230579264,-1.2306914693913793,9.186511806654925,-2.652173913043478,4.835946370007909,0.5026872223707188,21.487229724731844,88.04880739279623,2.206868564493299,0.657235350808821,9.388284538639095,0.4557043331647948,0.09455831374401535,3.9362811691957797,484.6868092768623,-0.24269057554993068,9.79866588456932,14.0,4.977921610194553,0.8556698005611025,34.72149031108838,25.139052378350133,12.408417209321481,39.0,16.35815542424576
176.8167894128632,-2.4143568911181075,8.97210882126382,-4.333333333333333,4.611328859518777,0.5567450581592955,22.912228388575937,195.41428821852074,3.6430749449270783,0.8276985624224115,9.862010913564195,0.6784564022315346,0.14875462519920676,4.956584685245718,694.2275696616725,-0.07532542407548304,9.820525304488502,15.0,4.980348903522198,0.8611726263017954,34.616222699871436,27.70781182836925,10.088260217007406,39.0,15.722120147571982
138.20614648322612,-1.9044702895946626,9.035232857308136,-3.28,4.706489735210494,0.5315714371057723,22.40159980622245,144.50284927568657,3.1127605722664513,0.8139106396926502,8.852208763918753,0.6138930837271279,0.1287837458411245,4.710717560710662,550.7402076328864,0.37791949758576293,9.788413157978589,15.0,4.979561478528219,0.852837729318916,34.65976485367552,27.070929318493015,11.30223167694608,39.0,15.868666294849646
157.00943120511207,-2.2713386924317045,9.018837085706696,-4.230769230769231,4.655703997402584,0.5501015916094003,22.588777001285468,171.97350443851445,3.4025048796682342,0.8810284669944162,9.791313624085742,0.6577436140100446,0.14094219521772483,4.884464534523442,599.6420225201462,-0.07225787288978036,9.799435810613799,14.0,4.980803549652043,0.865890682319153,34.57222864057939,27.515150235898222,10.617979893487025,39.0,15.833359765103204
155.1874843434021,-2.1961947173466987,8.966714851310122,-4.576923076923077,4.648452392013146,0.5472790398509952,22.74342542976266,169.35944280376762,3.4890403530150045,0.8889584932430094,9.76718633968262,0.6688356154896276,0.14553162751767199,4.8066703643625575,597.7794372753834,0.26333486362099434,9.851881254970943,13.0,4.977953085823889,0.8685994017497425,34.70489939423969,27.418163833031702,10.846864349348,39.0,15.542467090989838
102.3142497644584,-1.1942027639781947,9.194179404361806,0.5652173913043478,4.832303573673031,0.5025921209776287,21.48845918235185,89.1315291569799,2.280258521383036,0.6366077464845291,9.8237781050413,0.4637484526426641,0.0950834848779118,3.958109275131266,487.8605107879879,0.14669006020543307,9.632570510257665,15.0,4.98200788246465,0.8680803053211605,34.72580135197667,25.362508558741105,12.347741343655414,39.0,16.184675151542173
137.65695699742787,-1.7888154873810458,9.115070796615129,-3.16,4.70991403196188,0.5377723442620723,22.149856941783842,149.32084377387395,3.1553635644438853,0.7812736253819546,9.861764547990385,0.6095430882041769,0.12745098711915306,4.828680885698549,560.8720938327738,0.45832612308565257,10.029319348316966,13.0,4.977375700740564,0.8525893263431013,34.504033329599764,27.094475822952603,11.371911813835604,39.0,15.740615329520686
102.08496845465946,-1.2558653599531562,9.262178989435602,-1.3043478260869565,4.831886613419062,0.5172989135024659,21.629508508934613,85.53648430367413,2.2678541206214984,0.6400153304498685,10.272101442885484,0.46021794184553433,0.09427353600206238,3.983901142233099,473.55422135962857,0.149402469109012,9.951887706221648,14.0,4.977745822398915,0.8687258020899997,34.531888763829194,24.76106123323991,12.46144176561203,39.0,15.844905788702864
177.1017688077551,-2.430536664139439,8.935568636556384,-3.925925925925926,4.613773301051714,0.552191286742521,22.91454241540674,199.79719257986747,3.6135498702350715,0.7990496177971803,8.68342791983428,0.6713614775423357,0.14790516128936732,4.93371926044006,738.7982203858486,0.3357940472946821,9.880950565776065,12.0,4.981230394420337,0.8709011835836972,34.38066326796566,27.683168109207642,10.069726677042967,39.0,15.548394341961973
155.85801496864977,-2.1488449868409747,9.005819174066595,-2.1538461538461537,4.656145408089449,0.5470382511564656,22.674455354284518,169.95796664354674,3.476330179139177,0.8527356829084644,9.7337332062358,0.6580791275947157,0.140856541936146,4.8345602893203,582.838881514542,0.3062346124388835,9.904253772231277,12.0,4.97948737893732,0.862323415756656,34.73891501811794,27.444269688773897,10.898132201145412,39.0,15.67839163322672
119.88606056864857,-1.6607345995841507,9.138412612579979,-2.4583333333333335,4.749795694588405,0.5232384254099564,21.98410423823282,121.69805009612422,2.764273543707315,0.7554435689829924,8.826943443545764,0.5878035145654493,0.11547542132160592,4.564358674813333,541.206159591618,0.1911715004937371,9.943192711527292,14.0,4.97941646452825,0.8579243161392631,34.50209930801481,26.192589005958702,12.07148794947928,39.0,15.885172556000917
86.44999706704742,-0.8911336597737619,9.329004560470514,-3.272727272727273,4.921783968944271,0.49025305494548216,20.710957778434018,36.56101201021385,1.123889779905609,0.31323705129692225,9.220440820569255,0.19091932717980034,0.06241254603534972,2.981207733765043,236.56346564955453,-0.1086408439246127,9.789957125107424,14.0,4.979367799761638,0.7270163850705119,30.671563134403815,24.01655853142698,12.526690639458574,39.0,12.012960077475757
101.04172061483848,-1.251209295451425,9.203669387831148,-3.0869565217391304,4.836713320553633,0.5078285088295499,21.431999162639496,85.35497311795957,2.260476765252523,0.6695859541692836,9.797573095584793,0.4540610154424685,0.09375483336179896,3.840194728016093,468.07451020344604,0.4232376827426143,9.774077249399486,15.0,4.980736209202135,0.8545366759800445,34.56125868890403,24.45082685915269,12.505422051287619,39.0,15.727056764059018
139.81395058239886,-1.7932959993633875,9.080259050640645,-5.8,4.7007690930751975,0.5379178767828734,22.349138712628495,154.36350444118239,3.1657230577437407,0.81143578933433,8.390470785361211,0.627610706888556,0.1293907959188822,4.712174262983133,588.3887466451288,0.34514386136511754,9.89502342937669,13.0,4.980818220271236,0.8654440031205343,34.48406456848011,27.247061073355894,11.027210399893017,39.0,15.974112750460694
155.85855172053715,-2.3109997387646803,8.974678391305945,-4.3076923076923075,4.649159720670487,0.5452182046374232,22.666492304905866,169.48926686155488,3.3791488444416853,0.8219777245726299,8.900169534985235,0.6626560039361234,0.14475881858998085,4.910412775853638,586.0336874145385,0.017945098022214223,9.859119324530672,13.0,4.980281579205674,0.8766787533443219,34.650559721837844,27.49748535307665,10.597688373404413,39.0,15.968077521936884
102.84893629231824,-1.301674313549825,9.208432710617755,-2.0434782608695654,4.831626135048366,0.5087583356986422,21.362937735426982,85.61001123690899,2.2367757193456757,0.6275429102051489,9.052879728570472,0.46463431829612395,0.09563022380745968,4.039748209016836,470.8983660528636,0.12725056537168722,9.72022613783288,15.0,4.985125135597215,0.8550427404764404,34.596584322270054,24.952744997717296,12.480268572681085,39.0,16.136828089863883
156.31295811724945,-2.275160991060257,9.015233779566795,-2.0384615384615383,4.652461518906683,0.5515007004288577,22.549679725875624,173.77699387317372,3.4400005302258116,0.8691145464674204,9.014862809787509,0.6666214482047298,0.1394110461173622,4.939709179000166,601.1269680011927,0.1319252224175098,9.896615548953786,12.0,4.979992867259476,0.8714436570075613,34.95175418252732,27.68088774023919,10.642265573783183,39.0,16.199835620434463
101.6574409901802,-1.0672835513102548,9.181924788037316,0.6521739130434783,4.827382421978368,0.5067200485771304,21.44804347865466,87.95565757483106,2.3441767044100144,0.6444498625121433,9.617053221512629,0.4713823145688927,0.09682670086347073,4.005003621674816,481.8915039932138,0.21734868930690654,9.830067159538737,15.0,4.976237090590201,0.8642749850426594,34.631329810472344,24.58561260014838,12.55473779423322,39.0,15.846160089974184
84.10466669881166,-0.8302539785013582,9.288090363311118,0.6363636363636364,4.917562323873452,0.48497763688515805,20.84941369573784,35.59395004940384,1.19766001411091,0.24688429319065658,9.613179658182606,0.21861043019930834,0.06351568535360305,2.854582647681528,237.1469816078066,0.08314142198779728,9.795572577539875,15.0,4.985015035082849,0.744544833122392,31.046599796102164,24.03294607434821,12.48930288186156,39.0,12.092306370829931
101.6212187637706,-1.3017138191413993,9.188703771571038,-5.6521739130434785,4.836096018028873,0.5029879395405772,21.415170654381352,87.79646705937473,2.1736482998315014,0.6340582594064956,8.08976108451522,0.4501973144388824,0.09520710017574109,3.9489428889731726,477.0114781569071,-0.10773517418530909,9.732285647754205,15.0,4.980814669869524,0.8517590807604699,34.547551648099954,25.788458371928797,12.16525399260762,39.0,15.839267428661959
119.64203459668444,-1.6148652255319016,9.15025302287311,-1.75,4.759280686941366,0.5266807427621143,21.961111231254588,122.3128009006647,2.748540794632429,0.7623687534139677,10.611511045400965,0.5727313119034787,0.11159580020663634,4.584195207936108,539.309339930936,0.08664727757548163,9.80682936135806,15.0,4.980492839126306,0.8561718103976308,34.70845004868372,25.866001749952197,12.198866968853242,39.0,16.203425512136306
139.78867365175745,-1.8674036533224267,9.065671051879042,-5.44,4.7043177465747315,0.5351962961594904,22.489574609952943,151.29207920851366,3.138419276776686,0.7942812826066193,8.607345700040172,0.6200161944676638,0.12597200896843624,4.7037052561543735,595.1640472904032,0.06599255792681169,9.935141009285147,14.0,4.978933261316295,0.8489130368329639,34.69560635865041,27.18115336797003,11.063832911978558,39.0,16.38124891170337
102.79029808520929,-1.2647762531995568,9.224104327007899,-3.5217391304347827,4.831481186997023,0.5050312505039317,21.37367286386653,85.89376673266483,2.2244426811424605,0.6389361001614299,9.333760904779982,0.464465269902668,0.09570367282948457,4.013727828157437,475.26476857935216,0.06399691121423068,10.00860943128993,15.0,4.980183566289993,0.8609149432997176,34.77370712932141,25.20485600540787,12.382239366106424,39.0,16.58738727632999
156.4471409005676,-2.247434618018896,9.032462368440257,-5.538461538461538,4.65589958479057,0.5488246532625891,22.488635061472095,172.2250632435694,3.407483999661293,0.8249249999347248,9.373574842366374,0.65700576032193,0.14389699875105633,4.959334254522037,603.9633862193677,0.5429454493267865,9.844455171901483,13.0,4.982984982848916,0.8670000744996129,34.59574338086412,27.494577854440294,10.67558240539137,39.0,16.058016961007993
157.3848837338298,-2.2509683486459666,8.948017069094453,-2.9615384615384617,4.653829343419216,0.5438836506064803,22.656645412931613,172.71903117679676,3.457197342352776,0.8287681026696831,9.653539682539604,0.6583666068605009,0.14373720227874484,4.863879153983243,609.5417839188418,0.1601133803021677,9.863399381954599,15.0,4.980165702125772,0.8724614946391682,34.544022382940106,27.67049296396661,10.426503499981024,39.0,15.414513598889336
154.8713185881788,-2.170580317622178,9.0478630892108,-2.3846153846153846,4.656560461128574,0.5523351886893001,22.66741769956551,168.04008294806096,3.435005151628464,0.8601912485264124,9.315317918836376,0.659345548723991,0.13978563143983072,4.822815779593738,579.3275692492093,-0.12936603339213404,9.829756847070083,12.0,4.979173276646154,0.8641912513284455,34.59278679501427,27.49002339588567,10.853766054521257,39.0,16.04866343285464
100.99932293746846,-1.235788793172593,9.229555516720302,-0.9565217391304348,4.832648308800086,0.5074817731861785,21.6623633775882,85.71397769866826,2.2381181566975736,0.6138045822027515,9.98032090130401,0.4517932207190629,0.09675250107105429,3.9776333121492398,471.0453164041861,-8.550078129299088e-05,9.81740659115594,13.0,4.982992219626006,0.8563541685285158,34.34548662883117,25.282641070143214,12.345322480920869,39.0,15.547151603027139
102.096298270742,-1.3046813429180808,9.141408073247966,-1.7391304347826086,4.833706459334287,0.5052610662577195,21.413665721372993,85.05410052061967,2.225485250516628,0.6331299667129257,9.288690605079912,0.4574492517040141,0.09238003027505563,4.071275789243889,468.23394063061573,0.31688908405108074,9.876572715582283,14.0,4.978686227037812,0.8528568755394895,34.58319450583021,24.817441771705525,12.487108818358376,39.0,15.844349748955032
121.04008302625668,-1.6804214851671997,9.121910239532086,-3.375,4.751613683847856,0.5218887921315871,21.976271298485162,124.86241613057912,2.784057983540518,0.7520421922742314,8.957364288673315,0.5818232724923258,0.11676703526241416,4.643829419906327,553.7975282940386,-0.23618068675201842,9.75958843765614,14.0,4.981042628285352,0.8588800427585581,34.638942277475024,26.348400393875572,12.006055722935823,39.0,16.116790499181405
120.20578832523665,-1.5782032583536256,9.152021734443112,-2.6666666666666665,4.758697062861127,0.5257609007562373,21.883609475394255,123.14474071847745,2.744706376869189,0.7373140292392727,9.919117344244341,0.5724474272036817,0.11216403765614791,4.546477452511172,558.2713810736313,-0.10184718829220052,9.708829259556053,14.0,4.978449190725424,0.8562804912198382,34.37347435769182,25.89003965435105,12.207768111504711,39.0,15.820472450135021
138.34545064083872,-1.9389464710601043,9.026620495869222,-2.88,4.696154646191296,0.5350533380291659,22.27459325705299,149.6546316408937,3.161735973190471,0.8138002173562642,9.945129461198583,0.6412169722661998,0.1297682914082802,4.768248248195065,560.2270805770543,0.11615697543968073,9.847288705863457,15.0,4.981271804484157,0.8680253482741632,34.60344072208957,26.97315203301271,11.413253673909088,39.0,16.234923312997587
120.91958606895462,-1.5847288039186402,9.078009965840229,-2.125,4.758953007030637,0.5147952833757311,21.993722343609395,123.8015116240454,2.7598322268345727,0.72732404622874,8.936407275857563,0.572659249728363,0.11644891968037681,4.468381380443312,551.552507231444,0.14012899357173425,9.713339080342514,15.0,4.981784799688633,0.8538628240257989,34.39955139361462,26.535262591912325,11.839133506521915,39.0,15.572244255362534
122.22903665027646,-1.543648204799391,9.136129386603843,-2.1666666666666665,4.753894283896922,0.5248860780146208,21.91897280901465,126.50316070194307,2.8123291039361784,0.7608554857992034,9.4148228283324,0.5851275850667705,0.11536921347012727,4.501171658411264,568.4642414792246,-0.02624005936670626,9.88573915674743,12.0,4.985092915601527,0.8753144814781211,34.58050798771782,26.615441180270448,11.691078168131392,39.0,16.29937970431134
102.62115060184843,-1.245343416644058,9.212030419491036,-2.1739130434782608,4.8356643129602634,0.5073302819170976,21.442234035743528,88.34637538486994,2.231176472640607,0.6120148849639948,9.77419928406478,0.4500809329653071,0.09002890065597798,3.961994962208959,483.6620193960696,0.3115346375312791,9.655058885251368,15.0,4.976722481572727,0.8451741707969699,34.54837464993471,25.761115352862586,12.268344234190247,39.0,15.980287395345403
121.15160148829854,-1.4553381948127446,9.14056340449457,0.75,4.76022342906601,0.5212099272793106,22.00329153675096,125.27220950250202,2.774261708254139,0.7152802224636826,9.024272823890023,0.5715017941210233,0.11347792903029784,4.496743466763477,552.8969183290709,0.08523502890453405,9.901052483929858,15.0,4.977601329754977,0.8568956560942033,34.40871975996949,26.20160954407163,12.002848799558306,39.0,15.833624400727402
180.87888834434216,-2.463762677516034,9.002216342926554,-1.962962962962963,4.615258456432187,0.5611124998368843,22.82934327325308,204.50683428168074,3.6124293124784708,0.8562259903121796,10.246883831579604,0.6761919647085092,0.14577153301515153,4.988554377307134,752.958242656029,0.11733574059100804,10.128573630580982,14.0,4.9837668974026545,0.8739561879758068,34.69275497612568,27.833414854281397,10.012168479960662,39.0,15.799074880401811
138.3397771272448,-2.0220934005462188,9.064611018384664,-4.44,4.701534506125506,0.5369518750132856,22.449684776204123,148.10525543096918,3.1354044028572052,0.823497898281033,9.086605526818031,0.630258670041646,0.1290932369408408,4.728184365614666,557.4520549418598,-0.12371237650703382,9.921434210639923,15.0,4.979549120281945,0.8601287230784129,34.61493339797778,27.16903592329662,11.325864141296467,39.0,15.979768302818638
103.18816683314849,-1.326793224105401,9.231750155353948,-3.4782608695652173,4.83523130157123,0.5123832808312766,21.521768063196426,88.77468703791284,2.227511183347289,0.6513199724684995,9.726117082225798,0.45516905702985155,0.09195603030189006,3.885088828567193,484.20424530572075,-0.029194129737258212,9.890396420024237,14.0,4.982886521692578,0.8523684959926381,34.341068225063154,24.803695992858167,12.477792297332778,39.0,15.509298473197592
138.55878116103648,-1.8735272757580494,9.058017264636494,-0.92,4.71095089606615,0.5327227418464665,22.185660261962838,146.95799494547634,3.1116374364370722,0.7769316058627846,9.063862311399042,0.6099585995942712,0.12712853803283275,4.719752376216436,568.8926898719642,-0.11870046087076935,9.702772318267943,15.0,4.982932304051373,0.8598337495386892,34.53319577792329,27.135758235517066,11.228019265698935,39.0,15.953952456340279
103.05570845478725,-1.23762396287653,9.182689500477546,-0.17391304347826086,4.82431107172956,0.5066681689568425,21.59834912096817,90.40408786356969,2.324920859784153,0.6797283679561965,9.182460473112021,0.4669219740834629,0.09805122570570146,3.9622833929545953,493.04758259953934,0.1361771384593069,9.918250781498164,15.0,4.980737683768866,0.860253750965774,34.71451559555737,24.926487287895306,12.445237051464591,39.0,16.241546012727177
175.5514820054993,-2.4563258500498213,8.951902038238012,-2.4444444444444446,4.614908435597163,0.5564553247087974,22.80260677470341,195.1417157968068,3.637958981794396,0.8229909021855886,10.587670444063642,0.6824789346427952,0.14899958451991452,5.00069099257571,717.4706834125631,0.6169981647800538,9.733420847469379,15.0,4.981181358542009,0.8674337597035832,34.56482118066089,27.703742403775173,10.220696367359022,39.0,15.973263776184158
177.05836512415948,-2.4486976162435847,8.996254599603844,-5.222222222222222,4.619995289966218,0.5548060755586,22.873489502767367,199.5933227388596,3.526015852108275,0.799958888757746,8.945652092386819,0.6659880090430224,0.1467207910604018,4.927345760327981,736.1156334752864,0.6104143100020866,9.813540133732625,14.0,4.983254433719685,0.8693484486210188,34.417293753380015,27.616878870531178,10.306877729783603,39.0,15.383594232539728
178.15731583913583,-2.55567017360112,8.962884234790435,-2.7777777777777777,4.620246774892744,0.5566407710930706,22.70968684331178,199.62260241078485,3.5432688844378886,0.8364130767386819,10.520996056680724,0.6683101128429678,0.14641285834623882,5.047504663238987,741.5551121653718,0.047510014759327035,9.872151808041226,15.0,4.978908992646841,0.8628055308602404,34.703396277383156,27.615843802478317,10.344388668175972,39.0,16.001361963527863
177.58100986112953,-2.3974858113467716,8.987862625919478,-4.925925925925926,4.621787249990286,0.5553894802927674,22.901214144974293,198.76193066870414,3.5987317832077297,0.8135990346569981,9.591377014357745,0.6620760260748169,0.14542159173852187,4.8805885327309015,722.0475219869292,0.4187310582083875,9.825592677929244,15.0,4.980118891660359,0.8548035142818046,34.43241345279359,27.602654948310146,10.336692462193207,39.0,15.567933188323419
103.65488642268387,-1.21729429908722,9.206944863245798,-4.086956521739131,4.8290078156813925,0.5059618680592921,21.40440799431311,90.01645763715278,2.2912656853932956,0.6678943409124037,9.074153660275076,0.47048990338592445,0.09677519569303787,4.10101073906872,495.7620548849476,0.09089670865057686,9.768663980036841,12.0,4.979348136690185,0.8636732335834099,34.7821189089221,25.991762833475292,12.180732128699107,39.0,16.183736477483297
86.07461262724085,-0.7829126717160015,9.295487113659895,-3.3636363636363638,4.919671839571684,0.48547223968196923,20.919561456733785,36.488734910892916,1.1064463518359433,0.22639987947513496,8.493556137906467,0.19435352787410026,0.05799670510046929,2.9361279496939807,240.65333908776202,0.40277035255883953,9.711054159822769,12.0,4.978912022265241,0.7225054625054889,30.792172875756705,23.694324140814437,12.444119546768178,39.0,12.49953093912729
139.47337212342222,-1.8637960230492778,9.052022677914776,-5.24,4.705155766302637,0.5305746196996778,22.26634088930834,150.91269138365115,3.1329665677210023,0.7606693696447296,8.061166168737623,0.6200258714981663,0.13030453829820787,4.741550694625448,568.0892275037646,0.0661847699587712,9.62548426677017,9.0,4.977769851359941,0.8596496956628853,34.52133392645636,27.2704148978345,11.110558701383791,39.0,15.781198956448002
84.79103779408598,-0.8166524896712709,9.38031509570659,-2.6818181818181817,4.925888385170243,0.4977908007771789,20.964624902208268,34.37563976732895,1.148218552810201,0.2308811178203204,11.120768300945118,0.18692481536839411,0.05714595907849422,2.809384230303583,227.72771121689314,0.14280469331431012,9.869340986357914,15.0,4.982632096324139,0.7270720370109165,30.303380662932177,23.46303470791804,12.443994203195121,39.0,11.276148846195955
138.45072487027647,-1.9452756038596852,9.124160102376838,-4.44,4.7087844277511515,0.5398496349308844,22.173151941818933,147.6900168176027,3.0606480217951213,0.8084289489556491,9.662629041829144,0.614383650903518,0.12447350500722489,4.775309125365285,558.2895671030176,0.0030816889246590984,9.844337425306238,12.0,4.98151076646217,0.8535607184133005,34.53459502771726,26.935132594417194,11.307948128718255,39.0,16.22817463112427
141.19549385458794,-1.9639335793790789,9.081363571764548,-2.44,4.699898777221614,0.5376418412149505,22.398820190502352,151.92953433759158,3.1334598765988,0.8186533550159609,9.810524960469753,0.6262787483701339,0.1287891335782349,4.751851865121075,572.5431056816911,0.2513436067699011,9.786555533946945,14.0,4.9794924846694455,0.8598186744969638,34.521759467472926,27.028394777999686,11.351824139162643,39.0,16.388063523554877
137.64431336086056,-1.9185217375174275,9.107534788867941,-3.84,4.702943997938709,0.5401733890381704,22.35487933019658,145.89350300184645,3.1170043852001856,0.8242646569234391,10.07841257341651,0.6229259392949683,0.12564339260795573,4.743384115600187,547.2194385320162,0.3057262537124057,10.039548622272243,15.0,4.979410025483496,0.8569748784413324,34.62379334776686,26.849126802745914,11.478958746510445,39.0,15.71459991957446
102.98432890969788,-1.4014223511809445,9.117723262889966,-3.4782608695652173,4.83141712398842,0.49999837678188713,21.585890133861017,89.36580966998898,2.2193531493130627,0.6455183757145884,7.728375526575632,0.45687828523596724,0.09408498957377462,3.88382091163155,489.6977802110092,-0.020850606039979125,9.726587114199718,14.0,4.976972434526132,0.8469945239574974,34.7355575977828,25.892505843560823,12.237902621102545,39.0,15.884196159176284
119.29590484835664,-1.5990081601691948,9.129605618830567,-4.333333333333333,4.755590327589997,0.5221576113173058,22.028128256892874,122.0567336186302,2.751851858135314,0.7705230744185667,9.581521567869874,0.577530049824689,0.11454283292082514,4.56023377539111,543.7933758030878,0.025463286740668334,9.743541016677296,14.0,4.9795380179320325,0.8588465869114673,34.68585989579815,26.627197835764854,11.671915834826175,39.0,15.921531261703393
120.20563032371767,-1.47345569777725,9.12977582405354,-0.625,4.763921401304465,0.5175244301906788,21.97175451992514,121.8120379876448,2.7581100581159084,0.7516157512821492,10.672443097373097,0.562209204269834,0.11162765827652006,4.488912315625564,549.6127899915466,0.3295012878524308,9.87652902632227,15.0,4.982078024507674,0.8409234884738437,34.46145649218677,26.191243093978844,12.018253601051661,39.0,15.423636205613832
120.83702198010754,-1.5887257208523522,9.10694664452182,-1.6666666666666667,4.757751984070038,0.5205780175274886,21.887124022625553,124.46437595582441,2.7753122197583,0.7859860528940856,9.96521728591783,0.5838910872153024,0.11410962966148543,4.627736135955673,558.7741185099655,0.3196469801293462,9.819212974276665,14.0,4.982737588849233,0.8653596958055699,34.886543966581634,26.563895535992017,11.740116392919642,39.0,16.294615034757054
155.74447149449495,-2.224657414442996,8.932594444503456,-6.230769230769231,4.65855547189041,0.5400378107571671,22.614301395017687,169.0912978895097,3.4051512402831676,0.824222587182148,8.058954371513103,0.6508525855071954,0.14320195855286894,4.8887301628079145,589.1279516153916,0.4732563102648534,9.906069945583063,14.0,4.977444512689815,0.8598268482525352,34.63874165690773,27.383876907622085,10.841401612697243,39.0,15.91783572510273
102.58839318348122,-1.3121024519407622,9.149403483675329,-1.6521739130434783,4.8313430663579995,0.5013098536477928,21.49439132047615,85.73924795334892,2.251640267783914,0.6217344018098123,10.24316822443633,0.4612545538746774,0.09792742299878009,4.023237183627772,472.26710778588824,-0.10864117782483484,9.712037530543013,15.0,4.983150803963317,0.8583366373938123,34.486114295582745,25.673302148500333,12.232077658857163,39.0,15.733625075707835
155.28347910085728,-2.277271716586332,9.007790717452233,-4.538461538461538,4.646250016467635,0.5520530483975908,22.637024092841298,169.94252511856683,3.4230061609970766,0.8194756867765073,8.92804901261175,0.6661832075272013,0.14169959887440872,4.8351290882208575,592.9763525644814,-0.02633688527151168,9.808010327454898,15.0,4.979661080410787,0.8773864704609817,34.586136574599365,27.335713450686043,10.978382087504633,39.0,15.653643296913128
138.66911035573986,-1.885757094363203,9.042826328126782,-2.36,4.706528745392389,0.5306880258032085,22.4758092099981,147.735450867651,3.131569936540179,0.8104100244677364,9.388844444339249,0.6247201215292536,0.12976298315210685,4.704744571221761,565.566451050325,0.07811456368778558,9.844096822450883,15.0,4.982800848879068,0.8590802527333322,34.70759400089883,27.130135637422917,11.200901333853029,39.0,15.746290833305864
155.85863557333437,-2.314686515738822,8.988648498555705,-4.461538461538462,4.6546636465762266,0.5494983847389585,22.499915345767395,170.28804392854096,3.405911049030606,0.8426607650169876,10.315152294750925,0.6619034453373035,0.14144915739122352,4.871848233994122,590.4881430335573,-0.09661290097565356,9.95215145088556,14.0,4.9885131132915745,0.8656374570304904,34.544664436050134,27.380041496472735,10.717687058660077,39.0,16.245623266520962
138.2192495754061,-2.0080043204525264,9.045037194851073,-4.12,4.709367138504879,0.5310812023561846,22.309484044348615,144.46220296657717,3.0643719719624314,0.7771984823306799,8.891883939863362,0.6142277774921361,0.12811435177722894,4.781560430059477,549.5778540680736,-0.03710798486061395,9.604978200318598,15.0,4.9832639953993,0.851777671396942,34.836261774057526,26.780010200428116,11.621564709607368,39.0,16.048614903193208
140.01410924284085,-1.9645041255954678,9.046952727583841,-2.36,4.703920551461165,0.5312425553029428,22.398362861623124,152.57382684668983,3.0718608035069077,0.7626961300345536,9.081321489739253,0.6227382640654202,0.13005646838900722,4.718303397423751,579.871082270613,0.05858299663944955,9.763824942453327,11.0,4.980165191222806,0.8617040461804815,34.52479426395087,26.94043969878659,11.425817950581424,39.0,15.688344829549536
121.71955154431843,-1.610276854319286,9.145343998550894,-4.041666666666667,4.7587462522974056,0.5239695011275259,22.032659943439754,125.17366405123516,2.7232509217959744,0.7346106603019963,9.422840896224214,0.5745938101460614,0.11407201352324059,4.5778339773397985,546.1620783820435,-0.11101109086782468,9.714802650954988,15.0,4.980095287066428,0.8684574082799742,34.94506464454051,26.310559526454895,12.035061082652506,39.0,16.084835343291843
155.67521729684634,-2.2154183856494183,9.042232489138517,-3.5384615384615383,4.650870511927101,0.5511003373778901,22.60654983033673,170.59788975453014,3.431735641703526,0.846971110075037,10.510912897594975,0.6587459720029639,0.13965786443423941,4.835399396538766,591.903896851161,0.21983028682752792,9.887831052548767,15.0,4.9805088536925055,0.8704762931895561,34.628953664650574,27.562313292609034,10.634757800611434,39.0,16.00737651512763
176.63966362270168,-2.477122086760884,8.967469767159237,-4.2592592592592595,4.618347987081274,0.5562703527033671,22.76993506405401,200.31394088876567,3.610219644401265,0.831131708232139,9.131113244338435,0.6744107105977911,0.14637147209478732,5.002189538525008,743.103522466213,0.3711153329013852,9.66720550290526,15.0,4.981637951703847,0.856579920185533,34.49396958279463,27.805204876154537,10.052632885919165,39.0,15.807271024700047
139.68259330706903,-1.9928374191071772,9.04412062612591,-3.72,4.7015269388792005,0.5329663120550037,22.34812430916571,152.0010957902132,3.090120200944302,0.8046444821972797,8.775055555379693,0.6208612482569348,0.13031603971772593,4.749348772169409,577.597609931355,0.17554874069397108,9.662744089579116,15.0,4.981355918812813,0.8545964333981256,34.32444103468865,27.05868580174524,11.283180836388027,39.0,15.50486439583345
177.85883654328703,-2.413731498078302,8.953494779179866,-4.148148148148148,4.624908447595794,0.5527232056927109,22.85947593213753,200.04066929798987,3.585925043682288,0.8103562556119284,9.739966171147062,0.664431845544152,0.14663401081668379,4.995568841378432,734.6523427752675,-0.024548408403697874,9.94569735922948,14.0,4.979133449516194,0.8593929664234953,34.5222633767804,27.79909569920568,10.045347016682948,39.0,16.244582073983395
153.7454407315931,-2.3703764534936442,9.006536057042778,-7.8076923076923075,4.655124226942378,0.549799574845511,22.574783089721304,166.832623598885,3.349163469477412,0.8134428818250978,6.45111338493794,0.6596160211122803,0.14131011240384342,4.849363916100195,594.7344810130048,-0.1997671876031467,9.866114139521038,9.0,4.982952020597885,0.863697963513522,34.670378252494885,27.472441067698494,10.770778032377734,39.0,15.956990015648056
156.43429843027073,-2.1065752114830345,9.02783906759363,-2.1153846153846154,4.666996910410611,0.5416709809569865,22.617847736509994,170.36030550771306,3.376087770917847,0.7481448981136902,10.289378104392313,0.6372343183573991,0.14171755694668106,4.7856987864620715,598.9801758438622,0.08508174184317907,9.80645911040121,15.0,4.983224259694195,0.8674377768561995,34.393788344606364,27.643688427091707,10.410386183525768,39.0,16.15690066510315
85.9930329720603,-0.9627090487728189,9.29490014589319,-4.7727272727272725,4.920644808521711,0.4866078971791871,21.017269578294353,36.74032290777928,1.1465696268704473,0.25237389556628764,6.156532511242303,0.19954369440100062,0.06325410188656373,2.8525494607530755,240.75118749210353,-0.05446512004957005,9.992209650267844,7.0,4.981384746849205,0.736516033550317,30.61831982007644,24.249385557512106,12.471452329663181,39.0,11.764961692019455
155.93976448910283,-2.275650973140949,9.021953226460072,-5.3076923076923075,4.6533574282777845,0.5489646557715845,22.685568301197865,172.50298595056645,3.378575037748765,0.810135071360917,8.913124423132919,0.6564753417161843,0.14170076066738338,4.873664967975381,594.152542287535,-0.1205471545987773,9.766993218696394,12.0,4.9798538848265474,0.8612894327597987,34.652359601460645,27.25858061515943,10.970885759741883,39.0,15.780873725772729
138.23849682750154,-1.8602723779808052,9.029841290180576,-3.48,4.700145586254482,0.5308206177178255,22.291485183943667,148.0429532184331,3.149727941041211,0.7942686002623649,8.800545437641919,0.6301402934204491,0.13311920438867747,4.802593545364548,563.76660110267,0.13395458054448017,10.09515583415857,9.0,4.982157282818849,0.8730843693579895,34.87790136987028,27.067409932046345,11.344929861735448,39.0,16.110664517700705
102.45473927926604,-1.2041561536107481,9.203693389876891,-4.3478260869565215,4.836950554779759,0.5059900612707743,21.455200550294887,86.7661463651181,2.2106772351552535,0.6564924018737754,8.95208839201501,0.4543912396446931,0.09554193914018232,3.9191840084426834,477.60178048588256,-0.11439212003433341,9.95120084290746,13.0,4.983760727549305,0.8624917982544124,34.49803552258413,24.345242330919007,12.522934972558938,39.0,15.73994701135559
120.39658580058686,-1.5864419890838537,9.152388017461965,-1.375,4.759056901283359,0.5228436495471038,22.11319494665726,122.34602632138117,2.7656323451577456,0.7523514605668455,10.262441636050035,0.5694009314172475,0.11253712883486941,4.519912525358096,543.7244778020972,0.19078405304088442,9.970736965884921,15.0,4.981065729543174,0.8542527518209493,34.41659493604081,26.56073970062913,11.817092390176601,39.0,15.692262992711314
141.74632949408328,-1.8464481594881885,9.051609126256112,-2.12,4.699232148418396,0.5347551785707992,22.423177186802683,154.32229318427883,3.1901644100039266,0.8314193930218748,9.605498425381164,0.6266412234600541,0.13093195501419097,4.837295548217589,593.7498799679398,0.275552278794861,9.956031212977331,15.0,4.9806594675968245,0.8651575417709177,34.46730924244421,27.144299281227788,11.18277470774238,39.0,15.889472529348822
175.9246190391079,-2.4919555867114997,8.987071818197357,-6.481481481481482,4.623039756457448,0.5553788233823629,22.77814475253433,196.87312324216967,3.5202977804205817,0.7993310417565083,8.513041717664379,0.6642878115483863,0.1469013432688706,4.970796156470144,696.6731272844495,0.16057752476445386,9.88178237052293,12.0,4.97900342187134,0.8569256308486246,34.23210776593032,27.685761360453622,10.00936085242687,39.0,16.10354331883381
121.62566951462988,-1.5659707194817074,9.105317344516147,-4.958333333333333,4.758079257509677,0.518193820033806,21.87598335159754,124.48571353136809,2.790590341332735,0.7955908244042389,9.153683988185058,0.5769453379708303,0.1147825049160552,4.556415264532414,555.282794667199,0.4312938362905935,9.903870951220728,14.0,4.983379081033144,0.8559498362267132,34.59035201037874,26.047822932316006,12.124806742838155,39.0,15.988100450657576
121.74170728112078,-1.7447037203694293,9.113521446461762,-4.166666666666667,4.757250621266141,0.5224327983964233,21.946104822328355,122.98274335613996,2.704981074501035,0.7510759547374479,9.044642367476756,0.5736650955037965,0.1127250458226754,4.626672568189192,544.9875511372489,-0.019209841552144447,10.050132010779105,15.0,4.97715957526389,0.8488440938381019,34.56313426864728,26.104619996089934,12.122289744528567,39.0,15.715771550518784
101.6160569016195,-1.2658976221456537,9.145939302536936,-3.130434782608696,4.836524038001525,0.49849047578862066,21.568411646520047,85.75580456021811,2.1834390164864863,0.6286553339812264,7.188785637463316,0.4456767440146503,0.09608560560720623,4.071179387745285,474.26627671318045,0.19599784639930218,9.68245092248057,9.0,4.979494067224691,0.8482583972182751,34.621428368093405,25.920685214197167,12.235722510835004,39.0,16.545319377893318
175.45916393044865,-2.464294446849438,8.958029084584476,-4.481481481481482,4.614224855580129,0.5559665342137761,22.814445575533536,195.0767420321708,3.615017625318222,0.8552052269936105,8.791285122296335,0.6794608082020281,0.1492509216837403,4.934809404555517,726.1753753800153,-0.03023175199827688,9.919789953920214,14.0,4.9811015697613374,0.8626011690196969,34.784979167106094,27.70307558060209,10.261473891704197,39.0,16.113944767119847
157.33844329929028,-2.2057350894189134,9.005641303601895,-2.9615384615384617,4.663544516132939,0.5485153286283694,22.50658809172074,174.37174110440054,3.390327511466397,0.8224148109089492,9.407365237411543,0.6443552276517805,0.1411012317602328,4.858116166441407,611.0511735421687,0.5010620689665262,9.923939091541083,14.0,4.982302473779436,0.866894005136102,34.621692495616024,27.56705228665829,10.50335596881797,39.0,15.787763031588483
102.49212528138662,-1.2036577416348546,9.178056481324763,-0.08695652173913043,4.830140794749421,0.5069857341010353,21.510233097900468,86.98164501684691,2.320596350096332,0.6437853792974835,10.71331168495434,0.462486454251076,0.09468195930042937,3.9562539479732624,476.5230602749256,0.18339324560874481,9.872723665168914,15.0,4.983437665959945,0.8565893567587617,34.36368027861951,25.64445039046829,12.319876994669736,39.0,15.430882911042225
178.1702624852274,-2.475064163760516,8.958307590860407,-0.07407407407407407,4.611118265907481,0.5557624512942368,22.922108472752225,201.1451206181815,3.6294450873235107,0.841759750883839,10.617685895348892,0.679405605327167,0.1463719255718738,4.975293203146519,731.9049318698721,0.18708375731602733,9.738186318866425,15.0,4.981290953790552,0.8637805609844531,34.81790350748926,27.770995278037944,10.138456389606798,39.0,16.21852496838126
176.76262988484734,-2.4524521617586026,9.038725216491812,-2.6296296296296298,4.620460640170342,0.5596161175826612,22.861125052976874,199.64825409982396,3.5738457887892223,0.786233913453807,11.34035125247417,0.6653051130620763,0.14471663627082498,4.959799277060794,738.3245218207635,0.3579838825707611,9.761454843606277,15.0,4.975727723428676,0.8662695186263508,34.34148920827502,27.78576154244168,10.05576137283798,39.0,15.444801435772433
85.20023068512246,-0.7872866345628279,9.29950217559624,-2.1363636363636362,4.920550315097371,0.4869669581733925,20.91385602463805,34.39621853475095,1.166629270874587,0.25310728494665274,8.086439010328872,0.20052089295522096,0.06524335200939396,2.84197555352408,227.77021015981114,-0.028108136523685268,9.90448469120975,14.0,4.977860503381081,0.750360514670516,30.559705175336518,24.250974821629555,12.462008207758261,39.0,11.937433141765936
101.95585973945863,-1.2445473787599795,9.125288753013136,-1.565217391304348,4.8311638858709065,0.4972137306798723,21.625866729401977,89.84242614416019,2.3036313322703856,0.648902006254539,8.631721511789454,0.4686180722119624,0.09832870536525834,3.9391063788834857,489.5983150946582,0.024745865791660826,9.740390611571794,15.0,4.982057094962475,0.8629803912612117,34.836574632249636,25.52389751399587,12.298493271192383,39.0,15.921644272277838
155.82080223559973,-2.226620156107921,9.004480825236431,-2.4615384615384617,4.653388762606709,0.5514311829980353,22.71379096034114,168.4842890083989,3.426115546247227,0.8664798772985146,10.333778701352214,0.6614634425944479,0.13939047539848698,4.84994752674284,597.6263969289654,0.6595972286501566,9.937336618202867,15.0,4.982347153325733,0.8727166362707947,34.53953427628009,27.476354686664223,10.6052019109693,39.0,15.505675980062286
85.10139200877929,-0.8256490333223362,9.304143179966239,-0.18181818181818182,4.918788348773232,0.4910203288529633,20.921732253683896,35.14897054764664,1.2151146647248556,0.273789197441974,8.911873405929068,0.21177953241915098,0.05941696275735399,2.9471621389707274,231.26560866897788,0.14111735638925826,9.92860461761395,14.0,4.981392131086208,0.7287109987411182,30.777010576569733,23.619593130231074,12.505151186319067,39.0,11.94617831309008
102.7743825018655,-1.160324606989269,9.21404548090753,-1.7391304347826086,4.827716989878339,0.510852306370399,21.429222939021393,84.15367658831532,2.293318713271124,0.6320729211359032,8.511973108532363,0.47209038624139416,0.09660033919598236,4.03615367994823,458.9464320349153,0.04058416697753486,9.888220012929377,12.0,4.979476313711782,0.86715940614034,34.62490885967571,24.99202106066339,12.465145384173901,39.0,16.130365644064632
119.91137480608029,-1.7274310048394685,9.078626594792471,-4.375,4.755942408894859,0.5173914585288664,21.912717761800064,121.86518201789818,2.7335978374140817,0.7523910872025346,8.533329264321946,0.5768135689075587,0.11439152276723537,4.517347099812172,540.6966076836347,0.34805432562286986,9.895040157577217,15.0,4.9764181360402375,0.8604512716844981,34.70631673431154,25.945975845741657,12.165165499664422,39.0,15.861800886752956
85.28581256954058,-0.8551491323004143,9.417068333472944,-2.8636363636363638,4.92039946175963,0.5007498200408544,20.74361189330366,34.16071070230306,1.1423327849349578,0.2111585517332199,10.055733120714835,0.20486898473053491,0.0603837132527133,2.8248545062009427,226.69762877661003,0.1005037141232279,9.75489273686697,14.0,4.977861321548187,0.752219219993425,30.56842225207173,23.504509551367832,12.454468692507678,39.0,12.08009480368857
155.8094712071264,-2.2668462462988748,9.011430756024284,-3.230769230769231,4.6574260678632236,0.5487992853458273,22.326692870801057,169.980788017967,3.3911143049127617,0.8167508913233911,10.127296291583196,0.6503971369998878,0.1399677796458013,4.937252767884938,580.026594522425,-0.00645590263798379,9.985228179703366,14.0,4.98098327040193,0.863709628182134,34.43059634048043,27.307178197539873,10.751602071338299,39.0,15.786293972698601
102.8051844658997,-1.2068089227381542,9.158678893953459,-1.0869565217391304,4.828204825056684,0.5077497864136101,21.434625418030475,88.91206113896844,2.318505626403798,0.6738865699376302,9.249738156003735,0.46764191294831847,0.09720941299144012,3.974769274906726,488.30804589338805,0.04285755210690134,10.001418746857183,15.0,4.981646615888975,0.8623815015930694,34.569314886057604,24.894347777051973,12.451732071955389,39.0,15.791724798681962
122.07081539084662,-1.5842755762153349,9.132868236592769,0.3333333333333333,4.759235878865428,0.5206838014212194,21.996823337108783,124.08362621791713,2.773192473383033,0.7550556324930323,9.766723549322407,0.5811489015931729,0.11464001274708821,4.558424302319149,555.4435872717918,-0.0003185106033178897,9.697630337724815,15.0,4.9782752061529,0.8639953467882168,34.58866253295699,26.112732182386523,12.153624633869363,39.0,15.683779036102749
102.34741939958859,-1.3688162456882857,9.212890211654985,-3.9565217391304346,4.83161312557796,0.5094797952193774,21.483750515841198,85.71110426926352,2.2173739672197996,0.6831465216131929,7.374917897079115,0.4581440287520915,0.09522764733083652,3.93062952171686,474.12177280219396,0.362804739055689,9.713581418050497,13.0,4.978110718378028,0.857513236425256,34.53119454161862,25.120409258636897,12.473172410026338,39.0,15.86106735501734
100.9523740299909,-1.3671128784685649,9.200226671189968,-7.739130434782608,4.832318447663496,0.5104621148687623,21.449173874995747,82.48019768249974,2.1923867106382753,0.613658236353936,6.628117913098958,0.4577135476655846,0.09384978870035666,3.9817126251475314,457.5537153255015,0.16252686369454483,9.723421419993132,9.0,4.981703939498093,0.8577424869687059,34.69075362758193,25.69388439056265,12.26430984077264,39.0,16.094630685583436
87.11490740147234,-0.7350401594179132,9.343335157422832,-1.8636363636363635,4.9205184395433745,0.49121459619516483,21.04701181606492,36.881353638759016,1.1906881756253307,0.1872482813678044,9.668578228399339,0.19901601459132567,0.05804149898803028,2.8269516243530686,241.08994863456223,0.6215414915602142,9.770249164497365,15.0,4.981726604744763,0.7355091038275459,30.861336590234778,24.103162640239812,12.43947268542508,39.0,12.129763548856879
139.57913057645655,-1.9121571365458743,9.080399796828244,-2.56,4.710145524484722,0.5342263942503093,22.2281276393389,151.71052999616856,3.0871734249404974,0.7907598861423007,9.777852524966816,0.6158143076815716,0.12735608956555658,4.820926364104785,581.5543061803933,-0.022323517360882228,9.795105205172668,15.0,4.983630593842633,0.8637385959728289,34.736288619973976,26.99274065093664,11.323563987899247,39.0,16.11564731515886
102.71704320056199,-1.2986947723234508,9.249889041316994,-3.5652173913043477,4.829242863981648,0.5144255376582137,21.494200243858298,84.12765885955687,2.197153302656823,0.613225647724911,9.872342072488133,0.45424436045022404,0.09556608280626876,3.8633706250464175,464.8894514041128,0.0495393897105143,9.88367219274552,15.0,4.978642195285647,0.8667656682833303,34.26253981561749,24.254264696162338,12.54243052091365,39.0,15.417848614834824
121.07216803706824,-1.6040861195858476,9.119364966023388,-2.2916666666666665,4.758588100348016,0.5197232971488152,22.07636040022894,122.29782895265372,2.7285844427235704,0.7381798517456908,8.834021199632451,0.5690640383289683,0.11449376163402956,4.478522444133381,544.2384172382547,-0.001191805349105013,9.748587069725508,13.0,4.979243691057521,0.8490648250266234,34.620014240949025,25.91754361204172,12.189726892154534,39.0,15.887923254439595
103.60532992061009,-1.033452445317631,9.239265899843714,2.4347826086956523,4.837160479047252,0.5088558933799193,21.32327325589179,87.24003530201577,2.285686072787698,0.6702562029284611,9.44009067272464,0.4611535770257669,0.09296678168540626,3.9861242500899805,481.8518969766477,0.48231826494016494,10.021253632772037,15.0,4.980658431760304,0.8626557682480702,34.67905332397384,24.154553873795066,12.525102061450863,39.0,15.775127429470846
136.8824822740168,-1.8751649382652362,9.053352542077,-3.56,4.704539056588365,0.5330477690175237,22.3705837873281,145.6707050886971,3.1311471337523247,0.8018754148385645,9.474513180105879,0.6215876290764912,0.12785175311241037,4.703309280125631,554.7767053627396,0.07358841793329174,9.625110023107695,15.0,4.976924069622399,0.8581279423866207,34.699087626732194,27.09222826095295,11.24145008091079,39.0,15.905395256544512
120.71531233418496,-1.6121975314897747,9.115180284475318,-3.375,4.7624823992323995,0.5196881092751329,22.019086593048115,124.48302655914797,2.7047223065988617,0.726949985505627,8.98059250086912,0.5670943513468224,0.11569970791210434,4.4873988493997246,552.1328166956512,-0.04572790662826187,9.92676373117557,15.0,4.981230187945857,0.8557895569859104,34.46645519537124,26.183983514853033,12.079503655067075,39.0,15.574685189720064
102.38312409548855,-1.260264871937509,9.174132580443054,0.9565217391304348,4.825399666193585,0.5057609022252194,21.551429519398024,87.01747448681408,2.29919125798494,0.6972464275359834,9.327277718650375,0.47454071714400564,0.10053969927238673,3.986108174050148,478.3683585921831,0.0822327496493851,9.823256605888265,13.0,4.981840207908886,0.8668975003396167,34.620491548322725,25.916247684964752,12.181809322616488,39.0,16.12733171326343
120.50713809011843,-1.5675707725085575,9.08617808752008,-0.4166666666666667,4.758519002585211,0.5147081188179093,21.94069066706893,121.9782995853929,2.724356384830711,0.7290758153712295,9.349316671405576,0.5714914698338937,0.11848419279662263,4.516638620130036,544.1218011686144,-0.06884681513964086,9.754896234789546,15.0,4.978801385440429,0.8609859545124724,34.4740090481909,26.260920558627156,12.006832651819485,39.0,15.741880771429052
137.43973850711302,-2.0360805631769465,9.036041266340016,-4.28,4.694589181455219,0.5366178892424357,22.250041786110483,147.26072000099256,3.147479866194007,0.8150621104294253,8.779612747724126,0.634531811721857,0.12987179515618152,4.8282546759004195,555.0224184189681,-0.06586013940894464,9.697168032847138,13.0,4.9770213169645725,0.8637018968372581,34.46449880566649,26.87312272762017,11.549155236663976,39.0,16.159546021365582
177.5445696928349,-2.453412634033591,8.942152052991524,-4.814814814814815,4.623079004927804,0.5507752094373198,22.767971748555233,200.54242603059157,3.5560963345734926,0.8089999705186801,8.078490127708532,0.6669453320973942,0.14833886144759267,4.9782837516575125,746.6635751963676,-0.014448559351529777,9.771846199043386,13.0,4.977883068349897,0.8632439148352137,34.47670152509917,27.708428817150015,10.325401100833599,39.0,15.872509512500983
176.44321366855928,-2.411119686689839,8.955059394990457,-5.185185185185185,4.612894723267311,0.5584305071374552,22.888574824039846,196.80321974208252,3.6343066967912896,0.8460057212403636,9.249772918281858,0.6825087522447443,0.14737849833325684,4.928860282037005,701.0068202796617,0.21735781146598288,9.802481693362754,13.0,4.978555892363399,0.8680893892465923,34.79266186467154,27.727808194314296,10.083890551593234,39.0,15.813177040005314
173.87822212961623,-2.461095554923264,8.913004837937033,-2.962962962962963,4.615096956203907,0.5519285871509866,22.835368226328107,192.25087926324275,3.6090569109422335,0.8308307685073409,9.191306204200194,0.6757650876265489,0.1471111659636989,5.018654583816484,684.5068635158776,-0.1022947261849586,9.637729150493342,15.0,4.980732863514373,0.86377401520294,34.55161529417387,27.732386213285288,10.124718920862119,39.0,15.46328675218291
120.90607557972488,-1.534738429474639,9.127713479719112,-2.1666666666666665,4.757800133084151,0.5214720039483748,21.99583748316614,124.16517309702469,2.7957726729310868,0.7457561880221018,10.482790129010928,0.5726573274307496,0.11259530766538992,4.593263316450751,549.3166694051711,0.047299797127875465,9.749998729250187,15.0,4.977031415631874,0.8599024531271657,34.75752603528159,26.540025727208295,11.837485922208442,39.0,16.233580833656312
138.2055178149473,-1.8547321080068044,9.034680734725736,-4.8,4.699656029661328,0.5345714555336892,22.34619142743243,149.23042822890625,3.1905980637631735,0.8261748741526408,8.758995376183275,0.6283289888185702,0.1294905194658376,4.790499994698901,559.5238857198997,0.21001329888651443,9.748329980184941,11.0,4.980423334086161,0.8503556810361161,34.738530117438415,26.87537721785408,11.504938534468922,39.0,16.0790602234134
121.05014644936229,-1.6890304754483758,9.090535611124626,-2.9583333333333335,4.752796878302833,0.5184684585249664,22.254973856496388,123.94638502852048,2.766420895924919,0.7660329545271648,9.650039579654006,0.580392664296221,0.1183746866889134,4.554328351360695,549.2361871920783,0.2707030473686092,9.681308873659788,14.0,4.98049873028317,0.8593204907709786,34.76902028693981,26.775058653819272,11.721154612576244,39.0,15.679178159812881
138.52367710817327,-1.8489295813147384,9.084344885178949,-0.72,4.705466232585338,0.5338432252885468,22.235889660139495,149.34197530969,3.152107377922629,0.7681709824836636,9.986070298170347,0.6176336633926506,0.1283891443056446,4.749568652295422,574.8956604757144,0.02353396793828655,9.645886689621019,15.0,4.980175471467676,0.8631791313135404,34.63866677500832,26.893841537307445,11.515897172733641,39.0,15.731503439418788
121.61509458953871,-1.5390601409413336,9.115784112193298,-2.5833333333333335,4.758163232737747,0.5195642235320508,21.831195939857736,124.1500684728387,2.7884535897284746,0.7571178537965866,8.149216049548706,0.5748134913571893,0.11462959128124663,4.60971070533081,557.0560046839349,0.08844722078637046,9.810337381232708,11.0,4.981668357189899,0.8462978697494974,34.68505256897001,26.049722169165392,12.092799331457611,39.0,16.012090531411864
176.19446225779623,-2.5203914990997975,8.950869888348603,-5.777777777777778,4.612272161517307,0.5588388193731524,22.902300507762696,198.0250396107391,3.6357351299061884,0.8180445158945523,8.469261777848669,0.6808166558086128,0.14872500892282234,4.991005684343428,714.3918252288827,0.2129969161935007,10.028425949774402,12.0,4.9801600078209685,0.8663044243414008,34.57873587149391,27.815964839394237,10.071602455715466,39.0,15.910344038501293
120.88000178097873,-1.4272224807869822,9.11773635064487,-0.4583333333333333,4.759363069254353,0.5219394591410179,21.911010886773273,125.71973895069479,2.7652233767292107,0.7460655435107999,9.987405263074534,0.5680808060506004,0.11483395551678031,4.558217775272261,558.9062407392497,0.26176612691224554,9.693288921618528,15.0,4.979634931074901,0.8684173647391261,34.47437321980379,26.291371778951397,11.956754207140248,39.0,16.040127403452402
155.90079215122083,-2.2127383470588486,8.962747920779423,-5.1923076923076925,4.654875756567789,0.5427696488582952,22.64298157455103,170.8595336112837,3.409126235213553,0.811126084046907,8.40338407460503,0.6579551484708859,0.14413563030236287,4.8612367405775245,597.5167101689428,-0.024497447131183403,9.788550789093202,13.0,4.983837013011536,0.8655592894540359,34.38800353934387,27.261707344275933,10.989633363305387,39.0,15.326137248774575
101.76151757117022,-1.2731221677185036,9.176519160240716,0.21739130434782608,4.823084905107178,0.5084920876156253,21.590296510243533,85.70873112234825,2.328112493694879,0.663960751381192,8.366374321153907,0.4708348905611559,0.09684665356471313,3.9530187202178393,466.5306331296488,0.28143869056049475,9.694793746874272,14.0,4.972052257899941,0.8617972832557382,34.69460188667402,25.84306513169142,12.20994705555152,39.0,16.100357841524897
102.5694202153719,-1.1918944788648556,9.24161353998227,-4.3478260869565215,4.83216868724091,0.5106897752384367,21.381440039456994,85.50390587185684,2.2361195993524987,0.6832675578576994,8.498637720257822,0.46476371891530366,0.09556378811784277,3.9602537484106355,472.9904585538583,-0.06931198229778945,9.833646165240681,11.0,4.980257217297353,0.8662152628607821,34.70844160313704,24.86106315862996,12.473442190580641,39.0,15.776909454978998
176.09955355073765,-2.4397698641755414,8.954740844371193,-1.5185185185185186,4.609048882405729,0.5556859332457827,22.89590470221783,197.31704541350186,3.6242247298179784,0.8444457611288678,9.908359248149909,0.6908685101203503,0.14954184564094017,4.869034207170799,700.6023244831214,0.14407196002898737,9.799404384692577,14.0,4.975197916027211,0.8745536770643532,34.80306829155952,27.619330980176468,10.276954790718134,39.0,16.116710000416845
103.77236441771007,-0.692724042832737,8.961945432207393,-2.16,4.589438829911129,0.4921946176331623,22.82683575050049,33.895110346737376,2.9053806730119693,1.0929606937975556,8.852931717798349,0.4155818445744916,0.15339644524212082,3.4814152024196363,158.61326384260008,5.703105714519179,12.390831785318767,13.0,4.979364634085329,0.7392638535587295,27.099725577695406,23.98088731641443,11.929359577880792,39.0,8.29014031790966
106.10315055366006,-0.4142381927989702,8.878632176176524,-0.75,4.562497702051094,0.49497953737443395,23.2095832250606,35.36033789643787,3.0276586731798814,1.173109425016484,9.143531411148905,0.42116294859701614,0.15928080013264934,3.5385454023981215,157.3385387077763,5.674686026442986,11.772636988870637,15.0,4.978944084604052,0.7379743501786392,28.11582299008454,24.1704419136775,11.877000561165573,39.0,8.985396507411082
103.87937186678855,-0.5754547608758867,8.949650715193757,-2.1538461538461537,4.594445696379463,0.5068159636414599,23.032839211674286,33.673077208998336,3.051688294743524,0.9835967597892917,9.363153264432578,0.4078610377065361,0.15487089113451505,3.4620240415851793,152.59247885790515,5.833170665879729,10.77688794341976,14.0,4.982504298430801,0.7271301339067379,27.730367809211618,24.014779046496812,11.936746091712957,39.0,8.838032695770845
103.71350837822206,-0.5310210639631128,8.973391274175201,3.909090909090909,4.605003743630006,0.5036850887462899,22.975289652403557,33.44420014992964,3.087715750120852,0.9701219666170401,9.885292522958682,0.38004959635616414,0.14963961335199108,3.559971801601516,152.41361946224663,5.657948182149608,10.057079552784083,15.0,4.974370327943332,0.7410512105754182,27.823755852827052,24.03314592727773,11.920300162655154,39.0,9.375455927552565
103.51808573251445,-0.384861907060748,9.036700006893033,-0.16666666666666666,4.579798783147518,0.49154483257509335,23.152997817664005,33.043463947941156,2.5798500047736894,1.3108066986400875,9.685326817178424,0.4146612108104799,0.1582119749933882,3.3795712166817227,157.6017322300708,5.533127373980172,12.291926427263773,15.0,4.9781825242957325,0.7481096903006074,27.436547728484136,24.03736641922905,11.936492195160252,39.0,8.623379231817996
105.7323738515504,-0.472983920146943,8.894110152391272,-2.875,4.573000309000075,0.4980514990863507,23.010013828077238,35.53330720862206,3.0391619830791092,1.1380080092920333,10.00963077907139,0.42610077577717675,0.16092385203046483,3.614398726284526,162.5600035497766,6.055415962693149,11.717816544845064,15.0,4.982503025362936,0.7412246540200621,27.80098575637983,23.980433504275013,11.894759053265249,39.0,9.1675835212205
103.8535267542265,-0.5654256790487803,9.09202440076951,-0.7083333333333334,4.583120372271092,0.4921151226457508,23.156138863376924,33.37327585548798,2.463835514389969,1.3623520940236267,9.997829625584856,0.4213729148630377,0.16183346773854387,3.3369354309317187,161.47546762923884,5.030536852001863,12.632563889944466,15.0,4.984655233738284,0.7487407287035187,27.372171921637698,24.076993767214802,11.884948162818835,39.0,8.193302906074265
101.72718821047346,-0.4606396900911469,8.938737744827291,0.14814814814814814,4.581971508565496,0.49974035268562605,22.84277447817154,33.753928499362374,2.9774079196961885,1.1137750135749425,8.847279153643598,0.42235730425416024,0.1533867572637385,3.485359739701261,152.7959858392707,6.155818288063378,11.706097850388174,13.0,4.978297185336204,0.7275761339123197,27.406314678213167,23.965929019087966,11.915004752867667,39.0,8.530306295978203
103.48972128861293,-0.6463751463396493,8.921930533460984,-0.15384615384615385,4.579983637290129,0.500732320608386,22.93565836593047,32.08454260759006,3.0588520055988897,1.0350787829576196,9.867165081499454,0.41340731118472607,0.1577125633590696,3.459388555968138,155.7245573567663,6.0441347066572115,10.638978370674613,14.0,4.974630470943634,0.7423771252204426,27.25152584117722,23.953076538019424,11.911391752798304,39.0,8.608905312786305
104.63902886485414,-0.47081354016411686,8.904543236288903,-0.7083333333333334,4.576583739873987,0.49072943114068024,23.153743071209608,35.09526073618969,2.935326387297688,1.0984591043823604,9.589400253520665,0.41749377298184953,0.1638139036761361,3.460169015702876,162.17845979467586,5.266932292291005,11.229562632535679,15.0,4.976413743135817,0.7460643097749691,27.244143134632452,24.07615951580466,11.875961355139447,39.0,8.26840168756501
104.76521177918909,-0.5156303544417431,8.926196810794805,-1.52,4.557171170097449,0.49996651111726037,23.088436666425743,35.2497406944826,2.9483897425124055,1.1902251378774018,8.877477119091887,0.4347686876784542,0.16059081430824226,3.5341298854475047,163.08696358787768,5.460212765494398,11.505840875392181,14.0,4.983205229716488,0.7439647790756297,27.54572649962788,24.024508355577915,11.90301502469944,39.0,8.642586867460004
103.7918248857235,-0.6547468017342352,9.053558083683713,-1.0833333333333333,4.5920245646315765,0.49456736281965324,23.00933446803711,33.355225264705886,2.655053496543126,1.2182710791257867,9.793350918976722,0.40584514057002896,0.15942078209074143,3.4178877700662866,160.4422587129922,5.216800749787549,12.193263153026095,15.0,4.978508927659399,0.751329690223613,27.529806803074067,24.006798068451737,11.888852153838238,39.0,8.88640772098347
104.904310140412,-0.4913756474332915,8.934361276243157,-0.12,4.55946694900344,0.4999948714668804,23.142334045256277,34.16153645717843,3.018020110591942,1.1374987655408204,11.064610250704723,0.43161919391611064,0.15723491019909908,3.564989559194678,159.13507567995276,5.911804312728598,11.614854790482944,15.0,4.980432270941991,0.7324699141334857,27.711279008498128,24.100688550753283,11.88886814973087,39.0,8.58481280067306
102.05659365457277,-0.3452881486431157,8.875016855249182,-0.13043478260869565,4.606872823047438,0.4868696209166136,22.900211061730637,32.31472034004983,3.005529475126868,0.9718582116203002,9.583973705351925,0.39951678368635357,0.13711472031034513,3.540143708561973,148.25494207182717,5.5348692944519975,10.737214884877572,15.0,4.972826782480597,0.734249137613416,27.59398131876788,24.020893249509548,11.907086177361052,39.0,8.851942852188671
106.76496173790541,-0.5294967198611739,8.867143349954276,0.21739130434782608,4.551350357154921,0.49392613958966614,23.308781854109572,35.38405804984631,3.135423668257793,1.118671345976934,9.550581688358639,0.4259865201427449,0.1695238097311234,3.5753909044665257,155.92383214440804,5.394267236710746,11.234988437525777,15.0,4.977558820696987,0.7434944040610769,27.60879115352084,24.067652748441663,11.938397718097148,39.0,8.669617707671705
101.67851337906178,-0.6073122922833475,8.969114932698345,-1.4615384615384615,4.572959454753198,0.5129006952361592,23.017072117105897,32.873278412460685,3.1801106844990557,0.9785915251586287,9.958493743189083,0.42490816473743864,0.1587610240008914,3.6861084209218618,153.29705989507167,6.054293500808777,10.684181311794209,15.0,4.983478988759212,0.7525325922567492,28.020361099419688,24.11131242537042,11.881732356064285,39.0,9.720761946508492
103.40622771539417,-0.5848183734152325,8.831327234727697,-1.3636363636363635,4.602351162933671,0.49086492887327854,22.958707655308572,33.09950641542126,3.244961281829822,0.8764557557096117,9.01284666233026,0.39261591947482766,0.142022489836068,3.683640925404434,153.07719752163857,6.064300059473155,9.693063641547518,13.0,4.978646900263051,0.7310522384801853,27.939571670345238,23.96583603603636,11.960292807959659,39.0,9.58113663742731
103.19998431901142,-0.639532481687906,8.98230487042785,-2.5925925925925926,4.575756191479252,0.5048357414013613,22.88643540216699,34.119996282423436,2.891417005491459,1.166588680559145,9.480034611826405,0.4396930547953872,0.15480239066498114,3.5576091370162897,156.7208286863256,5.723650422915401,12.435313495705337,13.0,4.9752341167305305,0.7391306362927719,27.309382645712233,24.113396310116414,11.869680351076543,39.0,8.405402341343539
104.46265032503013,-0.6891818123187158,8.925969893733644,-4.038461538461538,4.555677419168897,0.4949567592881039,23.16008894769215,35.3893156140277,2.9195841996616063,1.2464177251135524,9.893590657323285,0.4452756983767221,0.1534914083227179,3.5695383357758628,159.8001899448086,5.795794313610378,11.955633667916079,13.0,4.978530979077636,0.7288014966992711,27.634406221483463,24.11096246500658,11.923758940144376,39.0,8.753716725942343
104.15461258345356,-0.23554260972978383,9.0114524432749,1.9166666666666667,4.58167114862103,0.4988204092867848,23.08478806356459,33.071331817912004,2.7476304788521166,1.1478840419456642,9.953712316964403,0.40427610804231323,0.1532108629541469,3.5336964015468055,156.78339774002328,4.802795191561454,12.023811005261333,15.0,4.976047325871446,0.732775175218863,27.812480659459876,24.05950103494478,11.876304620558196,39.0,8.89657158387502
105.94810037754071,-0.3748807785948811,8.899987110292187,-2.25,4.569671736352814,0.49136531288893864,22.942712380404682,35.07455020939904,2.965200200125799,1.1173291620580335,9.88791349746413,0.43072232094128615,0.16493969161833202,3.6131869269302324,163.59504610238594,5.48379669076638,11.129391780052568,15.0,4.97996009735057,0.7606186970858286,27.60272862758045,23.95106963643439,11.940120252794609,39.0,8.903977039949172
104.7413115934596,-0.44092817956528824,9.085692598592743,-2.0833333333333335,4.594825042248399,0.4930679460519907,22.98647510397302,33.60781962043778,2.526189402313645,1.319216072627073,8.854926437990448,0.403014885956821,0.15395411256604524,3.4738182390355874,155.53431692944343,4.7906791639097275,12.490525205065522,15.0,4.9772293361696365,0.7307826561933438,27.39575715002607,24.128740882618015,11.884262919938227,39.0,8.502215670892042
103.01931559263093,-0.7218101682708645,8.981818762960154,-1.8148148148148149,4.575452139019722,0.5033806007127369,22.918720576812532,32.85644103313113,2.9192298809609616,1.1351394344916448,9.630341854003193,0.4350100856653225,0.15563786367222598,3.491482265500695,152.43934914595388,6.03524928602159,12.081055273868207,13.0,4.980029480903077,0.7472214347118782,27.601170299793125,23.947443789089043,11.918088899736588,39.0,8.457799200280881
102.66172775907569,-0.3646070574992528,8.879279896596628,0.9565217391304348,4.618133691255118,0.48741082532724606,22.84982970499094,32.01545694777137,3.0321098538034885,0.9653436654462787,8.46721688719173,0.39291893530934685,0.1360184300638243,3.5364195001922187,156.19822325812896,5.530646195637013,10.358278124459801,14.0,4.979869601780731,0.7380794658666845,27.136653725906434,23.992657535660783,11.905985397777677,39.0,8.206729065799262
105.09570481851578,-0.5885398018156253,8.902474465313045,-1.2272727272727273,4.598680804173241,0.49671108907310835,23.080054566734653,33.326671271440766,3.0871215942392656,0.9968735047292238,9.443284377519864,0.39101208155787925,0.1538980262798236,3.5337607252406116,162.61871583056472,5.771148378947808,10.640836510263009,13.0,4.97404883784392,0.7402406455372195,27.589814162350415,24.033732166356096,11.916874913728398,39.0,8.808771077028535
104.2153808770126,-0.31159625282513065,8.981484002855316,2.5,4.579332817996419,0.496737496374027,22.97780782090958,33.967135738211084,2.8235580493184846,1.1685055580190082,9.63932916061417,0.4176638352309052,0.15274027821417843,3.492293107356977,152.3579993286851,5.15666145381672,11.872350815323399,15.0,4.978687898516376,0.7518633023639222,27.408974935688164,24.034033643304053,11.897423045996344,39.0,8.48851946050192
105.06506536200844,-0.661527806607514,8.942950533588839,-1.2692307692307692,4.569802554219491,0.49217776328026347,22.91217210347516,33.97656363748801,2.719605039619775,1.3084511497644957,9.01945628715924,0.43891342743673384,0.15263495368860466,3.518301031218277,157.05276656607168,5.414820520357547,12.477066238741124,12.0,4.9786065986715755,0.7335261152826449,27.4294414028046,23.983400697308596,11.918512969757211,39.0,8.684572190519397
103.14044886388623,-0.6522822046266561,8.882385828988738,-3.6363636363636362,4.597488458182389,0.4921971112605583,23.12405595833516,32.39105601548087,3.156800902089053,0.9444719896041421,10.19155378708474,0.3949939350839919,0.15597560801216526,3.5070386324975673,153.5406447619547,6.220042910025756,10.55095421418384,14.0,4.974973246008254,0.7738821144841378,27.631216406440245,24.067518954000942,11.874132025856303,39.0,8.430122648257978
102.81345226582577,-0.29467415489302284,8.986838108128236,0.5833333333333334,4.585926380147125,0.4951890868223134,23.10334978969529,33.54668688351451,2.725657558916586,1.1952800866200686,8.812475374276072,0.41128191577871537,0.15232967875116585,3.4857164506937934,155.681486585804,4.858194574574231,12.116219380128173,15.0,4.9791998572359235,0.7450241482075409,27.680423507130012,24.126461338274666,11.907838509901435,39.0,9.07202436853667
104.92579812403038,-0.5627154814121303,8.836475995816704,0.8260869565217391,4.557938750442143,0.4922627021805233,23.240459500766544,35.45140647932309,3.127601307870374,1.0621703495646757,8.893828705114396,0.4261419716384894,0.1683015221779772,3.4796243105925724,162.5133977129915,5.311406091469086,10.98911644902998,14.0,4.979903835511092,0.7483401528507323,27.711849495301408,24.065285600698598,11.89697590134974,39.0,8.694317191843204
103.93280359216766,-0.4441063802860534,8.940174621306182,-0.9565217391304348,4.592653475355187,0.48847433380900435,23.021780977475792,34.287495623246734,2.727067457172674,1.1656691421080272,9.359850708905867,0.3956669241836693,0.15989290537184941,3.5280409065373473,151.74993827591592,5.257851187633936,11.987957351813812,14.0,4.984755092320577,0.7437981592659232,27.246802117201767,23.93381840236062,11.932603116746202,39.0,8.541603981155738
105.3055532302469,-0.4732265265121638,8.948626934567542,-1.44,4.569128728048697,0.49653108781050187,23.080803007862638,34.67841295559735,2.8778699209741294,1.1688996757377215,9.351277987526625,0.41776108092520114,0.15307159711528823,3.470917223701389,157.8741001516082,5.807212431880957,11.501419758659576,15.0,4.978594117300261,0.7396698243405755,27.198284487951508,24.072761314318797,11.898122511525807,39.0,8.12050770197673
103.40092518805268,-0.621950052398962,8.849345106759882,-2.727272727272727,4.615669238615198,0.4898934587568151,22.96761619225503,32.37411179110285,3.1829307105268834,0.8952282023899079,9.812708912341542,0.38340730278652624,0.1429773193623627,3.495133992222053,152.71858314585882,6.117984965409612,9.706686709862687,13.0,4.974543885600161,0.7517063897197955,27.2889676924151,23.970238354259315,11.933196574923935,39.0,8.2292127007806
104.04803381048129,-0.28143130944769296,8.83200044370635,1.0833333333333333,4.580552928250056,0.4845077469002259,23.104721453430376,34.78648605953754,2.962212508416889,1.0603172445904072,7.158425494168083,0.4122780118423965,0.15687673322909104,3.5987284404481716,156.2335231034466,5.759107619003927,11.611209423781437,15.0,4.9842442632442046,0.7612121138922678,27.771654814246162,24.074645895321687,11.91885407825246,39.0,9.47105182884166
101.40460521662993,-0.4296845262177895,8.881557487434426,1.608695652173913,4.611106522649088,0.4895064178302984,22.969317887095812,31.080353000054725,3.1411515978818247,0.885758732902483,9.039714936034416,0.3904489606748529,0.1338857389381159,3.632080272173126,148.20321280250892,6.397871215242119,9.880647871530961,15.0,4.979201586553718,0.7378397847172669,28.096165921370726,24.042861023194327,11.832810665146226,39.0,9.480260202227704
103.67454411758855,-0.6913025777886794,8.815194429217431,-0.9545454545454546,4.6004962220592684,0.48857582602085137,23.042882480315082,34.33913336919279,3.233769996171049,0.8778204945162267,9.44590951743506,0.3851463347776455,0.1506760737321107,3.6539460809152895,159.80752224332008,6.33647076893506,9.885465222848477,13.0,4.980216153845413,0.7426562397868196,27.769410030409272,24.05953622907449,11.941732460473716,39.0,9.524216218265199
103.91553475227201,-0.5214049093683856,8.855781795089383,-2.727272727272727,4.596375433599618,0.4882674005774223,23.030073177976337,32.916661154991125,3.1736081477697002,0.8924054585566028,8.410933459069366,0.3974081291169753,0.1425227122883951,3.6415411179262955,157.6828302011928,6.066936567329315,9.890956050915161,13.0,4.973065739216933,0.755506507777473,28.048857590536436,24.025488515922525,11.899217711460627,39.0,9.70070474383332
102.02052636013923,-0.6903473733354947,8.978510484634162,-1.52,4.597057841159235,0.48619232657968764,22.898707746001914,33.1100796770088,2.7273876137887485,1.1542909771457517,8.736681292115444,0.40829481230886083,0.15803447523953618,3.4448369548559503,153.39474815780065,5.540698170253098,12.665835757381668,13.0,4.980092069375017,0.7512322257870825,27.631736111071127,24.002318034178664,11.90149404862794,39.0,8.7445904734384
101.98545034000493,-0.31996887040495187,8.879846859452607,1.3043478260869565,4.597264820769464,0.4907028236613995,23.05687456960378,32.283960174609525,3.115875546807087,0.9895887369332927,9.275656698227078,0.41740187189104466,0.14003061799703315,3.5244814489173044,153.54616793302822,6.450093936901636,10.229554954370503,14.0,4.980772559059325,0.7615864094057725,27.725247926177087,24.10931826743357,11.868619611707025,39.0,8.784737211442557
106.67384379027719,-0.7916971133894559,8.93382429506455,-0.6153846153846154,4.553043190261625,0.4941968183542234,23.19425654511392,37.46896315963712,2.8047685289478657,1.2462716715226734,9.988751069527867,0.45381795796893915,0.15198005800233952,3.5859366291078687,166.09934270456426,5.300158961833965,12.250120891644682,13.0,4.978456852763955,0.7486844824362218,27.677429341863874,24.173674737333933,11.918479940235079,39.0,8.951705508942371
104.97904074142748,-0.4287301916010858,8.879819651626617,0.375,4.56472940240167,0.49691882711009566,23.1168130937111,33.79957755036249,3.0104403956609005,1.1589600828278055,10.020032019243585,0.4241305843880464,0.15710958049580753,3.6246551047908953,161.7490121337542,5.87034443413871,11.619278454018328,15.0,4.977691502162149,0.7361615796491986,27.183012481765658,24.048281557429327,11.888853656423757,39.0,8.852922859175276
104.02176839869729,-0.5011680994861862,8.908560662986694,-0.6923076923076923,4.568991725882752,0.5038464389561272,23.041591777331348,33.28001401662372,3.0923216166643437,1.035866368642841,9.231089738025478,0.4420240181989501,0.15929589490651536,3.465534677175809,153.6556552940125,5.557311263349117,10.681083164240288,15.0,4.981124390643572,0.7331913502714066,27.078083784233613,24.03342741230363,11.90569682687284,39.0,7.930944390076625
104.2951776722852,-0.5713067688604893,8.951210234632414,-0.56,4.552288538492035,0.49497425044435867,23.174738533896992,35.04145177056009,2.7201139657418123,1.347473562420305,9.217722061333811,0.43990341844024083,0.15793782905754417,3.41521512181385,156.35806093986903,5.389176569488,12.24525633762646,15.0,4.977641332844701,0.7398693006846735,27.534051763438747,24.062999746818765,11.868846928971998,39.0,8.802090944984329
103.58152750066458,-0.6134512951730233,8.902059113046452,-0.23076923076923078,4.569380434775794,0.5035227392653753,23.18638931922177,34.00990728036853,3.142488971597735,1.021163434382589,10.656553391107032,0.4280636910513033,0.15782403916205426,3.5585758231947677,165.454274299463,5.647519068148419,10.318485433695308,15.0,4.978580708675988,0.7348986924496266,28.144426875116345,24.101341247494503,11.88385649499073,39.0,9.05370183808003
102.08479615176542,-0.3724292809893561,9.00667608183381,-0.2608695652173913,4.600202659417988,0.5013887349757029,22.99407958309441,32.15651065414284,2.8914891757969876,1.0817019902132858,9.642376539568078,0.4017500209688744,0.14562068177075857,3.5350010248971033,156.35884822859163,5.656584722010522,12.004002328494037,15.0,4.984297249971404,0.7543633912474914,27.583349802033542,24.10934379468147,11.867644213275886,39.0,9.233233961345643
104.52123035993725,-0.4800939897597356,8.85546039476326,0.75,4.565884373761775,0.49135750414205503,23.198538151915514,34.558035045395165,2.9746099016626344,1.1775316345305038,9.084097827155613,0.42967645320397413,0.1624570151857777,3.5033141878466263,161.08037891636832,4.9768647967736355,11.455422166113443,15.0,4.979832340615973,0.7333431672247764,27.28102264073233,24.0157315066929,11.920623287695728,39.0,8.351078628769223
103.75561166248808,-0.20192634155732558,9.007736174523826,3.3333333333333335,4.58382695353871,0.49891497671696405,22.959807675099302,32.82486875742138,2.7241561548174307,1.2184236777133504,8.36991968632648,0.4004918552588067,0.15324404741793818,3.5417125082533905,164.54864094774481,4.94096604123777,12.162981928605987,15.0,4.973882558564845,0.7508127193191312,27.707705801821618,24.03177076804949,11.911871115795353,39.0,8.972257690567293
102.6592042727712,-0.5692995143600115,8.9509760663654,-2.2222222222222223,4.5912282119678895,0.5015363652138107,22.81711434903129,33.747957258532665,2.9025485853204094,1.0647193553153138,8.98695900172942,0.4255851788152268,0.1564653854370604,3.4055414763630867,153.41328216322793,5.899669728788593,11.97562256033562,15.0,4.980240050811683,0.7372771331248206,27.839808666716575,23.92831148619137,11.950672448616661,39.0,8.75195001777779
103.06650776562223,-0.6542950703143808,9.000052144296944,-2.6,4.591439962601196,0.4942552981634173,23.01791107036542,33.41464970252878,2.903391863609617,1.1454699364519099,9.587491851365508,0.40886816207225424,0.1564491441609302,3.5017433462040035,153.21870130009685,5.699389469656216,12.55267445850016,12.0,4.976746858706491,0.7383904635342519,27.759882547826642,24.0505992541431,11.93547660309071,39.0,9.155974579882603
102.86906453267517,-0.47514712606678106,8.933011209111537,-2.0,4.580135221461206,0.5077790558715366,22.961529816542516,33.59593552200853,3.1874499386102073,0.9929133084778783,9.794032720135098,0.4256144325085563,0.15285488403106146,3.5275649405381775,165.29488396926695,6.1748678830200685,10.339526733265489,15.0,4.977684871564111,0.7276700303814421,27.939252602084977,23.98967226001144,11.911657796698378,39.0,9.130561536854295
106.08282840279027,-0.40902659762378396,8.826706481329762,1.608695652173913,4.563464533393187,0.48136439596870395,23.15685772944687,36.224800652282056,2.961152366226002,1.1054527269613281,9.342465601545882,0.4130496214013105,0.16981029373713127,3.6584092527474756,168.20130639293893,5.581995272315514,10.748083388275923,15.0,4.973814913793823,0.7365343761974439,27.23659174267094,24.044584285002202,11.911892942517296,39.0,9.039983953699334
102.97911043772287,-0.8190009637831129,8.969781423683822,-2.04,4.58706887733119,0.49667418654569007,22.915683936259807,32.33597855490593,2.9432715544279193,1.0760814620770502,9.123508097217869,0.4124399792233263,0.1507019348488602,3.5041241157302943,159.99215156457404,5.503975264134507,12.148365016519685,13.0,4.981347006537884,0.7341382051881236,27.172835471576114,24.045381423969488,11.90645113366606,39.0,8.480346043281166
103.55136800465816,-0.5370083212646573,8.93219974363216,-1.8,4.5834645470224995,0.4887708235922201,22.91462269957023,33.570752147014524,2.871841289891883,1.1164974770471572,8.616263691415208,0.42056688039044454,0.15473340121299511,3.5366853948763186,155.89457343585138,5.5546595955482285,11.99362088745981,13.0,4.979404545331557,0.7411432874206801,27.48136145217958,24.084345747901192,11.88400109977787,39.0,8.648721289398935
102.46652741958768,-0.6908956838185425,8.986867392950023,-3.44,4.589243816346815,0.49469246753474316,23.064005656535702,33.580816533650385,2.9362245224187045,1.1262445893202646,10.571962920858171,0.4164640556708054,0.15847357165135095,3.5405160186935025,156.1438864663501,5.561588821809836,12.226827339472889,14.0,4.979205380472978,0.751583509023187,27.631487541883086,24.12866245992268,11.882763813731808,39.0,8.649849148436633
102.8140295781539,-0.41304900789180604,8.939063612562732,-0.07692307692307693,4.569402039114525,0.5045635984845129,23.06649200038816,32.83758398371339,3.069341523867402,1.0358392196243502,10.091592376151077,0.4364074598177077,0.15973235806593458,3.4992944400699733,150.69494553182133,6.153438102441012,11.043067712234024,15.0,4.979091333908153,0.7371957181551045,27.761446051552156,24.02104146499667,11.876281399224277,39.0,8.877254764811155
103.50050448978759,-0.43533988023577314,9.072904690309851,1.7916666666666667,4.5853138511273155,0.5003080667612211,22.958877506242356,33.19571703814506,2.6375565958684506,1.276094118393435,9.51743648375035,0.4101299838090433,0.15644913312743713,3.5861864759535758,154.69609018212816,5.009265812365402,12.34715256072064,15.0,4.9779888616453825,0.758251592023124,28.048072227937517,24.080977248469047,11.93736883461362,39.0,9.401207512304499
104.61135764051292,-0.4639762791666729,8.91407150908244,0.16,4.5567079205119585,0.49638556902951797,23.051502631154293,33.48412302630488,3.007830047682562,1.1581518722030935,9.796652489498644,0.4337358019706998,0.16175035451442651,3.6439025920786174,159.2431235513582,5.704499941273449,11.67165897583424,15.0,4.980716720585733,0.7491524908033902,27.54453134679644,23.99400639612294,11.926724740747083,39.0,8.684702339380593
103.86680082420486,-0.39343079719933444,9.09589531380063,1.2083333333333333,4.59238478426927,0.49805573984485974,22.907679804385623,32.025366141765836,2.6033808534658034,1.2370031658032186,10.029037701705096,0.40174327356386647,0.15502575439518965,3.455493982619642,152.52593401575382,4.7895581768917515,12.384144777984517,15.0,4.9756987994212825,0.7507954565536129,27.13268655392878,23.95746852475582,11.932462653676149,39.0,9.04534254485711
102.23716113338422,-0.769553088187147,8.970991979819676,-2.074074074074074,4.582182614271197,0.503033852713334,22.943980677579656,32.675453520536315,2.971976830877076,1.0908455756394628,10.544178404064267,0.42389885385049725,0.15609416500927153,3.508361146456235,159.4620891580642,5.9435807567574015,11.17955906716313,14.0,4.978446074226371,0.7469245879485243,27.50348270911171,24.007982410742486,11.880495228338395,39.0,8.529956973584984
103.6646556590449,-0.5918585498780223,8.883611701943677,-1.2727272727272727,4.598306525614279,0.5011393990710903,23.15201303994219,33.43767471111596,3.268689323755184,0.8392927940920932,9.180918047687122,0.3960702438328753,0.15174552142108472,3.501224745051621,152.81531935005216,5.941519189578544,9.847589752186272,13.0,4.976778052971058,0.7634735716934268,27.64603607005998,24.104384876145772,11.936966266494641,39.0,8.986519280820392
104.96716319874268,-0.5088383579041217,9.080296997633734,0.4583333333333333,4.590354928994021,0.49476267065261353,23.076313601405175,33.799069664436104,2.5399162889633207,1.2768453980815249,9.983232470275125,0.41292773733665245,0.15491219024832034,3.421575258959134,158.972096994274,5.04525511406325,12.342283424836745,15.0,4.978431984284629,0.755533376600559,27.31331610570504,24.107138202929526,11.908214895785337,39.0,8.35060301104425
103.7523425573777,-0.47628119816019365,8.933213465546215,-1.56,4.569013759501136,0.5000945637162152,22.93112103330009,32.706508314932165,2.9503468135994626,1.1540411254504628,9.351277987526624,0.4204758579326774,0.15390167551556883,3.641897343399943,157.03647143568998,5.635541326912271,11.653207435940223,14.0,4.979144875954059,0.740410786277006,27.42488400956566,24.00200531364533,11.868643971744943,39.0,9.006312027584165
102.96659075591525,-0.5568941150208776,8.871207850495416,-0.4090909090909091,4.601149504011384,0.492603232758206,22.985965837083757,32.15283504502483,3.1503455544485837,0.9395013537701685,9.623168495917882,0.3976318171445899,0.14851904237737898,3.530175745361462,148.38890552046593,6.002920318170672,10.411323332991646,14.0,4.977389298400723,0.7467939815462831,27.257801692661765,23.99869984225016,11.90285436982437,39.0,8.806569821261938
106.97453970673399,-0.515889211105409,8.832199193189082,0.4782608695652174,4.552738301685867,0.4888039589384595,23.18089215442531,36.04097570151675,3.1140066172981076,1.0775105233336748,9.640808035850574,0.42530083237128946,0.1695919090310205,3.6138186819946196,164.69053031668827,5.070442499356369,11.004746330562357,15.0,4.978190922381973,0.75882383257439,27.359854449846296,23.9978965281279,11.92689426248177,39.0,8.265097019681686
101.39503626134285,-0.38184685888353714,8.884886980367085,0.043478260869565216,4.610124772565073,0.4900764564290478,22.98440813963358,32.585397922941745,3.1140164517552495,0.8838360686082352,9.424658964511845,0.3890865070047743,0.13222959486407507,3.589693896011464,153.7000591038258,5.852350718102195,10.146830029555426,14.0,4.976808704237624,0.7422397522333525,27.601716622175275,24.180460113295787,11.859150490116996,39.0,8.688774572388152
103.35633271754939,-0.5721352253139593,8.984769063776765,-2.888888888888889,4.569604747500101,0.5070350300417066,23.006168594466114,33.77896781870271,2.915549930764141,1.0993906130152444,9.05674838769548,0.4503234206385465,0.16100371030644384,3.519461203711824,161.69679008941392,6.205984167881344,12.209691843517025,15.0,4.982389584500739,0.7537892863429951,27.56449051123365,24.073793440058434,11.8796125901066,39.0,9.016203974547999
105.08609126319267,-0.6281326635148125,9.002906092842975,-3.52,4.566487463268657,0.5016123106202545,23.023903370234684,35.2491297688209,3.0130498946495674,1.0622002701868114,9.583819697803168,0.4256071948262042,0.15735315288154117,3.6601350604965037,163.75755941247178,5.669597790917278,12.060249889238408,15.0,4.981587958613143,0.7597958680664687,28.23102688751488,24.08913164883429,11.906428835393095,39.0,9.643791058686084
105.65109898766264,-0.41714409946218356,8.863226570817515,2.5416666666666665,4.572527475736,0.49341010893299714,23.006283606591182,35.48427996810148,2.977772700380761,1.129456793896496,8.779612589529348,0.42185682286447856,0.164856257643532,3.587360753828974,170.25230272665914,4.921900764943885,11.424937035512823,15.0,4.977087791688072,0.7377539721874804,27.603037279394556,23.965849064346394,11.90381797996001,39.0,9.137608554306777
106.20497546818966,-0.5723968654980065,9.002489222818706,-2.8,4.555248081642358,0.4994055130468765,23.150885154384465,33.547574068587195,2.719066024773571,1.2909348715555757,9.687104830649869,0.43246452719502626,0.15430422534385282,3.5983063465728584,157.66420080323857,4.910453669946444,12.165279744303742,15.0,4.978683664771262,0.7267053580467006,27.321557747826965,24.057499828944394,11.94469806247223,39.0,9.084055430050903
105.70985149955196,-0.32833706692508086,8.938901151339797,2.4782608695652173,4.602691322454227,0.4893825614835659,22.93942913967669,33.12025606491384,2.8277794074055804,1.1262123670827573,8.616816547322331,0.39301379337032094,0.15079113649843645,3.50972600203309,152.14056877565986,5.84590771731886,12.089235511561496,15.0,4.980619526956601,0.7452206465176922,27.46573692135017,24.010713681892014,11.924429467898744,39.0,8.72074589795173
106.13856044491902,-0.6184743177103408,8.842206397558677,-1.7826086956521738,4.546458754543758,0.48896936481481684,23.389463090769663,34.50894123741069,3.085665648905307,1.1069767990127912,9.103064566345491,0.4273631290596442,0.16847834141593823,3.545858922449347,163.70409371310873,5.3141409287949255,11.015067843106253,14.0,4.9764112290026805,0.7553020981745701,27.396497227771842,24.09880292050476,11.875931023303753,39.0,8.233206031404137
104.80477197073809,-0.5166581893968462,8.94158429249942,-2.1923076923076925,4.573207501073883,0.5105044597283032,23.008667303790336,33.57447393910835,3.0929675867229385,1.0421267721682754,9.607766212686128,0.4294875326177227,0.16244981684462165,3.4970205167888557,158.792562055437,6.090432842155042,11.032613624257126,15.0,4.981517082792431,0.7475013472390093,27.496397228098598,23.99136787933071,11.891882826496683,39.0,8.723687494097721
106.06968626147116,-0.7300047050594892,8.917430024757794,-0.8076923076923077,4.556427402660696,0.4925701048171361,23.036009561953385,35.01468408408634,2.958392774119803,1.079361119830692,10.030795776274454,0.44444189299012954,0.1518133456246247,3.4937455092082548,161.3507459830883,5.545531777386572,10.787086257729499,14.0,4.981072012854679,0.7448491545440018,27.530439347661805,24.000370738106604,11.926114064260863,39.0,8.876586459666932
103.09108138897845,-0.5853357294984142,8.86710138398126,-2.0454545454545454,4.60432411827448,0.48938559285961153,23.090182246996743,32.974171022494,3.117096471667109,0.8892770777526718,9.329704627143995,0.39045338052520095,0.14520077713727833,3.527003555549718,153.664643526164,6.07938632367889,9.957530328142,13.0,4.974799473114347,0.7558081839859033,27.299396870095272,24.02324964615264,11.898279989157967,39.0,8.316289085406247
102.5907422826446,-0.5297374054947748,9.027841506121296,-0.5833333333333334,4.592704149803105,0.4865353961394275,23.00977966273177,32.223506371337756,2.6654964399022365,1.251496004405673,9.831567638084083,0.4080574436708482,0.16000331721544145,3.35253746708177,155.50997404948052,5.079654413381598,12.562439444372208,14.0,4.979369120086461,0.741126495080894,27.29690933737907,23.93412810391304,11.907761007329567,39.0,8.268780414731154
103.30443249106746,-0.5265413084376349,8.907773138195862,-1.5217391304347827,4.617442286971858,0.48985396705201584,22.76331878068777,33.00829977279128,3.0250238694491145,0.9418461333334546,9.757358717877414,0.38826222361180673,0.13368410421207352,3.6113276447900335,151.48574775897995,5.728299454309954,10.056934135004251,13.0,4.978303930419685,0.7429078687139676,27.662258020480834,23.97463182280349,11.916705952509997,39.0,9.489478579282874
104.82481465999626,-0.4751005418797575,8.961969336839328,0.28,4.5670568265860645,0.49858944918574916,22.99891876675401,33.09285323155564,2.8621261736392367,1.1465460232484457,10.018063685163915,0.42652350176608755,0.1548031602101654,3.571957792613892,154.53734960095608,5.553490159434123,11.634585899455084,14.0,4.9804017931002385,0.7435129572690153,27.097795887723464,23.974859839142443,11.894763020141829,39.0,8.282681922566297
105.15863770817828,-0.35173685000122307,8.935065554906894,-0.25,4.570837331191078,0.4970710577526225,23.096185075484883,35.19088673219391,2.92029611069561,1.1756531179226024,10.27638879503236,0.4237720348625496,0.1587350957172661,3.5339019682395985,163.74416147820332,5.421377073773521,11.956318120321903,15.0,4.97903984970683,0.7463907077147958,27.189922632747113,24.138140603652577,11.848777936632514,39.0,8.462122521726016
101.83552882752647,-0.6767771025032737,8.969528826636978,-1.2962962962962963,4.575754354756487,0.5054924826003588,22.942197264436132,32.9536827914976,3.0126323628884877,1.0685897546594718,8.729748266765622,0.428426863856552,0.15383917714461093,3.543107420296838,150.45805358006805,6.202927172402733,11.759627708861887,13.0,4.979045185818681,0.7337138650181391,27.57202202272194,24.0509275538339,11.920007106464162,39.0,8.882240566326555
102.63180670907245,-0.7118469479763415,8.991115770690874,-2.84,4.608882648267759,0.4905615277518018,22.929329898277647,31.833107892312352,2.7922091344720816,1.107865204581754,9.41777043678598,0.403300172771378,0.15489545251444298,3.3852467197704654,154.81656585346352,5.059242368318361,12.227530928125773,13.0,4.980478685657399,0.7628969565991975,27.491024452901392,24.012713748171404,11.862500142199197,39.0,8.540663804948704
103.55191137202247,-0.6440370865670522,9.082548626380461,-2.0416666666666665,4.5868392772547395,0.49418653336642,23.054924447976543,34.087089903320454,2.698880083192031,1.2508302489897631,10.937242060450565,0.4089764070959422,0.16015903506671794,3.3822564100749553,156.013368006743,5.151460599780465,12.573746614792606,15.0,4.977877308994538,0.7486328147407854,27.679990041000497,24.023242266485422,11.925667798301772,39.0,9.14909427591267
103.27533339198905,-0.6461026205524998,8.927138190134547,-0.6923076923076923,4.5543709680017095,0.4938552214407967,23.0834912455454,34.631687786100244,2.915446104379233,1.1708727239394292,10.08338019778178,0.44527638532329505,0.15448136054101796,3.5272155371463376,161.67973778521514,6.005381759193211,11.502269094333021,14.0,4.978150415992762,0.7371619674825749,27.441741929327343,24.067949144434607,11.874666038854109,39.0,8.31643566926186
104.50501738459988,-0.6159595874036708,8.923294401813823,-1.32,4.5327634105443915,0.4969983886209232,23.21336744795012,34.00653366440358,2.8548503890389663,1.2689197324560706,8.902673755675876,0.45216950948623297,0.15980259010354744,3.533719362970434,159.3549319219651,5.7040793396793354,12.12115432623015,15.0,4.976508347503556,0.7607166812506492,27.903473377614898,24.039683407474527,11.91456592414782,39.0,8.992997340681121
104.24407719369151,-0.6879467634945223,9.082208540714712,-0.9166666666666666,4.584372535821569,0.49390345086771514,23.02295129688564,34.57632283694238,2.6116410508159213,1.2796902311553562,10.012145402238001,0.4175763040880669,0.159884618953277,3.4116452415178253,153.9786641352536,5.038551064828008,12.763684380999116,15.0,4.980326163298235,0.7527220869226493,27.559369642321293,23.993082235794,11.921155558119192,39.0,8.850489962027595
105.80307149381382,-0.4217924599569911,8.80355602864212,-0.3333333333333333,4.5697555253969915,0.4842671681965838,22.90714453751482,35.028864164724496,3.0594944587901276,1.078547210847593,9.69822435065077,0.42459292564440865,0.16206793519392104,3.6872598127068255,159.63725451858454,5.7099994612888265,11.048096905314502,15.0,4.979671023890272,0.7296320640183089,27.533057125500058,23.975480109475843,11.953522792479058,39.0,9.789100808491707
104.80663126570134,-0.40349296532150997,8.91070151495221,-1.2916666666666667,4.5809558407964355,0.493368279410036,23.00355214780521,34.38428422838001,2.8882782159046547,1.1363742810436437,9.449334926626083,0.4079626666755554,0.15443251038637312,3.4891077301289566,152.4163406026574,5.540880115873662,11.774724020563257,15.0,4.979352733970117,0.7402070932600597,27.225660717262294,24.000737095287448,11.921938951653273,39.0,8.55818924981493
102.68945132742208,-0.394179953757739,9.059208374385038,2.0833333333333335,4.593702418084702,0.48925276970705117,22.899328670833427,33.57993924279217,2.51620953595784,1.2556913049188627,8.592228400647233,0.40441297549276534,0.1544404438254423,3.4015148065897973,154.197729304711,4.975684083682917,12.368063081518466,15.0,4.9785307270656585,0.7497415235936964,27.22540539519486,23.975940526995796,11.946211333555846,39.0,8.721769223103792
102.64105954198466,-0.5342621448147867,9.044188756765582,-0.8888888888888888,4.5831195342823206,0.5142234473331634,22.814311682537305,33.205145321012424,2.889247091710264,1.1589895994068695,9.11382073529328,0.4353012893938108,0.15663393018096722,3.50883828670539,155.28327719327106,5.942518217331916,12.382710446294011,15.0,4.981310014141204,0.7373924692027822,27.169508742946952,23.9111832851108,11.922218752494555,39.0,8.334128074646127
104.2090870280783,-0.6492783700384952,8.910599556889391,-0.12,4.558470151733436,0.5017984385176095,23.099694043685208,33.912674421422146,3.0230382186988813,1.1558621213397728,10.458757096328416,0.43168844146026686,0.15941692712318603,3.6021282269035875,161.87729505279702,5.1614644846710815,11.57660034478814,15.0,4.975370859785918,0.7492244960274839,27.776613098264995,24.08586106754779,11.920601526435108,39.0,9.224717691142498
102.77959006047512,-0.6821088784516571,9.011318450697667,-3.04,4.6018216306518624,0.4889562480942276,22.954397442578447,33.460904503514215,2.7385163814857405,1.1768084062543076,9.167246042296453,0.41580001323059973,0.1589734256431144,3.4720308485783224,153.95121697016194,5.498432086319662,12.716960562213517,12.0,4.9795170996294935,0.7521962621254481,28.140687561081908,24.02117722545053,11.94186666073945,39.0,9.364171438107437
102.08826937842963,-0.6219763637513204,9.07429396205766,-1.2916666666666667,4.5901702019092925,0.4932564595327738,22.933656384670794,32.484459198588084,2.5531219246606205,1.3291928045433223,10.350036902779086,0.415478939496273,0.16029261487568747,3.6262555087718016,154.08657293964558,5.193106906186526,12.400503195413666,15.0,4.981163106695213,0.7455557789188826,27.428966560107018,24.062421814306425,11.921191025560262,39.0,8.87951618908922
102.20967913258056,-0.5617513592364715,8.97554211944714,0.7037037037037037,4.583912588045079,0.5026652958568456,22.878227812718297,32.85753703230036,2.9288225359169897,1.1344467064355734,9.579355946860568,0.42175122113559815,0.15618706053991377,3.593466193689224,152.0560099481782,5.937486083622693,12.303373920042898,15.0,4.97990569280582,0.7455341586092997,27.92674814667518,24.086318374910682,11.944894673733987,39.0,9.441819568298683
103.57470384010229,-0.5922662274498319,8.988182372654439,-2.074074074074074,4.57651057695702,0.5045619809642419,22.877710289427053,35.417726243223754,2.858515351552616,1.162407938139246,9.348899423940631,0.4436116774967477,0.1597113347735585,3.521012699814048,158.77804281807465,5.587628559889185,12.175962958993987,15.0,4.977785777379374,0.7393805507324811,27.34571450134202,24.101392406613726,11.87352037473039,39.0,8.7081703766634
105.21724800432115,-0.5878080399149781,8.934530572447182,2.9615384615384617,4.55194412953838,0.4970708562446587,23.20677715745074,36.13187852842669,2.935351422553193,1.2615984483426719,9.378702424727935,0.44891836665054413,0.1518443743282294,3.5687736516789164,159.59963209653716,6.236687330362282,12.442235253079295,15.0,4.977932552943821,0.7456880100068672,27.580883292871576,24.136771753070978,11.897598708654867,39.0,8.74831231422517
102.94137178732416,-0.7188529609581528,8.97208682499248,-2.8518518518518516,4.578819392803249,0.501491031814387,23.00422700071324,33.138277553784185,2.9334664533754857,1.031088016581412,8.6611251672769,0.42693864338731896,0.1528365345555093,3.593860557740469,153.82527485242133,5.795085819233788,11.76209376339716,13.0,4.97593459565719,0.7529110114102178,27.67509508691993,24.088208434245928,11.916675249537088,39.0,8.903655857437904
104.42982949011406,-0.6498978479381192,8.992311899308225,-0.8,4.590815666620747,0.4944256635669568,22.971268263307838,32.7502726323267,2.9171135138582778,1.1033861244473442,9.178235124467012,0.4228088505624948,0.1554253280385564,3.5696494570379915,159.3965052266509,5.81413120038387,12.313739270536928,15.0,4.977986904430745,0.7511553293310143,27.796758970410345,24.13058116392851,11.913302972984106,39.0,9.175596848629098
104.54289903507227,-0.7136154033393111,8.931592746266496,-2.1923076923076925,4.5677250121781805,0.5018706573766443,22.97414456045277,33.28138587822834,3.135448539622705,1.017721577102986,10.351585648768356,0.4246467166056453,0.15542954068902853,3.490176037040842,156.0044443905397,5.793038889874324,10.36087583337254,14.0,4.981387479334099,0.7493059140753451,27.432491340659226,23.971869958642824,11.949864239456696,39.0,8.951619943447596
102.06925016606075,-0.59226166727069,9.009677310136851,-0.16,4.59406697801811,0.4965656149685335,23.042186804731532,32.06268496035449,2.87163525502704,1.0966118109168175,9.660973035879978,0.4023289447371616,0.15595840804866512,3.4473670333557545,160.22389420136767,5.594616334357115,12.142572845866852,14.0,4.976228171523415,0.7470638776530971,27.901118064507585,24.127062090973556,11.914622070697945,39.0,9.059313195089612
104.89892533665231,-0.5714884315477264,8.895030293661002,-0.34782608695652173,4.564491483163717,0.48901836173890684,23.211817102029915,35.1617969317017,2.9607298911529747,1.1530714223791048,10.175027809607009,0.4225671774355502,0.16766580203763393,3.6111572534102407,156.1100333840958,5.152930844918516,11.101030760607607,15.0,4.97822947950898,0.7679568086917912,27.863146748826544,24.09907332544809,11.887292242691224,39.0,9.080511410623266
101.92193680066897,-0.5132925786830428,9.045778090418732,-0.84,4.606329194776163,0.49201953743957333,23.010014349755973,31.95938314717482,2.7615392238658427,1.087633721482315,10.360231657641638,0.39904168890093983,0.15202232355681192,3.3690388945582788,156.0293870736386,5.214021554601835,12.176361535339272,15.0,4.979803277969371,0.7509847042771232,27.39038744332238,24.038962528531364,11.876017890204436,39.0,8.60963859479601
103.85427449976815,-0.5560025165094579,8.952268878372854,-2.230769230769231,4.571418212512317,0.511450859482851,22.963465535417832,34.43682860000771,3.1696171558717756,0.9877707335262471,10.397143440194347,0.42683260139058554,0.15657983556680682,3.569398568769059,154.50203048675013,5.950929440493234,11.119975937444146,15.0,4.980632519230289,0.7622337927359045,27.56663751730156,24.04827119650782,11.976658458867465,39.0,9.371212351117194
106.0304779820235,-0.5179246028419184,8.929119790955754,-0.8695652173913043,4.557096254017301,0.49881643009917476,23.257536388453914,34.407326025635896,3.0803887420658445,1.1057839440155175,10.01869707673168,0.41995432528506277,0.16740143261957244,3.4644949963027467,157.3388825370622,5.245133370325171,10.861305378404786,15.0,4.9812071631950285,0.7414947499574787,27.760506207780697,24.12233491904513,11.900060265795716,39.0,8.565522931031786
104.97146723382644,-0.6484184306639116,8.841404844642728,-3.8181818181818183,4.602039583239303,0.4854660574663083,23.16110480092258,33.82982269838329,3.1375520271884403,0.9541193461622779,8.876098465369914,0.3828240566041464,0.1509891780115467,3.499106598390253,166.9364748364183,5.955352021334369,10.340678433200395,13.0,4.979612037982992,0.7389765449264517,27.608105917198642,24.092376036077788,11.893700373369,39.0,8.371117870083385
106.13034222687105,-0.49374949489500397,8.856416882461115,-1.7826086956521738,4.562872014442251,0.48805000290031264,23.3395100107303,33.32438581673289,2.9995639311849884,1.1307549348362567,9.509521643613793,0.42232770539276643,0.1683131341357756,3.457494553649937,159.60801314759107,5.020552882920887,10.975868595792756,14.0,4.978092313124405,0.7452487046961647,27.451256407734355,24.011369199709193,11.90112557046324,39.0,8.385723263076546
104.2921046904628,-0.6540365405348564,8.874133287768778,-3.6818181818181817,4.5963142472429235,0.49499494941502814,23.084395006235304,33.679225085464395,3.2559213621752616,0.9114103626260506,9.92877527756554,0.3941457261057893,0.14396327762751324,3.508071749373975,159.95619786095497,6.697550641511485,10.091113886959723,13.0,4.9746814986351,0.7381793826967897,27.203493015275093,24.175097422222596,11.875056605139573,39.0,8.34275047694205
102.19111614358248,-0.44623485217434516,8.938216274606742,-0.3333333333333333,4.5767790880054875,0.5019421543987439,22.955166107523223,33.015262625659304,2.9499162665133856,1.1464311428122518,9.345230512584124,0.43327101270417756,0.15791322432947522,3.4491215497645706,156.92852036346952,5.767210846978303,12.153683118553953,15.0,4.979711656517321,0.7253093662624744,27.447312678975727,24.059219908466805,11.908791363638732,39.0,8.525991115152596
104.80560943955035,-0.4736955335436734,8.964369255990004,-0.68,4.54971956467076,0.49944342664176616,23.05569365426495,34.06810277733175,2.8954375019566743,1.238509038300543,9.17265501368061,0.4360582140467041,0.1597275439737709,3.6437615669944114,153.34949277796446,5.740841882388344,11.752698307687998,15.0,4.97777357015271,0.7360617057220527,28.001550826104392,24.02584735040792,11.870207468582874,39.0,9.271265115704075
103.95579972263499,-0.278407091665234,8.912819244569354,-2.5,4.5813863787113815,0.4946757184105118,23.028734083259895,34.88707138866635,2.9580131478213048,1.0909099483227116,9.300537618869138,0.40369199613999945,0.15714608429012497,3.7527056855366188,161.3781230430959,5.576508294175488,11.390295121085018,15.0,4.981660524017784,0.7468463466949137,27.78989807587633,24.12128916273386,11.912396630179048,39.0,9.73404512391199
103.57028233658538,-0.39128665365911547,8.880282100201002,-1.125,4.57426514079577,0.49640032423588476,23.053955355519392,33.80519780506248,3.062504411118887,1.0400927222710592,8.603838775027498,0.414875097190218,0.15602680269954558,3.7256837895087047,153.65824606052027,6.01588747448438,11.446587864326858,15.0,4.981159051909163,0.7378187127982868,27.822510451919076,24.014934670568735,11.942459318564142,39.0,9.437607758796322
102.85410920007934,-0.6560063623710901,8.962512454572517,-0.2222222222222222,4.5772747533454075,0.5016954043129105,23.015254566478283,34.12391012030213,2.9972964895392593,1.1367027243614212,9.840706589104235,0.4346379154594365,0.1576961535232979,3.5166938161562458,154.80801932723767,6.396486686722489,11.842758258300764,15.0,4.979508552959009,0.7444341929375806,27.768728286445253,24.088130093496982,11.912513196423786,39.0,8.860247065379014
101.76860943805406,-0.46618345896657326,8.962236708704468,-0.1111111111111111,4.581604662666045,0.5081028150322785,22.921008119798245,32.47537355696991,2.986912264106871,1.0653271043008612,9.374248941108645,0.43229061917500544,0.15773682959173707,3.560920710599188,147.50215949417992,5.720943182379992,11.709786230647977,15.0,4.982762938901117,0.7362948554785963,27.27808974185397,23.998880076681647,11.886395124327,39.0,8.764437394748985
104.42995054022298,-0.3339628840200391,8.876827591248107,-0.125,4.5628499816991495,0.49193116863455094,23.204701435916437,34.29290295022906,3.012667087707406,1.1306017570454168,8.955038153650342,0.42844527336272537,0.1614707611703361,3.714376949210666,154.04403512572927,5.962166979301782,11.734796089355102,15.0,4.97696897038121,0.7511046383304689,27.909301243511585,24.092618958762873,11.835288690844926,39.0,8.953544228851268
105.148843001793,-0.6864776438185273,9.069948225972148,-4.166666666666667,4.575420932819543,0.4953035345845285,23.115860773751095,33.84368192507362,2.7350423613714545,1.230443412013145,9.70681318570736,0.4250835740397862,0.16468237526352944,3.5646475366590784,152.53802447509906,5.342888723816031,12.269784111187489,15.0,4.977145125933122,0.7623786464222264,27.642443388082658,24.05092996278938,11.902310383094568,39.0,8.89470272289039
103.12411041093051,-0.6801796026504834,8.926576268946526,-3.4615384615384617,4.54833814534005,0.4899847770406903,23.08592472502555,34.59757652416998,2.7762871366340613,1.2454718366751816,9.451213879020104,0.45719540370554557,0.15409941637111182,3.5781048841215277,159.30437738596981,5.824246603147781,12.074970787329333,15.0,4.980990671677374,0.7530032466065154,27.70302261089602,24.091186907906348,11.90462014223272,39.0,8.88869548891477
105.44154314777968,-0.7330600181159863,8.975106857216828,-0.9230769230769231,4.564971217470178,0.49357393758771667,22.959968435719418,34.18235205591583,2.770859507683161,1.1707477556580839,8.999671262898255,0.4322379170856439,0.1494780856593214,3.5726817251936236,156.75090602924456,5.67520729341758,12.249910847382134,12.0,4.976686350583133,0.7390598414649022,27.41580791325832,24.0392087845036,11.952611941385708,39.0,9.033889107380581
107.46495337039173,-0.46419956825021674,8.898422682158056,0.9130434782608695,4.560599935128509,0.49007255917195675,23.189678805547338,34.98527372672618,2.992186682175689,1.1707807919506574,10.328992726168417,0.4185290165282355,0.16601009664192518,3.626349757684799,160.0578979600848,4.931861469921602,11.206824386201601,15.0,4.977586108527989,0.7356595827016911,27.28511617448055,24.03610686492009,11.92841461497578,39.0,9.042876704270299
103.2731527943892,-0.6662179146859624,9.004815841598663,0.5555555555555556,4.584302181099953,0.5051401107711613,22.882317352448382,34.1434632458885,2.9423716409988074,1.0586156824281157,9.056748387695482,0.4236104773584927,0.1549272646024016,3.5679110208824625,161.06409267668369,6.468761221344188,11.722015456097942,13.0,4.977173547659822,0.7533751545571887,27.825909253986133,24.010675564840884,11.930719423453278,39.0,9.774470339516423
105.80488978813338,-0.599744726331765,8.936932556328667,-0.04,4.541939889449243,0.49721886162083295,23.078335145201567,34.22552218566106,2.8896630552068348,1.3074255974149378,8.576619380618448,0.44689602404483986,0.1588493874056983,3.563692416838597,154.1745152613568,5.875003231823321,12.482041519285342,15.0,4.9768666822225684,0.7569965980205232,27.433422654126524,23.94039774944599,11.904897385607343,39.0,8.800912413049911
102.70525334862,-0.5740509281321345,8.987646011654988,-1.96,4.5756913376097454,0.4981230178516647,23.10252383654466,32.88224565346664,2.9411571630942,1.1348450762251658,9.610327777968866,0.42932156925109355,0.16144135013763475,3.472613613845511,157.70919762697787,5.893390858207081,12.356347433669344,13.0,4.978685204176008,0.7775499753872239,27.545798202011596,24.10360352641982,11.884406484408576,39.0,8.873939944535085
102.85300446586713,-0.38755224944565186,8.948956213457429,-0.08695652173913043,4.613773791539312,0.49307619666047225,22.854619202836464,33.780520095051585,2.9926412070936985,0.9435507930747754,10.257184305045653,0.39859432690136193,0.13651576434176008,3.481628742219897,160.5938446946554,5.850648221751621,10.547628435457302,15.0,4.97666093842175,0.7349578729484356,27.13564647059728,24.006380570837983,11.92136675392638,39.0,8.154034251892774
103.80259290231082,-0.3211100180259214,8.911082414392078,0.7391304347826086,4.619808761287115,0.4941365571786351,22.73547898987938,32.74068239877075,3.0463792729811776,0.9354892471185545,9.05642885422739,0.38622570874753165,0.1375961998636838,3.5735106889513015,153.44490391313676,5.580640591539376,10.398355164963524,14.0,4.980744255995207,0.7351177609560982,27.5785721970827,23.931396604742318,11.975058475583364,39.0,9.17872199002731
102.9557725173618,-0.6159457786190812,9.022084347311395,-0.8518518518518519,4.568349537796446,0.5130256846714455,22.938178666813588,33.41141020267785,3.069267569101833,1.0988010906770993,9.796838884364703,0.4358782763812591,0.1551895903883284,3.681234578883265,152.00187243659403,6.2469765949728675,12.200212539632329,14.0,4.980042644022438,0.766192188135523,27.713897384670283,23.99806113043109,11.942819729597105,39.0,8.96110439078771
104.53441953638897,-0.7488946911827189,8.945210096006601,-3.5384615384615383,4.578866585034429,0.4938162948598123,23.064845729356744,35.07358340408828,2.939978630935739,1.0553393105090385,9.25797273551816,0.4189376192890865,0.14984195976359674,3.3569474564364894,156.4868347322751,5.671029116207793,10.869551531509964,13.0,4.980174277848439,0.7413675104211865,27.569644323726074,24.01484327984025,11.882045688015028,39.0,8.740413993742276
104.25222022018525,-0.4034762839658999,8.939295526655815,0.08695652173913043,4.586675786958375,0.4950083970279185,23.132370564016636,33.27672893923161,2.878216072340852,1.130907902932993,8.80668246019075,0.39905786680720123,0.16032040299553407,3.400300125486595,156.13463485757944,5.9283289199295535,11.988592242171617,14.0,4.980196102665582,0.7327579339097691,27.40229649874226,23.925419968403617,11.91250974176941,39.0,8.766490159675698
105.17795121255125,-0.4821875713178001,8.965575721908479,-1.1304347826086956,4.588877935658515,0.4929896578389986,23.06059542579031,34.9473173142188,2.7644452260225085,1.149267122731141,9.442293143668232,0.40039828724786153,0.16155967935531587,3.5340786273249876,160.087116871118,5.613548441838596,12.279385273826122,15.0,4.9780207044743445,0.7753672769051134,27.199567933085774,24.079497792025684,11.900303833976341,39.0,8.986419070380805
104.13376742736598,-0.45419320769051136,8.904973175019137,0.8076923076923077,4.566594351677787,0.5022533890620716,22.949024901221456,34.19937471261509,3.0592522832220057,1.0615747848995085,9.364496088004335,0.43587929807730724,0.16186223132792454,3.611879692812,160.99561970553617,5.7965817303169995,11.257552100177959,15.0,4.979206472582205,0.7378226074750832,27.864283275311976,24.061864259305977,11.855304507836031,39.0,9.131734917286856
104.49474516799876,-0.44018404523378274,8.826399037010647,-0.391304347826087,4.569197917037938,0.4871500338933465,23.148921401726145,33.07880569774284,3.05916826814377,1.0872731063993941,9.985812241613784,0.41108330707257595,0.16716068259087988,3.4764943298162865,156.57204793088545,5.635914655995879,11.010750028186521,15.0,4.980813470836413,0.7342132350936387,27.57925391308914,23.953822139269413,11.902457541361548,39.0,8.702554127139365
103.26029209855731,-0.6409045649342664,8.961696359147155,-2.16,4.600263911691586,0.48730710111841374,22.905670780272313,32.630727921040766,2.7934793646258385,1.1464468261561365,9.41777043678598,0.4039629232250938,0.15696507845272778,3.3977292425546635,151.54685403822458,5.055820052923897,12.167416976627768,13.0,4.976100728926809,0.7377775674703942,26.94138916593955,23.970860192576247,11.90335914139481,39.0,7.771882914128451
103.69032369863763,-0.5728614134846282,8.946813102871543,-0.12,4.574074612305827,0.4970836224889476,23.049469428750957,33.226757991515754,2.9061496702345977,1.1037770057934382,9.949150717523581,0.41756776464855283,0.15620923894216715,3.6027184637350227,152.34957624080363,5.79355130158398,12.039177976743881,14.0,4.983631542458978,0.7393487774279406,27.634472095628038,23.998447930866963,11.936660780038833,39.0,9.117812950361103
103.94777526699323,-0.7051059473297261,8.976505206096165,-1.6,4.576738562073088,0.49702105337775554,22.997568499379387,34.72237290644835,2.9386757883041694,1.1422178617105028,8.555699854482976,0.41905218364172686,0.16014466826132945,3.5374869057229,156.4777478147812,5.735772109623427,12.334078658781909,13.0,4.9772236290955325,0.7485895028706276,27.96501998775105,24.105299944400784,11.860275785624387,39.0,9.523937334437992
104.39559672084124,-0.40652569020570595,8.947404958820593,0.875,4.560883139904999,0.5031364249824687,23.235521433588687,33.75041850900968,2.977213444851481,1.2121979851914386,9.888176862630779,0.43001920242365993,0.1577307501924627,3.4248736700628517,159.3804501470356,5.143319448810519,12.002993272234448,15.0,4.978626743167817,0.7418547215632655,27.78986372931538,24.051017068134236,11.931943442263485,39.0,8.686929491255441
104.79844083786162,-0.4654425489389326,8.936981033679306,0.9166666666666666,4.58292576330568,0.49708990158276706,22.98428317986534,33.14698087469446,2.8871617842026915,1.1216307680799593,9.45126387785723,0.4046421953211492,0.1524731251619736,3.5624660216544,156.4062720525905,5.076486259710411,11.851038107317587,15.0,4.979552434814326,0.7348030956267645,27.26635653281643,23.945436982525997,11.94154935819902,39.0,8.430498437267651
104.34143089777315,-0.37539046250525976,8.875090834597918,-2.1666666666666665,4.584679299107623,0.493684940647642,23.100491402643367,33.8242154945281,3.006546652077067,1.060574747183886,9.099755796479132,0.40492966090181887,0.15879132252643055,3.5960468535807633,161.99687889653626,5.610369355231885,11.269748388242961,15.0,4.978510259644475,0.7414067951848066,27.464799865550276,24.109590415303472,11.880609076529185,39.0,8.746969503404443
105.3032064903401,-0.5454785882892628,8.959134941469872,-0.88,4.558485826955345,0.5019409657989424,22.856655332188378,34.115500064462175,2.927693045706118,1.1971316023394256,9.576304088739038,0.4278847888398991,0.15899788377702181,3.6572081472588955,162.72068326988733,5.573460403300028,11.852365367662022,14.0,4.978583496202801,0.7412985206616033,27.407598986827686,23.89662723125383,11.975251826995697,39.0,8.836821754631043
105.70536114839862,-0.6633899611086898,8.922127216531148,-1.6923076923076923,4.5542161632914135,0.49295289924108165,23.016579946994487,34.554975752163635,2.81768753828193,1.269558210934135,9.526357083898377,0.45121026664172365,0.15413904835311265,3.542682039514254,158.56223204968975,5.720843858270561,12.276688373186284,13.0,4.978285437343619,0.7469649082339413,27.834374165605777,23.92996895108898,11.951205357744048,39.0,8.935261236164667
104.14068540625658,-0.3818873269998436,8.933758054081968,-0.17391304347826086,4.590905874132584,0.4938968340561848,23.088707753989762,35.16353094032974,2.917786764836538,1.1184817384684238,9.743011648994296,0.4086780443018244,0.15205622441998792,3.4770773626764053,160.22883678774787,6.228552064037821,11.952772006679828,15.0,4.9799970377156,0.7428703168996453,27.329622869926414,24.10808432276209,11.882657205490801,39.0,8.438010282025619
104.15817831057531,-0.49326028748927214,8.976721459615636,-2.1923076923076925,4.572306652212049,0.510471662570312,22.954802327670773,33.06594389337074,3.0763339429835783,1.0006691215661343,9.911218316670764,0.43383111707571875,0.16128871223055022,3.6310774475428835,158.1350813779806,6.324762784176131,10.878386644224303,15.0,4.976355561415929,0.7399084547418641,27.1948007955997,23.981136205023212,11.921577628337964,39.0,8.553450115353648
104.35899190641032,-0.6772470809439,9.005799710187068,-3.5833333333333335,4.578487873551879,0.4884222983633515,23.11318272877305,32.60961211701554,2.7150204247072,1.2545120326478578,8.892490589755429,0.41399256005872426,0.16104586955370423,3.376529791440668,152.70567877322088,5.45007455547579,12.487762088730777,12.0,4.979808440551768,0.7486689757625817,27.41751797946932,24.072084845823248,11.90262923636609,39.0,8.337073854331862
102.18644571314208,-0.5537572467480834,8.962994815054609,0.37037037037037035,4.579247762316912,0.5059810279223923,22.854034124225127,32.95100160572882,2.9974369079185705,1.0627591566013082,9.32598181961893,0.43289543569575045,0.15873896372539778,3.478954649640488,153.8787299285826,5.961583715980327,11.815309047682163,15.0,4.97514859568617,0.7418994272231328,27.63663761636151,23.992672103367234,11.955937422045567,39.0,8.95888864168511
103.87010433098558,-0.5360595963866355,8.94970121011353,-1.1538461538461537,4.580292597660474,0.5040284557699736,22.961284687799683,34.5395797468636,3.083320560319759,0.9712960169526295,10.446539020881172,0.4184203801214939,0.15588372390282082,3.558134950322204,166.85170323978173,5.8778181003625125,10.657942541518164,15.0,4.976787319057637,0.7346335934863375,27.78469695331269,23.971478031848797,11.906379938017745,39.0,8.984140438884346
106.04273387419984,-0.6922382947346469,8.90701689480515,-1.4,4.552319788261389,0.48994097945522574,23.213456049043966,35.70513146607942,2.6992370592544868,1.264786131389403,8.867919710958144,0.43625061832288403,0.1558156850486454,3.566603567067903,156.19732466042365,5.555321214795617,12.275581308687894,13.0,4.981971501509502,0.7532216501947787,27.87682907815366,24.078156343518266,11.880815922827326,39.0,8.830719380864135
106.41379167746086,-0.7414899753429477,8.931248102579925,-1.48,4.536402462899456,0.5021071208869076,23.229240692681536,35.207360828426594,2.94104606362172,1.2804381750083194,10.484731756225335,0.45090045815837315,0.15884692721210875,3.7816216604201776,163.79907923207776,6.034347340680519,11.834532499921645,15.0,4.977168502808554,0.7437515405613162,27.598692080418306,24.16366400641173,11.931412869174453,39.0,9.328416323919587
103.13135047940254,-0.5327400358078875,9.062308575989311,0.9166666666666666,4.594597464713868,0.49116254320811165,23.06039248670366,33.528596030159356,2.5409539251163253,1.2930695074288792,9.55648412800905,0.406793133139826,0.1582415868691067,3.505568111530382,160.0051160689843,5.065172798564764,12.525309254019271,15.0,4.981161229467597,0.7496825350930966,27.923670658898267,23.998726292343726,11.919223787934527,39.0,9.184200622556169
103.18870219645183,-0.5917115115768508,8.921966822635698,0.6538461538461539,4.559173181940838,0.5126282074752341,23.079989466556956,33.62710973805549,3.2328678174766425,0.9719608481386077,9.551247633735958,0.4416651366249431,0.16071443004674382,3.614371295909662,153.94801841003934,6.156154735391205,10.220239924370505,14.0,4.981195900029433,0.7439439793211188,27.88247049167246,24.061865348985464,11.914969449089241,39.0,9.075282191856619
106.80968004629058,-0.6381731177584001,8.86895366107436,0.8260869565217391,4.5650916298124375,0.4909618323005102,23.18138914160902,36.114814902004255,3.0245966018797845,1.1932621685316358,10.183755922452713,0.4225766050926152,0.1675601220092566,3.6347747792534233,163.95824953520037,4.896371590920452,11.419956079453407,15.0,4.9820317029332255,0.7528290011662631,27.642695173363037,24.109274225621505,11.849357752209592,39.0,9.219993420246908
105.65430588209313,-0.5444826840590039,8.881269901185233,-1.0,4.571227154937823,0.4875412395224301,23.273186748427,35.196613978068,2.866288511419213,1.148136461037701,9.72670014198926,0.4097511391571302,0.1667664295176904,3.47085059805929,162.62606685226578,5.616784464356774,11.91148866088717,14.0,4.977044846391433,0.7574785257693248,27.509185286360008,24.12683403558269,11.885660727636838,39.0,8.468267780373722
102.71855937955169,-0.6473310140344379,8.963935436761332,-1.52,4.587546619938104,0.49892471955824536,23.078723146102238,32.78406929291288,2.979116422728025,1.0597642548243906,9.491554140392394,0.40693802213994584,0.15458900429069652,3.354458781956063,159.93031001257273,5.436465003106679,11.728030401730072,14.0,4.978046492375886,0.7321574473311522,27.639430024551693,23.98443703158158,11.900891695980254,39.0,8.49395968801753
102.60058902622406,-0.6166584003206048,8.926518218343062,-2.730769230769231,4.577922310598819,0.505727492270744,22.907263545271764,30.73362256845951,3.1051802981354313,1.00275992987004,9.70550078883775,0.4144189428669489,0.15611219953182592,3.5549713399042036,148.94476583300394,5.997643549803977,10.498774898874649,15.0,4.979720449108614,0.7312231362228154,27.637439698280186,23.95421047289401,11.934119511538714,39.0,8.822405804998493
105.00180496226353,-0.6205577193110468,9.035686953291725,1.2,4.553864339279955,0.5037703014758506,23.187382894211837,34.09719604216575,2.752294202462286,1.2791690730761731,10.903210536351208,0.43580336377874573,0.15290709128297839,3.527638458590928,159.912346084303,5.4988700860848585,12.144500005605504,15.0,4.9734974609498295,0.7255167275378491,27.746090057902038,24.0734730423574,11.911174500647643,39.0,9.052646884149475
103.22173701245309,-0.6286344886804116,8.959613448347765,-0.36,4.586685623703357,0.49230341913021364,22.902124158091556,34.429362519656834,2.89801922481439,1.107664449811019,10.330072603810681,0.4162859317540485,0.15433667841473792,3.4515428737024205,159.2367947564928,5.665060832735461,12.227447754627049,13.0,4.978965925824193,0.7357437358866697,27.291790314233722,24.03273306435019,11.893929856892166,39.0,8.546713724049138
103.18793225943905,-0.3308529523643904,8.83320595865044,-0.22727272727272727,4.587156807936817,0.48572897754688804,23.205166637895726,33.00163526157537,3.130350759668188,0.955230857444113,9.816182456358934,0.4148863141819954,0.14096668391414702,3.4906296849107115,156.49383913711193,6.357122846736884,10.112356246482525,15.0,4.978541909081077,0.7443753752732994,27.50899730795851,24.086799501482943,11.876253264825953,39.0,8.230383738408904
105.97520605189159,-0.48849156343291356,8.837950009846086,1.391304347826087,4.553499793737555,0.4919383949498714,23.218887776382353,34.76526920131762,3.0924591849546315,1.130881482100251,10.256447094112508,0.4238061413298986,0.17006711058179258,3.6854596610449257,155.099891588447,5.415348083172538,11.002677642639842,15.0,4.976679356344539,0.7404378873995945,27.954915534119262,24.055975232773932,11.927252117934918,39.0,9.23967958773041
102.62445557286684,-0.6629601323189848,9.031815566062452,-2.4444444444444446,4.572974164159519,0.5136319634191177,23.0382329593467,32.520373904602884,2.881229578289746,1.146163399626446,10.414851693733768,0.44391710025551506,0.15515265695072708,3.4545507537461964,156.57290684170977,6.146750335262883,12.14724663550196,15.0,4.975550573154543,0.7385248798684191,27.44946392321786,24.017076875859647,11.906397672962102,39.0,8.273874394351388
105.5869556294797,-0.5772960366819233,8.962786182747907,-1.96,4.558105727139585,0.4947923857492419,23.10929178761025,35.482657552712915,2.7372727402194137,1.2359168152646047,9.808078303113206,0.4335711417010169,0.14998450180078046,3.5018241800322705,155.0075097503199,5.242680519444307,12.11938022533296,15.0,4.979133423919393,0.7398493627413891,27.644264013399713,24.077535936401553,11.89982283132096,39.0,8.576459613395514
104.27908011777949,-0.5429581367194686,9.09375805130262,-1.0,4.5818714390489,0.49666308566421463,23.106240673755448,32.95356074955364,2.6926335917358206,1.2399989340438964,10.279429296739517,0.41605845789659307,0.1598510870504255,3.5039913161717795,154.02691238180176,5.632594102140644,12.679919584289026,15.0,4.9796780850503835,0.7582551910670224,27.715322633345657,24.020294159920155,11.912600105945044,39.0,8.922591794806554
104.97291862470912,-0.42696350182176634,8.934574454793166,-0.7272727272727273,4.59430756564202,0.49614131004385836,23.045434826800513,33.95730185255651,3.210558087280318,0.8857137436672161,10.278759290983688,0.39948059851025075,0.1449265305987985,3.700160821643326,158.87952630555327,6.233424167173511,9.709236954293127,15.0,4.978519776677192,0.7583774791020081,27.69395643024555,24.0442162700213,11.896413543697346,39.0,9.243548083840984
103.1543504225334,-0.3569889299638765,8.880554265334295,1.5,4.568194950483789,0.49354763457331513,23.050509655748403,33.10329158906701,2.8901745495051703,1.1324933230886114,8.669871202426636,0.42423508871083,0.15159165766689955,3.542809121684625,154.93016841936617,5.3613857347218365,11.96958019069701,15.0,4.981696992973122,0.7305607829385325,27.775352135164724,24.088369323216025,11.913088128142805,39.0,8.708702535693305
104.09948911394268,-0.3418106282807771,8.849123342278086,0.4583333333333333,4.5733049693414785,0.49180327203110846,23.06292852121452,36.42169737641355,3.007307144516923,1.106460239748263,9.656514065069699,0.4207503387634047,0.16232099076432088,3.562180391699343,154.99265596694107,5.682636194740672,11.463869892157444,15.0,4.9738517508271105,0.7364896760923019,27.341662303463206,24.10005860111478,11.9030769976816,39.0,8.10550289846351
103.23278688391616,-0.49357425347437317,8.908938498406672,-1.2692307692307692,4.577699961762836,0.5039341026354641,22.973803403420124,34.5485480662201,3.117078665459993,1.0030956691492465,9.452544192754475,0.43748625630429405,0.1560688967971289,3.6521493233452977,161.73028648663058,6.330888097275933,10.854388392702184,14.0,4.982675821551911,0.7351408014201478,27.586697101465525,24.042320174259135,11.89532807182717,39.0,9.269316551029895
102.69542764730795,-0.6448753415849361,8.98718642077146,-2.814814814814815,4.580552093571483,0.5065942386367067,22.913707919808342,32.70518493845652,2.9568278320424475,1.0525896905802714,8.494168095368323,0.4223599487397404,0.14978649914748593,3.4489159913538434,152.27235721467963,6.1791863078753435,11.739036184941302,13.0,4.981243640862186,0.7409820386096501,27.53286743238085,23.929962080910773,11.937503267572461,39.0,8.496735189009758
103.46415835859969,-0.5932684957674031,8.967052007665526,0.0,4.557118863823796,0.49767618924892637,22.95587113184983,33.74133257513859,2.781421397892845,1.2469530031377023,9.699325908377503,0.44828374358912343,0.1505461427638689,3.5965257788142644,149.78702214035366,6.14809293594409,12.24627759412139,14.0,4.974153942164845,0.7544410370266889,27.38090348180074,23.942980215120013,11.92520874901833,39.0,8.99094212154834
104.42092914802633,-0.5633812881544381,8.999369722549389,-1.44,4.573713736910347,0.503523226958237,23.099877190473098,33.25171604631466,2.8981328227284804,1.1295486036676252,9.915966922090854,0.41369902529852703,0.15276943034929716,3.5080932381321905,153.00240237058551,5.297337553250133,11.762393736727013,14.0,4.9752721298894045,0.7480188695960306,27.51902319839923,23.95366903972665,11.941682052748787,39.0,8.393678817728851
106.4320908483545,-0.5423090341281855,8.935826804191002,-2.04,4.542706996682383,0.49700678589843206,23.197324603632527,35.25928866972267,2.8468048199160636,1.2367245761182788,9.34443149688626,0.44862409453124014,0.1545760952197529,3.4887134814271854,158.41531436456611,5.9886987560703036,11.945954213394824,15.0,4.975937091258439,0.7483413316053121,27.501965879467544,24.076845700859877,11.904280578925125,39.0,8.48428403638409
105.43083210660735,-0.4549986997129862,8.917438254370795,-0.041666666666666664,4.587583536870405,0.4947467122751066,23.00378686790606,33.46186158811954,2.843198429948337,1.1338350107680113,8.512144102529176,0.4000287378468949,0.15310654406551466,3.5277308556632847,155.3442411330776,5.420665962542747,11.917726315444174,15.0,4.978430527749058,0.737286399462403,27.2299320909287,24.000307399530097,11.873049042590587,39.0,8.220789377084223
104.48511395158913,-0.4943915541696239,8.926151390617434,-1.4615384615384615,4.5668993867225955,0.5062688023813702,22.940811660934457,33.69477254728418,3.1211884224288537,1.064282367989909,9.199626954103877,0.43594428034950117,0.15926872017920057,3.68233118292681,158.5405363520516,6.269497923021907,10.985265441685348,15.0,4.976055282706415,0.7227936219071329,27.895950201111145,24.008209301926186,11.957527392573297,39.0,9.446917271803716
101.93368067252997,-0.4304989490291379,8.951662767766122,-1.1153846153846154,4.574630211576605,0.5130323215009123,23.043588081106368,32.233372058551346,3.1674907747846626,1.006523556345202,9.560845324217388,0.42125259967602174,0.1578856856559629,3.6170730807329687,157.66131936770432,5.856843222115938,11.113792069071604,15.0,4.975863187248633,0.7359357934193694,27.542445103224797,24.057464826933916,11.926288125423241,39.0,8.608534626994192
103.36828999448873,-0.5871217797253153,8.930334867723381,-1.0,4.585148040928269,0.486968862923016,22.91595999190531,32.86614411721214,2.8932600332073597,1.1456161623563825,8.694826047713663,0.42221286128311813,0.15948778535345257,3.5148408344419853,157.65738492705088,5.492395694272451,12.383643260333168,14.0,4.977492745930694,0.7463009186424505,27.561983786710123,24.013871331443298,11.934846514974504,39.0,8.680206809955159
104.70835612020834,-0.7231104383627951,8.920496003709752,-2.269230769230769,4.56033551381234,0.49238204913687006,23.082461293181417,34.281963429608965,2.989098925462603,1.1626935287394817,9.230208316291144,0.4357004699073536,0.1556977769631836,3.5349352853921436,160.45394091920718,6.287698216559837,11.069120667284992,12.0,4.982779108613529,0.7355351829582152,27.720337923868684,24.05352222247027,11.897103566624434,39.0,8.976512847919299
104.85766357049593,-0.45582611611994334,8.981793644910114,1.2692307692307692,4.577451774701308,0.5060644903585748,22.98382116041416,33.979670967479144,3.0520781555487604,1.0460713167081492,9.280076642205445,0.42299282505633456,0.15815682381242022,3.4828681763018894,163.38234877018448,6.185475096031949,10.752040280153826,14.0,4.979819586494466,0.7240103031232843,27.521728449786586,24.035684119846252,11.911448161086913,39.0,8.724569997498957
101.48275834980413,-0.4906221442105651,8.95044696163555,-0.15384615384615385,4.5774471053731265,0.5100465820787046,22.990679914206087,33.03583397296056,3.162020005637196,0.973422315101994,9.796751061497213,0.42232642969813616,0.15690747140565764,3.5323465640423786,151.66659772547297,5.787204706516844,10.612512219039438,14.0,4.978017540079407,0.7348598580153525,27.22101541176781,24.044029917581035,11.877655793913199,39.0,8.777147878871837
103.62607999731178,-0.3758208201479792,9.032856281731991,0.0,4.589392200847883,0.5000648119448675,23.055165501365426,33.086312377142995,2.702810466584747,1.1999083590480288,10.327955589886445,0.4005433180386944,0.15130483300875888,3.4496040773166374,153.19173105826104,4.738358495432623,12.136597519472012,15.0,4.975690570816978,0.7424992585411012,27.674850010594767,24.008988074133743,11.89595684160883,39.0,8.941953621537564
105.88888429882125,-0.5774434155772087,8.873170780301326,-2.4347826086956523,4.571353595375516,0.4907686469627818,23.207356879905042,34.43979107587371,2.914631593020309,1.1978046593439176,9.757164979183344,0.412637910708244,0.1689870645795076,3.606574774771539,159.87127446647935,5.130235785081822,10.980069360450996,15.0,4.975749030859175,0.73228309288276,27.60582660500991,24.025475262867474,11.90700922675596,39.0,8.994232143826174
102.68805481097446,-0.5234302018067918,8.988991930564913,-0.4230769230769231,4.587803695971332,0.5132171494078844,22.994536963960083,32.75548543615175,3.0746418695132247,0.9829170597199375,10.23633451869849,0.41778608394073685,0.15354389019266235,3.4217157164213345,153.1792324593485,6.026752219790334,10.831884925367184,14.0,4.978986746713481,0.737471169150954,27.600371355007752,24.00186542280604,11.88293546617769,39.0,8.67611183201673
103.18415387729151,-0.5892427312818475,8.897116040778553,-0.2727272727272727,4.602513702234227,0.49562676810157363,22.96848065126428,33.1681521315054,3.2014070645993873,0.8991939392509114,9.95070494616436,0.38314892879817625,0.15306621736693007,3.4627583026756463,150.3870703549632,6.319631603839686,10.275885449887022,15.0,4.980935686084942,0.7627146399816476,27.30207298291043,24.003118318849,11.930904983060294,39.0,8.760467299419382
103.31626956639883,-0.5949359777028623,8.9672364881536,-2.074074074074074,4.5642039930512075,0.5044063368025059,22.987533386665184,35.16825905954886,2.9596356508053443,1.1757787239154556,10.099233289292313,0.45184355982279667,0.1591931345597711,3.7111364526616546,156.89991266867884,5.917532554598109,12.460388722769803,13.0,4.982207859094718,0.7348152371707675,27.613415268075098,24.196720214302765,11.88456461204192,39.0,8.93687594430904
104.29088501168047,-0.48411457113638345,8.842537677191894,-1.0454545454545454,4.601512283745875,0.4877003643918039,23.01238356450726,33.188922135688394,3.15677077169144,0.8986589632125898,9.09783826834841,0.38586074871962844,0.14093342011247897,3.6105309536287638,155.49235020500254,6.047930575194382,9.76099263925363,13.0,4.978284109736953,0.7290290853392307,27.321131833307433,23.96120534690801,11.949448371616995,39.0,8.50463243992943
103.88747698729593,-0.5769134945998886,8.921538299973006,-0.7692307692307693,4.568416784049765,0.5077713953262618,23.194405692524768,33.690800136495994,3.2171787495392397,0.9859395327871697,9.390288323203896,0.4266715091306525,0.1605390565924658,3.552069412326649,154.7915212029701,6.042657148765255,10.312553769056613,15.0,4.97799464424908,0.7364996095104854,27.595113742152023,24.106233499296398,11.909801936551013,39.0,9.35852946207271
106.40096862702849,-0.6064583045495923,8.842933945520114,-0.7391304347826086,4.5582520549543615,0.49286812612061903,23.125000248104946,35.98516784040889,3.120558360373415,1.149844036552568,9.05162676373387,0.4223655051831375,0.17186688642314624,3.6828027569924116,169.72846262081907,5.574759104287316,10.99294630672295,14.0,4.981797076480469,0.7526014756556136,27.65549271743483,24.089028077755156,11.904204985971038,39.0,9.124825357371456
102.2566046711836,-0.6685030366208663,9.08746724408683,-1.4583333333333333,4.574674810287799,0.49393269302018655,23.146445704245235,31.887712211492243,2.615780170653949,1.3243504600644507,9.242019830943642,0.42110202074121744,0.16159201855025027,3.523347598815505,151.66063372504135,5.107431825427145,12.673529597277325,15.0,4.976853306454793,0.7551799962130752,27.630045460930738,24.101975352722732,11.872767462270184,39.0,8.57131024190598
104.60959302236756,-0.7119853662684822,9.050161514895096,-3.625,4.592182157286878,0.4918150418205951,22.92441016743848,34.73814589714757,2.6693515366920524,1.2306484665137278,9.965827027062698,0.40943976612717337,0.16096160812232574,3.4480911337420412,162.90997519778333,5.267351363164877,12.601473172669158,15.0,4.978349842982459,0.7476690714175008,27.37860433410187,24.06239390294838,11.911353244501038,39.0,8.692140585050137
105.20583633714806,-0.442783502084307,8.859963498851355,0.041666666666666664,4.567455224677978,0.49301520100925855,23.037297318848534,35.02379344241392,3.089748012234143,1.0666647543874883,9.409565906860717,0.43206833848492715,0.1657716623472416,3.7314899147942517,160.98180451090064,5.545084297131096,11.023922510180629,15.0,4.9824491077185,0.7545100201343928,27.701649649294435,23.95830693670552,11.929291927020923,39.0,8.885503661975683
105.63253060329747,-0.3694741602402715,8.830184602568304,-0.125,4.569520947096791,0.4873536311282278,23.082244691080394,35.287194306715314,3.0811007332330727,1.091576843403154,9.211914838946353,0.4300530590893292,0.16379770221357087,3.537353018872306,169.95632782363379,5.788257987690322,11.181600249791618,15.0,4.980586973176372,0.7497462654878596,27.40916990485568,24.05914837483821,11.885414817376322,39.0,9.114460529303113
103.72266066223705,-0.6044955933992306,8.903420264437354,2.08,4.576023485061472,0.49425424830947856,22.97264828388994,33.28648642719268,2.9590199615982247,1.1875933079185028,10.571357528718817,0.4264057847006119,0.1593402214609069,3.6281718905212297,160.11717695708722,5.708186815354513,11.96519048557089,15.0,4.979693961902456,0.7457588017047557,27.882825065774135,24.05105662602535,11.926124538337561,39.0,9.178509793021924
103.98316834837652,-0.7049113445267251,8.9373104167447,-1.5925925925925926,4.567292975894434,0.4995646080918399,23.009565560254227,33.40573806018863,3.0524112220155257,1.0402929904744806,9.677232766612798,0.4275699391984494,0.1535957577963885,3.5552684429350703,156.53073223355415,5.999098269076879,10.850722904250441,14.0,4.97576385107107,0.7395235261877726,27.562820002261343,24.000193742813735,11.919881925804539,39.0,8.842005963479082
103.46245949821221,-0.7217676356637763,8.937320782945829,-2.1538461538461537,4.56603627587632,0.4963441146755404,22.96685566602107,34.854456728932924,3.0278342819592505,1.0742052589691131,9.610460277508157,0.4335663601656847,0.15214372388743982,3.5568203481220517,168.28306015269936,5.506024078141016,10.807553399272157,13.0,4.977479235244399,0.7460336853003413,27.514955696042875,24.00066957014644,11.911055238528288,39.0,8.70886911901269
106.00209704666844,-0.5695768079976794,8.93468778519855,-1.72,4.549854008411748,0.49407607743153703,23.140957709510186,35.65514954461583,2.7970401718825744,1.3119369319131506,9.245625992868195,0.4467042488148416,0.15421042453908773,3.5630053908905186,167.41037303636102,6.255438647745404,12.157021653571343,15.0,4.9848203031771785,0.7630857209083397,27.324115828152905,24.024579371538426,11.904514964195112,39.0,8.523729652149122
104.3420836697274,-0.3025524886903653,8.971429241365085,-0.5,4.579668218970686,0.494900002328355,23.1867844140842,34.71686747245905,2.7824543872951293,1.2245917088610063,9.142392101268317,0.4109707270394696,0.15453241468783765,3.466866333666264,158.21605379960064,5.054692799111966,12.145107939639757,15.0,4.978981582541882,0.7439923860409772,27.386866931167955,24.070677410450642,11.911012102646316,39.0,8.62621998352115
103.75578990930562,-0.7578938975151164,8.880047895670536,-2.4545454545454546,4.614338547548433,0.4890681476766046,22.992826048007046,32.719792387513984,3.053432818534146,0.8881170790370108,10.187904025350457,0.37751707533932793,0.15117995726576663,3.3879295787019985,154.60864091627235,5.683507856743966,10.351820116736446,14.0,4.975886436365391,0.7464327353725704,27.48233293014537,23.974603643248606,11.910861342293003,39.0,8.653780492535855
104.13378201065602,-0.6393310596385026,8.99250922033605,-0.68,4.544323058423983,0.4999234861129734,23.04617755991712,33.086078296188504,2.7709918642699414,1.3063858757607243,9.636264836543255,0.4417739380727397,0.15320423398254288,3.633431097298145,153.72011872911912,5.5306554229834255,12.516635916237567,15.0,4.97280895800673,0.747980042404423,27.538807489998145,23.981202166913917,11.91053989797997,39.0,8.60529980691878
104.09105798911003,-0.5015892072424807,8.955732742370914,-1.8888888888888888,4.580598756032724,0.5038569376696601,22.901847573256717,33.6433690804642,2.8952135558717136,1.129732764627071,9.84823102496015,0.4343534554452035,0.1592639877540595,3.5607611798537877,159.04257807432631,5.692759128845122,12.250867918638574,15.0,4.982972775153959,0.7543356762918892,27.64023000504308,24.06976808551897,11.877867383683938,39.0,9.02698994109005
104.92714493769179,-0.4723896646205511,8.899584938879434,-1.7391304347826086,4.568776694448061,0.4890699554861302,23.084392189726017,33.71831717689771,2.9398638125508687,1.1749704071754479,9.882867878542438,0.415844550982971,0.16576826447630494,3.565316788092518,157.53936334127286,5.698965368487557,11.68775969964252,15.0,4.979251876843487,0.7537749365760557,27.366510897076555,24.040120418256205,11.898140966857742,39.0,8.608144381539994
105.30776598002493,-0.4073843582782487,8.881275320242413,0.08695652173913043,4.57934888298619,0.4900046774485716,22.873682353998312,33.68111989219098,2.8928945363514877,1.1838316079350208,9.872725025690336,0.40767205395174777,0.1612392872031127,3.6843518276260263,159.23245401701223,5.624925173718556,11.529279440169057,14.0,4.980389143534927,0.7346352066858561,27.407818177660467,24.014957282923017,11.889998507015802,39.0,9.324332933279067
104.88128104947367,-0.4318214352445474,8.906155330263065,0.34615384615384615,4.561521986426049,0.5065224870642332,23.111595456855387,34.43599151261249,3.1619826074276793,1.036167928251513,8.686604664177827,0.44544853327060313,0.16375535867045748,3.457878769639045,162.53912931424475,6.041316540889018,10.905635124255166,14.0,4.982704013424028,0.7322952742986513,27.334843738642775,24.084635265745547,11.881201400922164,39.0,8.193129109129881
105.36949642070833,-0.6444510072504512,8.944255098235521,1.6,4.555250461574435,0.49922536669980333,23.049028319833297,35.7562794272211,2.8414066970564376,1.2625097483480063,9.591663046625438,0.4322812796057361,0.1539748372333529,3.6820937494923034,156.41712430726574,5.8173254407853605,12.264706029679038,15.0,4.97882350738206,0.7439691607051415,28.499496292970996,24.04793481334904,11.940541012342566,39.0,10.077827399567564
104.01311620594015,-0.7529359542371931,8.96048279839097,0.038461538461538464,4.561997992324541,0.4943490621762038,23.02603098036851,33.28971013063403,2.8023657520303704,1.2219657296819835,10.34214963977981,0.4369722487606605,0.15586714443514404,3.5308547978674807,160.73008736594997,5.320882895007922,11.855553949584857,15.0,4.978728107886352,0.7452352856202505,27.63166332684201,24.015298032491838,11.93290286443294,39.0,9.065652751521128
103.96522465962188,-0.27771884649415307,8.885779508139318,0.9130434782608695,4.6199014180865685,0.48512479437987027,22.90509967954289,33.549591658600676,3.0114961721044144,0.8844044545511358,9.604858568898578,0.38644581053011556,0.1332269593640569,3.4226143073664077,153.1027435544261,5.628405234697029,10.111102546106752,15.0,4.977018918839493,0.7361097194799444,27.177902596224175,24.027676172356248,11.913971115551801,39.0,8.064982230499933
101.7079412006253,-0.2947198913693782,8.961078072762763,0.8695652173913043,4.618820762174222,0.49290996464592907,22.968680953536854,31.307857206901485,2.9934776604098325,0.9266856896141025,9.270356439027372,0.39201677434732385,0.14128945979436694,3.395468201518245,152.27016173568475,6.38369634292312,11.037434834548465,14.0,4.97723883986567,0.7429307852164634,27.23493432006508,23.973643985700253,11.925384834431986,39.0,8.236312920742591
104.09777639284424,-0.41672853839791474,8.864744367434422,-2.4347826086956523,4.610857762034803,0.4850423196028297,22.91562316744977,33.30016304017101,3.089173791521455,0.8969355207232174,8.726900375856959,0.3970004163570081,0.13624266942865434,3.5715572540847647,154.9892636101448,6.139274230016775,9.844766125284568,13.0,4.9841192111721515,0.7433436734678116,27.83230317445773,24.00477038941628,11.93481590446238,39.0,9.179440183226927
103.11933841586811,-0.4357618927034845,9.09949005258267,-0.16666666666666666,4.594096643348324,0.5008780829971122,23.089760020103995,32.876160819269906,2.61722909099647,1.289393849281544,9.312476696465994,0.40430400993754845,0.15622555274056157,3.4291746057201795,148.79525979893356,4.813532195244356,12.494495817869405,15.0,4.9769793009813235,0.7614343021057224,27.81287213404975,24.051872931919725,11.937603070323458,39.0,9.208327539024083
103.53410577724941,-0.5848763037585673,8.94118086356873,0.8846153846153846,4.575306243829997,0.5081301700729253,22.953770753353712,34.13128346975691,3.1893894497023307,0.943773743735305,10.187952625440738,0.42206229987603894,0.1567897526627705,3.6285042267853855,158.57888918802482,5.5600500155961665,10.325398270323767,15.0,4.979860654796227,0.7413921854173897,28.00766779862686,24.037874450999745,11.933540336767244,39.0,9.24545247769397
103.51571805654726,-0.44789992443794663,9.00857941902371,1.0416666666666667,4.586847992325768,0.4940285343955291,23.039769200884063,31.95320365677213,2.6511087016406663,1.265548125095352,9.637077559555538,0.4059938293238016,0.1535541487371715,3.4986857239508575,155.6575119698595,5.373614943259149,12.318788712921007,15.0,4.982262870068929,0.7549868050909855,27.78103553347828,23.996690110362852,11.918625041822429,39.0,9.573769403376033
104.6543096470038,-0.5239783496718825,8.966063426749205,0.08,4.568198011424985,0.49812143457251684,22.94509340875301,33.06565052413919,2.954893658525953,1.1821891481855715,10.213402958857541,0.42169569389438033,0.1612597465052994,3.5944686581020546,155.3650884920392,5.64444809698499,12.112713868710534,15.0,4.980343540353955,0.7490211030580841,27.794549974276585,24.061340809637805,11.919878214687593,39.0,9.31578756773726
105.80048832518982,-0.6595651743591159,8.976331081249326,-3.3333333333333335,4.580282313916222,0.48686110021938095,23.036711185349475,34.33808182640867,2.763208098706651,1.285281271141086,8.687475019948097,0.41703305625254067,0.16478437488063594,3.3913190477062205,158.46667598488682,5.412687270457472,12.580568487761811,14.0,4.9801997597898175,0.760611580485039,27.52916437641756,24.0232104072809,11.922570336435685,39.0,8.532464729959607
104.36517834177039,-0.7044194743216173,8.850024793473068,-1.5454545454545454,4.600859117810886,0.4874053303703442,23.111721376316687,33.6795321229193,3.068814284345069,0.9772599866291368,9.37466252836128,0.382899349458751,0.15432938487619557,3.3644299908113484,155.27853975527074,5.788632010793457,10.760163262399745,13.0,4.984139104639156,0.7410451265195848,27.131810217012656,24.05433779423369,11.93826953420014,39.0,8.014235804165715
104.07165311468941,-0.6719591954474697,8.986485663152065,-4.04,4.590439461888762,0.4913257735355023,23.017180621232693,32.55917357909547,2.872157442514775,1.0964291121584744,8.783985428038916,0.41787222160688375,0.15719548408789785,3.4194534012511895,154.3649406830308,5.532333842753687,12.436695710859999,13.0,4.981944240829755,0.7678768536560373,27.733388094352968,24.02056253107873,11.936026295616285,39.0,9.19675572405977
104.01058498261953,-0.4159795674839992,9.029307667652704,-1.2916666666666667,4.57380928566771,0.5047691916963303,23.166552342010657,33.89088955316688,2.803309682489072,1.2115677085917618,9.167329521488554,0.42250081826179076,0.15781342185284947,3.604173008712371,158.75754052094408,5.400083387158988,12.1238739108564,15.0,4.974980877098654,0.7593333903599364,27.667409272264823,24.103131920999182,11.868264300850441,39.0,8.832982910079874
102.65216227790864,-0.3595349644297023,8.911796652330128,0.043478260869565216,4.62307085793886,0.48881183805202083,23.01769760116584,32.670588897013225,3.056338397120305,0.9041544791162397,9.53929293191229,0.3788043108896878,0.13476820974091402,3.3648593323039617,160.87800362761544,5.8739170011257045,9.954799842493372,14.0,4.973771370528013,0.7278031417606208,27.40666046423683,24.014695874116292,11.880059048984155,39.0,8.461040344333501
105.6332966152474,-0.49873269858504937,8.869298212729154,-2.5833333333333335,4.563635747155415,0.49249418760427593,23.13834608713701,36.472301586713336,3.054900542501445,1.1466221591865384,9.90755884273327,0.4350180240140903,0.16804418522578077,3.677167486009298,160.15299400641214,5.173660483154009,10.966414255975856,15.0,4.97610858289967,0.738280071856011,27.757402001690505,24.156575317377253,11.910721464063839,39.0,8.978142463720086
104.16898774914281,-0.5368517312105352,8.986737803765728,-2.8846153846153846,4.5747383928578795,0.5123015831102116,22.962003320849057,34.088769477985366,3.09686994351244,1.0181214543921944,9.70458623965186,0.4290493164923499,0.1612025324682271,3.4067256567172595,155.32994505461764,5.91748628097177,10.703045430374278,14.0,4.97777891997981,0.7631154570722649,27.13629896403934,24.107557089189406,11.913627959296488,39.0,8.668569400878596
104.57482821984166,-0.5589252264114983,8.976173378352188,-0.72,4.584084666403382,0.4955152880197826,23.026590917572943,32.810306209960906,2.9064921195233415,1.0995230600560741,9.438304932560719,0.42619996053328385,0.1576767167288424,3.5214549816520933,158.7079963497457,5.64035863418139,12.14844967463644,14.0,4.980954182107277,0.7688890648059797,27.739149660984623,24.16755138262155,11.879271214687744,39.0,8.649379317045678
103.65735859621029,-0.48967915035327736,8.920402648338777,-2.0,4.576360914805333,0.4971332384140397,22.866357867988857,33.39856825262864,2.904266394485149,1.1920722687545648,9.184107255849995,0.41277306059303676,0.1576610293625906,3.601806728652332,153.303457110077,6.279238523268825,12.48771610332373,15.0,4.979307191192897,0.7489920888694315,27.59554465519178,23.994038289450828,11.910013384432672,39.0,9.031249134459308
103.40633439102879,-0.2953865550573073,8.882675430417173,0.8695652173913043,4.597929446022823,0.49157350365018876,23.05891252323069,33.66158093732205,3.0903279545036275,0.9498494728399643,8.793793996588864,0.40788376203004895,0.14567693481714175,3.414804776087907,152.39501890923503,6.787222420208296,11.066552909383784,15.0,4.973680747173307,0.754189020793598,27.56795226952012,24.07874960717652,11.886671513476184,39.0,8.389341316749512
104.02172859702625,-0.6909369872379486,9.063260443317008,-2.3333333333333335,4.587052068093555,0.4889789443526032,23.0947591389174,32.71854309194042,2.6216825947273925,1.226908005607358,9.086008780292675,0.407171010222847,0.15998939422845224,3.440990702246581,157.05085817515788,5.1049988963338935,12.361372383423724,12.0,4.976904740383716,0.7491422994854352,27.47675749405578,24.08736796419677,11.887082301685657,39.0,8.532714662683393
103.12391864819001,-0.5430311172798835,8.860810922378638,-2.0454545454545454,4.602746013022079,0.4935497634104318,22.966608855704127,32.917683664726354,3.225392329112282,0.887660177084747,9.315077088088149,0.38932778813370705,0.14157501826050994,3.441358743986738,155.90793408738733,6.256643312633211,9.717552392543718,13.0,4.978489093436372,0.7366976180893993,27.417278147104184,23.965025515293796,11.90162405612594,39.0,8.49096092116934
103.50995372742598,-0.6516794562805661,8.901582372186578,0.5384615384615384,4.558306288527601,0.49672701770235095,23.117328947604275,34.67956537242857,3.0724729128609773,1.1075017641455085,10.609251293929816,0.4372062009438909,0.15904663655597784,3.554414106416935,157.6884029812615,5.577444747539057,10.535016541085348,14.0,4.978361344281875,0.7508401372130425,27.74956663840263,24.02280551281893,11.902334000711301,39.0,8.708291355693856
104.8754469171593,-0.3617803822386285,9.080768029001746,1.875,4.570625175927963,0.4933839987232924,23.272066858871014,34.32493273420058,2.604329569738446,1.3507801804044426,9.193804526237583,0.43333856476343025,0.1585346345473924,3.422848164919478,160.4285650915894,4.723533171334222,12.398607658355708,15.0,4.975377712639504,0.7398050131253947,27.417054514551673,24.17245485197352,11.845155187917765,39.0,8.303460132464881
103.92597578764716,-0.4522224722544083,8.951244542409768,0.3076923076923077,4.5645763210393895,0.508382963906356,22.991239466555232,33.99540305172034,2.99673026470105,1.1126989018960949,9.542492944594361,0.441153701086564,0.1620426958319777,3.69672691772968,157.12531496552452,5.771265260185993,11.550713526531734,15.0,4.983106178984167,0.74657563777364,27.56906050760385,24.006748817796016,11.955025558482777,39.0,8.946233829417494
105.5137756313198,-0.3564893459140065,8.898862318870473,0.11538461538461539,4.56226978528109,0.5080452595793867,22.985484761636542,34.97194372977401,3.1283652099615873,1.0326439514974288,10.522236246221702,0.4385099959265945,0.16309841230917,3.6708484216446946,162.413794972901,5.825710344750276,10.993580844386601,15.0,4.978729694214067,0.7377463045663207,27.40007864223804,24.061322991834995,11.899722435281355,39.0,8.806406690277775
102.11117020401747,-0.533748292936922,9.00337971692421,0.8888888888888888,4.5744046932338165,0.5082446308001938,22.865771106584816,32.66713451872085,2.9522165863720446,1.136377933162612,10.321977033327636,0.43951408430384903,0.15631796930834005,3.527377180616593,152.61571223215628,6.593082841640074,12.477580632960118,15.0,4.9772927790053885,0.7568130271139717,27.965107819458353,24.08379263729879,11.883536385189833,39.0,9.174058485685983
105.13269769193784,-0.4276311797625452,8.950882237416256,-0.12,4.551737269544133,0.5024939677610626,23.112581723054756,33.03396799155805,2.9509856190924895,1.1594443691042318,9.407741493047096,0.43351566117459384,0.15502949430433066,3.696727391143538,156.87734435162474,5.33192406301312,11.82063205581856,14.0,4.981919754525583,0.7269542176660604,27.61521674475437,24.02594853230797,11.91651186253522,39.0,9.05085818005454
105.04120679444004,-0.3954990647086391,9.090419368958445,0.875,4.581690010477705,0.500873009814138,23.17447708857974,34.050634480745686,2.6438837388211445,1.2557671483473412,10.19114198703953,0.41044139868981633,0.15303404376074828,3.580836808807979,153.6900200158385,4.776510986693822,12.26029699036212,15.0,4.978650120456055,0.7419875970339705,27.799992924177765,24.12309499516462,11.890825008014824,39.0,8.85833945282674
104.2607781541902,-0.6502060520165744,8.964615424724112,-1.48,4.557532052378597,0.5035939773876004,23.097734523691482,33.62362232873702,2.9759515149573157,1.2042089218506586,9.732913232943156,0.4315550826927936,0.1601371432781659,3.4669848964275642,157.2494928949141,5.564225530626615,11.401043334956007,15.0,4.972732106819359,0.7358674711572063,27.582547454525105,24.043627901528474,11.928467825073323,39.0,8.41179769615794
104.2892729384412,-0.5765473356046804,8.8445397671226,-0.7692307692307693,4.558281828743785,0.5070845505117575,23.167779814851748,33.74455489712027,3.276621461531255,1.0077179211334106,9.455595381765688,0.44561816418532496,0.15901214239456724,3.5466346525366736,158.0741244308748,5.735984610827492,10.203135178234731,14.0,4.980890699762639,0.736736607361584,27.914827279418773,24.176299934249805,11.911676411817078,39.0,9.022213944178901
103.61904165996744,-0.3951325467930323,8.884716643142045,1.1818181818181819,4.603309318497978,0.4901991277487099,23.062323548583507,33.84333790978051,3.1543433388076214,0.8649963264091954,8.589826771649248,0.3941059277241111,0.14769805002462325,3.4370699568413263,153.67311025246198,5.768538308727982,9.895748899925428,14.0,4.980074806490056,0.7578615827881171,27.659828332762466,24.042877143434517,11.909845996941469,39.0,9.159458140471855
103.60118558895148,-0.6930300137068125,9.036044084500352,-0.3333333333333333,4.584247621125912,0.48942111788449383,22.97682795046103,34.35673561233234,2.627585541475508,1.2925296343381798,9.616247824501105,0.42217426474280806,0.16284425756315166,3.4219607035798916,159.43605055582418,5.3972225708171555,12.484018458009421,15.0,4.981514997967544,0.7439690749545834,27.503266814243105,24.007883678009144,11.895455355695566,39.0,8.332599299397682
105.25569914203355,-0.6047256713916075,8.82171857299228,-0.18181818181818182,4.594317901770634,0.49365800489000405,23.096439390352778,35.083991760349534,3.317148659339199,0.8813296162204118,10.320484324595181,0.4051345494733293,0.14822984568624537,3.6648626999372635,161.1533541547422,6.416576068472149,9.655482107611311,15.0,4.977939116455746,0.7563625414504486,27.708769892743746,24.121028672354058,11.913974628505962,39.0,8.853488401814921
104.62878657627607,-0.507226177582503,8.972604120043002,0.782608695652174,4.570231381621894,0.49547904095967005,23.085065278973417,33.23783618750998,2.786267429309996,1.2276188090720443,9.9124713793726,0.41689319517662426,0.1636337514437154,3.5746000424191924,157.9407852476591,5.582489643356739,12.288464317729835,15.0,4.980839914182159,0.7386363156641294,27.001406752657857,24.066846998783262,11.892880365675305,39.0,8.766670220474602
104.04841917334421,-0.4264160673981143,8.951357763765275,0.6923076923076923,4.571777021788379,0.5071865701416344,22.948199497700305,34.564516814681355,3.119465619200518,0.9753431188994586,9.74982931120505,0.43080684646530315,0.15657316374721178,3.645352637155996,161.603382235692,6.060207092024254,10.46104183966031,15.0,4.977407119136205,0.7394584916526888,27.988108309768812,24.108486818036845,11.924226748315887,39.0,9.348801772024967
101.96545612827694,-0.6879526267881592,8.97704519740898,-2.96,4.590928385725848,0.48598235200223683,22.817647648672114,33.133295812123336,2.7251901899246205,1.1849776999471309,9.193388929007627,0.4159728494456662,0.15781243125588726,3.5709904923354463,155.3887410575017,5.0304642272618105,12.29165706681739,12.0,4.979231511786435,0.7359016664681174,27.88884587778638,24.027078763242635,11.93578580983043,39.0,9.127172261829088
105.48738970386094,-0.735547404394732,8.936377461972192,-1.7307692307692308,4.552317953090685,0.49518298101951996,23.038065936729975,34.91501905289019,2.9352183627948993,1.207936093464754,8.689328965450812,0.44192039729807064,0.1587979851622703,3.7282510126129305,155.85297890119801,5.281379492413459,11.835821707816972,12.0,4.979826319587081,0.7517518812647161,27.60795938972212,24.137725937985323,11.84891301134495,39.0,9.065195828883422
102.5307623358894,-0.7396508439309514,9.128590587866656,-3.9583333333333335,4.596519036079899,0.4935328600310085,22.952517955623495,32.08513920132828,2.542397409044881,1.2325809807541206,9.662984212389507,0.39593036567348566,0.15854861646702845,3.5144807658986967,151.29528552005917,5.013576715541584,12.4444410559096,14.0,4.98019284477812,0.7553948135571817,27.607974477452046,23.97689281087191,11.907622923586269,39.0,8.814712892832084
103.89131757082943,-0.6750645434533977,8.851386194971267,-0.5,4.6120501445081326,0.48998746702544055,22.88041857724889,33.835705223237156,3.1054973060828064,0.8652662114561883,10.057787575261813,0.3830512073806833,0.1493156086523831,3.59771344773746,162.2765528771514,6.064515481524936,9.804130180169468,15.0,4.974103536875675,0.7366681942345641,27.258084410769598,23.895214648619884,11.968306798397563,39.0,8.741231630568599
104.60568383502532,-0.4995568107947948,8.974464013479182,-0.88,4.542720273569459,0.49834960063308537,23.095744989014694,33.322505801792346,2.8038342472240294,1.2972727300402198,9.823726380554378,0.4497050272218439,0.15464895304782816,3.606306053706327,150.33665597356213,6.0454758077398685,12.191720684021742,15.0,4.973674088853173,0.7320366821794231,27.324056685347056,23.9877461178325,11.955006085661044,39.0,8.918733951873651
105.27444217016979,-0.571727452463677,8.945699937321596,-1.6,4.549577290768075,0.49968373479742384,23.015110765835406,34.957774233289214,2.950822758055052,1.1838212154781445,9.264987857520376,0.4373517126438584,0.15872979562703726,3.747724793530207,156.39493075431085,5.237563112887354,11.815300472108,14.0,4.970074045993419,0.7484750396926644,27.4179917128668,23.980163421589417,11.943380654661814,39.0,8.838983613072521
104.99800985777667,-0.4361502931832176,8.955230029678294,0.34782608695652173,4.577581153450611,0.4935921688278249,22.970124814553323,32.54010934063026,2.8486413001694713,1.1833071344637762,7.3815792798971165,0.412605272413328,0.15654074150808484,3.7234170381397016,150.9974760422649,5.764849571186812,12.593977594127686,15.0,4.977990600305381,0.7399141426791114,27.455332030506778,24.04585638983356,11.922114262016601,39.0,9.34533417037791
104.09476461475498,-0.5081940362320991,8.85309563913399,0.6363636363636364,4.596709144469593,0.4924000916037295,23.094424008834668,34.039496736454375,3.2133964475922854,0.9092529946807091,8.941961624048183,0.396940853472812,0.14727749843003696,3.6193232001797098,157.94856874363512,5.985870077201367,9.672948865096554,13.0,4.980601146976136,0.7727986760188027,27.434434064555514,24.155441564956526,11.884700398317555,39.0,8.803730970599783
104.1789721735953,-0.38896646940275503,8.991520242217472,1.0869565217391304,4.601848985032243,0.49243152371253807,22.852373857998117,34.093775684168435,2.7122690925745623,1.1449456407092455,8.479710021079017,0.38736586249609983,0.15481477357769644,3.589915170612118,156.85417337673476,6.261146789237871,12.59743979257202,14.0,4.981210907323325,0.739170102322122,27.36949437761465,23.966275060319298,11.942772636038322,39.0,9.362101271095387
102.74463529556583,-0.593038742211793,9.040510557217367,-1.875,4.585514268709516,0.48798601992209956,23.02398452757927,31.979861575456447,2.680922131061953,1.2519714451392925,9.444189130535948,0.4139574684345671,0.15788843920046847,3.549501132020917,158.26554739577307,5.328161073392275,12.604657143917173,13.0,4.977026623233117,0.7505051577817863,27.483415823995934,24.066058663298357,11.959765344403106,39.0,8.596051488424166
103.51033070740135,-0.7727320300911503,8.987352030525363,-3.84,4.585533912871834,0.4920077976231498,22.91142190438916,33.27500758036125,2.861668038042166,1.1073022064058424,8.008395594624432,0.4156909687775485,0.1645663928523159,3.453630004948183,153.10041519113713,5.418095764007103,12.298981702448426,12.0,4.97642194390801,0.7677602770262597,27.595381353729643,23.98887956472751,11.920198874565118,39.0,8.923156346527396
102.84382148763365,-0.5123045103861933,9.106771150886576,0.08333333333333333,4.59384047244416,0.49424609932416524,23.021819983235897,32.8599588633668,2.505987702788292,1.317003554958711,10.148549431103715,0.4032825727465353,0.15724047874641578,3.385578362142846,157.37769092326016,4.893196101897865,12.681412197422242,15.0,4.982961857313509,0.7551269984343022,27.554264217409305,23.958032591555554,11.877362703920177,39.0,8.459260250704997
105.09505652047964,-0.5214822378680225,8.939727324045702,-0.391304347826087,4.582463626481766,0.4897245185474522,23.09018689078593,33.427347820469684,2.889133652916429,1.0504734907436588,10.441302311055392,0.39575399800743777,0.15823618927914646,3.599413520535152,158.42811613916842,5.302459905801495,10.735196519291385,15.0,4.975184294639612,0.7301521280239198,27.63390354162804,23.94289195091899,11.92527966882961,39.0,9.263613673763096
102.36782175966722,-0.6204372762299475,8.858725477040142,-0.9545454545454546,4.61538462523716,0.4912358128303357,22.991862712043737,33.85412863709418,3.145554621829644,0.8898690422277845,9.593924558268743,0.387907799884335,0.14198439662410917,3.4470727089624034,154.7692028258514,5.292248025114926,9.967660031764222,15.0,4.976993879943553,0.7522321085668597,27.581145172114738,24.051152751442267,11.862818044705676,39.0,8.81729919517619
106.86280702904932,-0.6117666318869459,8.793812864508853,1.2608695652173914,4.53935133570025,0.48463539026601415,23.265531524125056,35.744398046052254,3.1147443921840208,1.1133967589949971,8.959898055050616,0.43881071192410753,0.17454947698727205,3.572837605117302,157.12452846886887,5.437872938216568,10.9375453595665,15.0,4.981510815224237,0.7482475507072945,27.260933016431913,24.001608401926823,11.941141165365826,39.0,8.495632794168294
102.5241943080922,-0.3871612173130499,8.959075681941902,-0.2608695652173913,4.610188372784987,0.4959622170817894,22.998825345102087,32.974679674743385,2.9990503200840584,0.9572909286194551,10.134818980405889,0.392942933420242,0.13739368829469908,3.379597338651225,153.559055860983,5.904147465130233,10.747911230282108,14.0,4.982421152222974,0.7428275217074913,27.089593396969875,24.022109129390735,11.898773617498598,39.0,8.189475168203359
105.69145406782339,-0.5401806776752957,8.88733914543545,-2.1739130434782608,4.56715141547727,0.4924966335100357,23.284462220978504,33.968892431446974,2.970632455858466,1.1433242566523338,10.671588341552958,0.41939285140683386,0.16376579537161093,3.5329013865112264,157.6544751679258,5.5536733180678,11.471494511507135,15.0,4.980885931161216,0.7403323975890024,27.60312698095029,24.06402092226724,11.910297631362777,39.0,8.619516209295881
102.88992730077588,-0.6034632857858376,8.99331606420475,-2.1481481481481484,4.582413036342599,0.5072453151302495,22.858563019658693,32.05493242727279,2.978607021665783,1.0995015635836858,10.204224628767657,0.42372447897241244,0.15452515215348853,3.5574478426122216,153.49535433485696,5.760827897568043,11.902735611290488,14.0,4.977233963481673,0.7418158456709455,27.583971352396443,23.966986697163556,11.912300602939407,39.0,8.81149366590645
104.64560332774087,-0.409675999744616,8.922387058839796,-0.11538461538461539,4.5693272122152795,0.5084740558705744,23.017152002051894,33.9885109201918,3.1060818832318167,0.9897768054107203,8.714827872773563,0.4403096089286638,0.15916774506241207,3.489290348686718,156.21290733437144,6.251326641583528,10.49276797762962,14.0,4.981390688779238,0.7626132828227769,27.239131056250862,24.081904516367135,11.886098360716163,39.0,7.960007095613346
103.2543450191831,-0.6893306942652009,9.028693753838802,-2.4583333333333335,4.581930345494865,0.49082779837742146,22.890498753810235,32.70598259154531,2.6550467875609054,1.3103927062950707,10.062219630324556,0.420228673385025,0.16417914977702522,3.5228691313880516,160.34327369508293,5.230261308834292,12.580897707536906,15.0,4.977932465738638,0.7532677832144126,26.99974396736868,23.96316134658101,11.935243412893643,39.0,8.592762611022195
107.4443949629657,-0.42776667699366083,8.87612664966221,-0.782608695652174,4.548550394034276,0.4937111627876666,23.40038800435318,36.431489178963375,3.053388384034413,1.1762938162355798,10.595144588295193,0.4294483439058428,0.17149098540889662,3.614208634900177,165.1894633445252,5.735563577779581,11.284359495783407,15.0,4.982346108552675,0.7416367510967704,27.7049703554305,24.14579214811006,11.879181679480274,39.0,8.613368185482141
102.83039020688265,-0.5656158814135426,8.984811126933424,0.7407407407407407,4.581240706666038,0.5045773534244143,23.041345151599852,33.00739805554527,2.9533866476639306,1.0929215866478834,8.94672542037585,0.42972923521418815,0.15456828658230348,3.40803314696353,154.9043411406875,6.267363991326691,12.275652039033252,14.0,4.980207713823573,0.7418762907071117,27.991934863317077,24.11579038871423,11.870064595266332,39.0,8.894022028791667
104.41285058353826,-0.7705005236141804,8.922288914109743,-2.269230769230769,4.5566253855621826,0.49379003144095596,23.038068857657628,33.85906721076958,2.9262714923455837,1.1850163070427673,9.108566096338159,0.44542141145672937,0.15502594402682834,3.5384146087287864,155.7148859869225,5.590950748489089,11.357833498472173,12.0,4.975227350269426,0.7531996216686706,27.250890006373588,24.02128191554313,11.958028828126853,39.0,8.353559817054617
103.74369174126933,-0.5560236043855061,8.946836083400104,-0.4444444444444444,4.569041583384522,0.5016782460186314,23.063002907778944,33.262052808187846,3.077800070074347,1.0516217146487823,9.569756888948655,0.43341385509145186,0.15251908859991464,3.5261267959772264,161.4225247708331,5.821968296140197,11.173170324952949,14.0,4.978285299519503,0.7358469353153483,27.967738256849856,24.16493275155112,11.882871631287403,39.0,8.888649222448816
104.55709967774366,-0.5888062119543672,8.928872834332196,-1.68,4.576067295878648,0.4948663271933075,22.992671552034935,32.674938466469506,2.9272523391532643,1.149100449587289,9.861926789426091,0.4192498269260499,0.15412043423816163,3.5337616373252225,155.61170779719242,5.680018777504206,11.956902128392237,14.0,4.975891872697929,0.7251915791284352,27.91175306550035,23.9811128596579,11.92566604752512,39.0,9.778497657164856
101.93316922038781,-0.5430568170324829,8.982549016013921,-3.0,4.58866672553293,0.5048632180249203,22.892894325847312,33.325671139134904,2.9381413321809124,1.0863452356501668,10.136110730489321,0.4254709564126426,0.1551747119098253,3.372113242479702,155.1887834448616,6.025469087612614,11.851912967587824,15.0,4.9785140414208335,0.7482233769126384,27.225554528130807,23.93831856563456,11.957701176325694,39.0,7.968157018361133
103.77985078838059,-0.5611411014338527,8.951035773141662,-1.4074074074074074,4.567606594141977,0.49974140370784154,23.021372172185913,33.72522575714372,2.964604109241671,1.0962792776687562,10.126091195920234,0.4381233021890814,0.15604511298697446,3.6872430836298236,159.35457103454235,6.210110475865367,11.58309527097065,13.0,4.977007750878208,0.7379206458890589,27.585155633559417,24.065522281438902,11.87100171859915,39.0,9.015377228260895
102.50106040066994,-0.5734881825366721,8.806752312553773,0.09090909090909091,4.598836532696914,0.4885286934730342,23.01729655691957,32.033080915812754,3.14552676007245,0.9572152735359611,9.169658915581275,0.3852526458161423,0.1531273112100337,3.581270629043341,154.5743078936059,5.948648381412427,10.273402095889026,14.0,4.978082247012036,0.7664826686760213,27.513945405789737,24.099843768300925,11.892023106442648,39.0,8.691148254466391
106.47159521627937,-0.6190656172805558,8.850381755685236,-2.130434782608696,4.566287239293081,0.4857928050109358,23.16879926213244,33.29815421920972,2.9880773386891315,1.0895410080741748,9.25157729361106,0.4085548977453123,0.16941118303258512,3.5899294119159286,154.95586079618397,5.3211884910790825,10.912454313302387,14.0,4.976122664017469,0.7527812116999382,28.270396740030442,24.055363822324505,11.888539467522984,39.0,9.874608238507221
103.81079370306139,-0.55912954207022,8.923483507430163,-0.8461538461538461,4.579107661714607,0.5001939422138105,23.024436635655825,32.992240906551075,3.0777168068308587,0.9474873644166986,9.85156101528432,0.41216295047738377,0.1511794946482451,3.408339802125923,158.92226232922667,5.913484412139028,10.547036934776337,15.0,4.9779053769309005,0.7276581384236871,27.693600061130226,23.99231014420033,11.956086690655827,39.0,8.75714356283411
103.01834182332207,-0.39332462037433186,8.878157210936376,-2.1739130434782608,4.614675280253957,0.48922744276227315,23.07716406319753,32.37035195338075,3.0862031533232956,0.8878079825118284,9.082482776407721,0.38640953150961843,0.13804106994100684,3.4371067517704303,157.6202352422492,5.742349615944593,10.063056568915663,13.0,4.973443779018599,0.7469375506348145,27.637083214251568,24.11592309935014,11.837885175286816,39.0,8.678967223911052
103.74093865863712,-0.702968035392089,9.051021655450477,-1.6,4.596867697773816,0.49568252303945504,22.881801012812296,34.39161728399533,2.732010977151049,1.1571727029260304,9.850888284819803,0.40432971782720095,0.15638715244189288,3.518245816333405,159.7974172022722,5.510445120913332,12.552393281706404,14.0,4.975652013645572,0.7421461138380437,27.503386421659073,24.080429715980017,11.933284104821936,39.0,8.905207562695512
106.38845430254476,-0.4100800481562075,8.881214867239663,-0.25,4.575148480702748,0.4908569195396546,23.024244900700864,36.0015737507239,3.001200665681902,1.147672746595978,9.306135968632022,0.4178166598748143,0.16190542184764667,3.673529651339275,164.69796558454738,4.907600733017236,11.287909399038853,15.0,4.979312224183242,0.7334446021638948,27.54981386753165,24.00224416919573,11.937457566598894,39.0,8.463506729662736
103.27040315344267,-0.26018060298680695,8.851595101453466,-0.30434782608695654,4.605951178937138,0.48933201839041196,23.001767956989994,33.07026956637293,3.1971991117095873,0.9383630782641141,9.629821356457132,0.39844994418329466,0.13840228995075438,3.545221307629824,153.8818631972385,6.507310520613841,10.35883876398211,14.0,4.976600993272081,0.7610837328408837,27.489198271001477,24.08277380240376,11.898798336679846,39.0,8.259221258108994
103.15909593362684,-0.2891581212773842,8.953973929422808,0.34782608695652173,4.619376538032969,0.4951237731693424,23.055823573283472,32.99945961897596,2.9391172279816438,0.9574596321293677,9.662156999490213,0.3840421845277783,0.1375254084501829,3.3602501891128496,157.92027782061038,5.9806132155554295,10.914488002862196,15.0,4.978561008547397,0.7448886531515017,27.29761915958455,23.986204549882096,11.942396247653548,39.0,8.305366451467265
102.44785254378677,-0.3975869080898076,8.91116637025802,2.8260869565217392,4.6110979630314946,0.492829984073983,23.09726910985165,33.63600996815879,2.9665485826148195,0.9765367246922406,9.698283908766912,0.40325633619160717,0.1397100536825437,3.3837160414794627,154.43993096768966,5.787730556880277,11.006533207100226,14.0,4.978338257399768,0.7544061775544997,27.237559565993955,24.15935471570208,11.87926238148038,39.0,8.017499556744873
104.86283074868392,-0.7538608149908619,9.032366456719133,-1.8333333333333333,4.579172912669649,0.4913418721902465,23.174513907522975,33.74693247562952,2.766243860521047,1.2745302231158464,9.719682207882222,0.4108472153267441,0.16425928962493974,3.3361699038243673,160.3583788191841,5.296956294335058,12.503826772317586,15.0,4.9738699995576585,0.759063637350749,27.849781476796675,24.075601168748435,11.934220309674739,39.0,8.832817586713091
107.06593199479697,-0.4164035377280215,8.87445148934498,0.34782608695652173,4.557735892767213,0.4915841299388958,23.158993902710364,35.3409828108507,3.0265581673740813,1.1249075879265173,9.182254604503633,0.420045247100869,0.16515338628990453,3.6130731478348146,159.39998282241373,5.19555261206198,11.116957388145773,15.0,4.9774151600777286,0.7470954612491049,27.547285007906826,23.95980529927685,11.949388578590911,39.0,8.588614349389818
103.8360667893028,-0.6687023692576146,9.030827752932247,-4.92,4.582658293881272,0.49052943061863125,23.116079160638673,33.12253109739905,2.797708621856878,1.1883924345315813,9.727980263137871,0.4129244264839543,0.1603576646140856,3.580328443405364,153.2095880286031,5.435932075353837,12.561586512337508,13.0,4.974234116627821,0.7407285559826307,27.981632915288735,24.17061400219366,11.877651483838507,39.0,8.996908547581366
104.78527991043562,-0.7112930078768094,8.946761967214709,-0.9230769230769231,4.557126680399418,0.4915563101857383,23.12747576224903,34.95063771629572,2.8067655634176276,1.2119866462505002,9.364101159884187,0.4428131071120437,0.14724266872429023,3.586885940962764,157.70352302333748,5.4927773792125265,12.259937979582075,15.0,4.975742672964587,0.7338625754645388,27.840661896683045,24.08533872510062,11.847072290849802,39.0,8.7549832090824
105.99026806263885,-0.46768252024373125,8.93803480295289,-0.44,4.573461687522222,0.500251682976669,22.972334843374806,33.90621609664791,2.9019340833146354,1.150620035400994,9.920000000000002,0.41406183716340833,0.15324893511307083,3.5566243499390557,165.43984111275068,5.343648075075602,11.363480775057887,15.0,4.977977504990816,0.7316919869280859,27.722655596187973,23.872446780338308,11.986594190839352,39.0,8.685025995863764
106.09975841935616,-0.6043909290301991,8.892284406788201,-3.130434782608696,4.561240132075531,0.4891416607967472,23.071756125958817,34.35002243042537,2.947618464812919,1.1482225960552075,9.515682012277951,0.42121083829460937,0.1662623517939787,3.733966197662276,158.3488399245603,5.513464290498358,11.094556678272154,14.0,4.976622211003435,0.7421516930340791,27.507375236205448,24.046784900532806,11.879910328474402,39.0,8.846900213862646
105.4266243373073,-0.40650070195084337,8.875534215028791,1.2083333333333333,4.5820531350421065,0.4900095799663417,23.1184826860533,35.941357426348475,2.99050414658927,1.0607197895295466,9.928826578313382,0.4143863479815174,0.16167280380154753,3.4073147167460935,176.51002858672027,5.516302094595718,11.138532103601658,15.0,4.980229442498961,0.7431503306671288,27.09073622153655,23.961068629153857,11.895386554185173,39.0,8.041494462634741
106.43538537364384,-0.40472460197380905,8.877890056223196,2.5833333333333335,4.568225025440326,0.4897076237369611,23.21981569076162,35.51788222679616,2.97272450593832,1.124276338656699,8.765066393866556,0.4219945702939966,0.16289860786463928,3.5240331216709144,160.6385913123371,5.114308286837676,11.33794974215072,15.0,4.981535509319434,0.7436583042814088,27.36671729584708,24.026761220548185,11.898168717124893,39.0,8.3116723119326
103.78777315935896,-0.2911774741800854,8.976084959566938,-1.0833333333333333,4.573188923916809,0.5013771999027227,23.030733387797287,32.43401418675835,2.8753019003767126,1.2134952736958682,9.407074760814625,0.4186625278886773,0.15434175703407266,3.602529644485558,157.03426199923143,5.5169822317690045,12.144906981485684,15.0,4.979684886937348,0.7490126666097939,27.73550369707209,23.997249523297445,11.899604350239649,39.0,8.758395110114634
104.24472972929141,-0.5902488031979264,8.937609560211003,0.8148148148148148,4.581303139888891,0.49906963218400974,22.903540731607535,32.57727990700451,2.9636003013466667,1.1025612859344092,9.977890510512756,0.4259160012401455,0.15093017296818903,3.5306748331686375,155.538392258756,5.882334288256361,11.865539839267159,15.0,4.976037514614903,0.730513349125856,27.861289398652126,23.984753186940704,11.948880403522056,39.0,9.039448288428915
103.62407913004189,-0.4957781820745961,8.9922760476738,0.9615384615384616,4.578568054810274,0.5157387898022476,23.00057771425793,32.62518141013772,3.172944698345397,1.00289147969693,10.577482502688177,0.41814908999413686,0.15393983861963925,3.4562998952521493,155.8357992679684,6.198725491491876,10.854899123329744,15.0,4.975029614879485,0.7301140959175878,27.611473539364795,23.990732934337725,11.923707968750552,39.0,8.946461980503209
104.05432050454927,-0.7583081968071195,8.919665404757655,-1.4230769230769231,4.563236598498394,0.49685418849008695,23.06010128796708,33.498796761134315,3.000313432534728,1.1441556193139408,9.86514094765806,0.434358571904038,0.1539307903255471,3.6561870902296443,155.09023909626364,5.574800789362646,11.258394403301347,15.0,4.98119166831315,0.7401233806373574,27.94328161185222,24.02957006957324,11.922572228146793,39.0,9.399023028123768
103.6102634033388,-0.3918635372857326,8.945265548097622,1.7307692307692308,4.578650885341617,0.5059131932448506,22.94851363362948,33.155783253935496,3.0573881479965745,1.0170609870086382,9.525502984125916,0.4242967510269117,0.1580393302804939,3.684894876360287,154.19286048783482,6.301065110694109,11.355540062487417,15.0,4.9805327236164185,0.7365867629692409,27.698717154483333,24.030379864314817,11.913565159279942,39.0,9.130764137442931
106.01947188918007,-0.5886225793583655,8.827123187188418,-2.4545454545454546,4.596813624909306,0.4836445925463734,23.029617724549627,34.42162450582488,3.0639603208914967,0.9899806912080759,8.653571373754374,0.39303076984284174,0.15174167978904046,3.5445305288622215,156.53097570704864,5.985845652426129,11.142855052807455,13.0,4.982003291612553,0.7505830005421287,27.38785275368101,24.15500698515578,11.87208360523349,39.0,8.396023403674256
104.11801086397406,-0.6049239441105522,9.061566314133126,-1.7083333333333333,4.599194704233305,0.48834395529258484,23.012104983036412,32.60649610533729,2.4932955178162852,1.2822467247469904,10.126200203213225,0.39892658720437446,0.15560470736395382,3.3122099180035582,152.31441183391792,4.856256253585546,12.3151348284515,15.0,4.981676728281821,0.7563729865116092,27.07920185050377,23.940652518713065,11.93212587762491,39.0,7.8973624853321915
106.60217240816564,-0.5424197040092248,8.976143650485927,0.08695652173913043,4.561319044128406,0.49983135850472804,23.11314571190456,34.22763713288731,2.9984360779567423,1.1140161739989958,10.882427172833397,0.41777870869270756,0.163310667203275,3.5241900664459873,154.48852093189691,5.354024553881067,11.374709925705334,15.0,4.9789588671323255,0.7603605330487871,27.55518990703205,23.96939887066351,11.938832920599832,39.0,8.73691708339037
104.28892179887201,-0.3304419335415161,9.026251420632379,0.391304347826087,4.5804657403357805,0.49769481541645183,23.0658962167758,33.0858574146726,2.753574753383941,1.2285242744590492,9.937802794664083,0.4115165733425943,0.1618587847086308,3.46474053080847,156.58162580912781,5.8086857905205935,12.617789245012323,15.0,4.978223832736579,0.7536798619857542,27.52159677937549,23.98814148787546,11.893310482641484,39.0,8.885597507672454
102.97437740590307,-0.6735136216215503,8.992519470022144,1.36,4.589689487234893,0.49258052667879687,23.005526400425445,34.51267845792086,2.891730254982646,1.1046352335287561,9.670077559151219,0.4201799633307823,0.15866061084297767,3.530832018794562,158.61133914504455,5.696284188060692,12.238505294440536,15.0,4.9759672315646,0.7393866174572786,27.830987273394108,24.077513976240652,11.891310627877546,39.0,8.771231226377974
103.97020342157647,-0.6151119421449893,8.969206175003274,-1.75,4.590585794824391,0.4833611260915387,23.090297063099314,32.567600683445455,2.74606401662275,1.1875468416151889,8.804591605141793,0.4107647376939058,0.16109430518255152,3.50627449891941,148.68998814373563,5.31218496964752,12.341011960923101,12.0,4.980347391538533,0.7533115044406954,27.386081820387272,24.029215144325484,11.930237323176138,39.0,8.582064145519453
103.75931460008786,-0.5284757632978607,8.952449108563638,0.38461538461538464,4.576717208263239,0.5098733042193615,23.010070554869728,34.34102023478892,3.122636669059937,0.9991173076628515,9.487144837081559,0.4177501033403262,0.15688554770919172,3.5153848946042916,164.126190221203,5.74023752783837,10.393464570631487,15.0,4.974850256998226,0.7428721520300496,27.246305937849588,24.043368972993605,11.861310949603155,39.0,8.40790247397577
104.28534396081976,-0.5321816386039431,8.933943315337867,0.5,4.5832237030594065,0.5030068276329864,22.85374948091155,33.05878964353462,3.0756944205388166,0.9953426132378089,9.299503708842167,0.4249617236616802,0.15660942188808313,3.5527333874455302,157.14009982776307,6.055607908408662,10.29500303021638,14.0,4.982362625384945,0.7324740354133453,27.504214626468276,24.00231139755269,11.881494203537157,39.0,9.245918363105648
105.48875122637604,-0.3414459633935431,8.94504650979042,1.5416666666666667,4.576947729424395,0.49526032766875555,23.134092514224985,34.403444875612415,2.851176157952931,1.126737486760751,9.228484737786347,0.4189342806888191,0.15457724412603308,3.5405067772060463,164.23774649969636,5.3944712050299,11.8956293275551,15.0,4.981970685948,0.7354246451985308,27.534267200271167,24.070895094612435,11.926186326326766,39.0,8.584657759104644
105.60093584710138,-0.6149852277521548,8.910984335677332,0.13043478260869565,4.570185833319425,0.4942950811475026,23.158289480867207,33.50241017435772,3.0059021918494575,1.184547790843874,10.135192016053196,0.4080124091368865,0.1682903367982675,3.586212796308245,152.37481538399328,4.814742355422806,11.206140123706547,15.0,4.980105364696829,0.7455846432944666,27.77041396386767,24.01484901072969,11.916844686421246,39.0,9.011427765138805
102.70963806312307,-0.42052311856420865,8.80215517082906,0.3181818181818182,4.60381005997454,0.4852965994551211,23.133160211480146,31.411211779559235,3.2104239376920263,0.8816765415499277,9.07236745506207,0.38682928827823365,0.14208580124416623,3.4830435726770173,156.2184602747438,6.181514978075745,9.749115424202182,15.0,4.979436961688087,0.746240437915656,27.394730794344607,24.07867191095501,11.874055846007993,39.0,9.091585696842369
102.67680863205662,-0.4691552066996862,9.081575023140259,1.5416666666666667,4.587659521913667,0.5014548991207975,23.048335242447184,32.96434802119808,2.6509932315474014,1.3108873046162868,9.869900230273636,0.4149137806770247,0.1537800263802727,3.3937515267787854,151.2566516581291,5.0458848419527165,12.400338269536597,15.0,4.98158904637739,0.7539958918798325,27.56556910553551,24.032336910346384,11.915952316135026,39.0,8.556080069345157
102.63952920819445,-0.2577099136311919,8.898996426235653,2.3043478260869565,4.602773273918317,0.49310902478812935,23.08033891428776,32.238832857403686,3.0149131188902656,0.9786125238343747,8.71996600815421,0.40056377589029063,0.1427636875666284,3.5777272017070594,152.23341209310945,6.0095686024673896,11.558623934037813,15.0,4.978940829873908,0.7561048460154304,27.91152212106397,24.122730456549547,11.87399276836538,39.0,8.733052771713592
104.77335977864357,-0.5718014736862403,8.935372981635641,-0.04,4.582774250289027,0.495165110532695,23.07335190227309,33.76055753066045,2.8958823974369583,1.1037661021555754,9.202086719869575,0.4063208282482781,0.15716859755373933,3.321528393851152,158.50091939105027,5.495899527193527,11.856074394323361,14.0,4.977450281436805,0.7357724628844503,27.350132318658332,24.0036618052182,11.896603703380674,39.0,8.08450393085279
102.3945664355661,-0.4252420241487265,9.050832310503688,-1.875,4.587965131442005,0.4989152567692925,23.021512013364532,33.02855211439178,2.65863194097494,1.249404811517314,8.968985914434993,0.408027831634067,0.15119607977916016,3.32957089906299,156.25937332801598,4.961418556509905,12.253974085026615,15.0,4.978328118334314,0.7377449055738484,27.392081359259638,23.96619828263079,11.934459389288469,39.0,8.389803381059156
104.22188523545108,-0.5521470180171758,8.929874657409455,-1.68,4.571809883337791,0.497289177034909,23.001673416021795,33.01651132765119,2.949436429564749,1.1157235709206066,9.39242247772107,0.42038334011814915,0.1559487917249275,3.4515271697679966,154.38246004881913,5.515503909337166,11.97260554071999,14.0,4.978430566060785,0.7272614761852514,27.817095154297483,23.979660606181774,11.88585059352335,39.0,8.944124181592166
105.38010895914168,-0.3245816937156811,8.8615408694359,0.8333333333333334,4.572752131047777,0.492419031017507,23.09560727666793,36.245534750833436,3.0257848516350214,1.1136540042946834,9.245118832239108,0.4266716598711667,0.16426432929387225,3.4882935042350667,163.77494044358016,5.502878615810315,11.255603732354695,15.0,4.984114522336143,0.7557522849657066,27.060823759885885,24.016196086801514,11.934270844684953,39.0,8.247207691103284
102.93774071578373,-0.5085862217696518,9.075360480857656,-1.375,4.582832078809816,0.4916729146172329,23.00076262289009,32.143737608097,2.5778272304158483,1.31992166812887,9.716019846967516,0.42055827940454316,0.16326607503159538,3.5734897592457004,151.09879582541237,4.872702656933238,12.590015654092587,15.0,4.980941083849391,0.7493037445138166,27.847437259820026,24.129248747831166,11.905208509982273,39.0,8.95171355681424
104.95443179560341,-0.2853759209866756,8.887746536756781,-0.16666666666666666,4.569939029118147,0.4971883705206437,23.045797943937412,35.2916229869259,3.061292353272744,1.1066756554573083,8.839620404117412,0.4214990223790972,0.16308173453597338,3.597941271407367,156.51985899407364,6.1766389939410615,11.46427038553723,15.0,4.981107735241329,0.7550832495713351,27.804513356643128,24.060242736573777,11.892883345663405,39.0,8.83659287446958
102.86926470717128,-0.41224023965575946,9.12480734764729,0.16666666666666666,4.587306780768166,0.49782929019539596,22.963558713871507,33.000002062133845,2.561157627630409,1.3055368089807489,9.081421817216851,0.41422406160831227,0.15311641682596505,3.4397033273523,155.58821952386126,5.392522370659472,12.49033406796226,15.0,4.980944940973217,0.735527710518693,27.448252479622433,24.02682670427014,11.877196887316922,39.0,8.769104197672995
103.37487663607783,-0.47532999927922226,9.013165083623074,-0.4444444444444444,4.589350167463741,0.5121168006496971,22.826511772961513,34.52802503339104,2.940457779267426,1.070544789766419,10.166514874398112,0.42326609477630894,0.1552403582517872,3.6195626029178376,159.3579440277567,6.260516414866775,11.87522685610979,15.0,4.977139592655606,0.7356176432292998,27.588564470165924,24.010125130071625,11.88821705613284,39.0,8.728112828569373
104.19033443100695,-0.4019440505612136,8.940820333122737,-0.25,4.5801340100456605,0.4966181873611446,23.07804707980002,32.92652657476336,2.8675227140696773,1.0935981566015327,8.959399161402137,0.4058612415525869,0.15433478704142717,3.6355374774798177,160.88760770274612,5.452628589094946,11.733852919699288,15.0,4.978220024779302,0.7358746639832917,27.987011504707468,24.095589249339085,11.934068521497402,39.0,9.925878788695663
105.78517647414533,-0.3888100349992591,8.945109450552067,-1.5,4.567414266434457,0.4982897485808742,23.1209888240721,36.16294225659851,2.960240602063008,1.1261142763173881,10.226599304428298,0.4246178513501173,0.16122470649194823,3.5029264847376265,170.11655006427173,5.137190108737011,11.605459471832189,15.0,4.979277106239961,0.7415583938539081,27.733385276585125,24.115601402664133,11.89198758695415,39.0,9.110834214367152
71.12919616821426,-0.5986566747529767,9.308399496156017,-1.3181818181818181,4.968983249562315,0.47850184296782694,19.522426618163728,2.6768968692945534,0.4320470698766069,0.20602251554874465,9.795111784764533,0.005470720619318948,0.025007542992179523,0.44579173793467586,76.04102999499244,0.24348120112531646,9.71403044616673,15.0,4.978307519467292,0.5337756320277698,20.443930717168467,19.437897654608335,11.579974365354975,39.0,1.7211883545981408
72.17719536958003,-0.4756007092011616,9.383009411124211,-0.12,4.9735134613430105,0.48514101119827274,19.45261328656198,3.0681438766728797,0.3495786214383251,0.1435171855016707,10.431950920129944,0.00588714815787634,0.018029446203272254,0.4964470900586014,78.6856024251908,0.23027480018752566,9.636489845935055,15.0,4.986323833064569,0.5228805793518283,20.48022318595973,19.52358686488715,11.474896644396807,39.0,2.174499927965858
71.46230668070226,-0.6422867195746418,9.402023925095472,0.34615384615384615,4.969229152912419,0.48812072955657865,19.61127516638157,3.300919319263841,0.3538210802622192,0.20062884451014235,10.343865918029755,0.007385291214451244,0.022703925535013353,0.3885215643765207,78.19592382331612,-0.012784130004762195,9.809705393318016,15.0,4.98016786636585,0.5473947800213904,20.576486718782924,19.53916553864699,11.531656082762389,39.0,1.6055225218165958
72.83369709305428,-0.5180166508286658,9.39380908708997,-2.84,4.967929703061753,0.48678935860629957,19.48214556719428,3.0346134122559576,0.37961232820224966,0.1586051326761292,10.7542735691445,0.006461199923238647,0.01717237637316577,0.40376948723849837,78.73984625784075,0.298771570624091,9.700545684276065,15.0,4.979826107079976,0.5176726486137002,20.35754847182043,19.537205836946754,11.549429811655251,39.0,1.707732591596752
72.64204104808793,-0.46047891467715946,9.318540504908126,0.7272727272727273,4.970580354911282,0.47757911627751426,19.47991227408519,2.8921283654555214,0.37905007056846635,0.20006198379366838,8.88400922076912,0.007304292713686544,0.024792910791521728,0.40600796676809847,78.39591353790297,0.4547004229340863,9.761594605420225,12.0,4.98199372190995,0.5459780899844405,20.403463075567917,19.471547159428287,11.53922193318787,39.0,1.670901370902353
71.99482130142052,-0.49101476226949226,9.397021384509756,1.4166666666666667,4.970687116546725,0.48823330759159184,19.278005316677017,3.2768188933936933,0.40679415257382373,0.18634750145429752,9.970442428609788,0.006313276319628089,0.019306802649931554,0.4920729323325671,81.5673285252171,0.4732521651924517,9.792649971749546,15.0,4.980024079620282,0.527907214396905,20.075922472531,19.519037332505075,11.520214523764546,39.0,1.674137525032389
71.61439309566447,-0.5796866280620795,9.38091595323599,-4.24,4.970020928070695,0.4862913592567022,19.490376535987014,2.157065303114564,0.3360993764349646,0.14275259642596835,8.315190917832254,0.006016838216690208,0.016523704339893697,0.3336563646866084,76.23920764751338,0.2078829327649505,9.624348262858065,11.0,4.983610295415163,0.527061900424843,20.219553441944655,19.45518367964154,11.51035861874459,39.0,1.354374850263163
72.94541982562197,-0.479653248290084,9.395961766158974,0.6086956521739131,4.970978068528619,0.4850553043754966,19.480602980641088,2.7774265481939118,0.3073800364016206,0.180102069641312,8.585828214258871,0.007293399808597256,0.020337881547381236,0.4705020565952698,78.06247755507081,0.10588629618927392,9.852611946978506,14.0,4.982122067648856,0.5146242653441235,20.62080334029707,19.520796696177385,11.574049907446694,39.0,2.208199712539095
73.00335232308898,-0.4734894344197833,9.40622758157194,-0.45454545454545453,4.969748780354336,0.48744715796626037,19.48828645834487,2.6560365838009514,0.4293248047610986,0.14556248010412304,10.680173954691908,0.006589157989878946,0.017301067896134347,0.3986998981673774,77.22909401643543,0.5030701993591047,9.679516373978078,14.0,4.979988811675565,0.5147816850008826,20.31908104413195,19.45832482430448,11.514337894862011,39.0,1.7709559686312346
72.30073854752514,-0.40615094101666155,9.34518574213881,1.9166666666666667,4.969025944710944,0.4829854945047925,19.39559871715052,2.7603186375685764,0.3693020851957755,0.18622783669290022,8.78406069094597,0.006398533425650601,0.022229012458218723,0.3240868419713018,77.39886243985515,0.30896467036404485,9.75909737625783,14.0,4.979926431804385,0.52337799262574,20.179461899071548,19.4681568029132,11.521918287438442,39.0,1.371107627708632
72.11795025515686,-0.46527774942610584,9.390434711712997,1.1666666666666667,4.972481697946907,0.4850692737836053,19.64270095012767,2.9269197409829464,0.262755857780903,0.14051144107575292,9.572820320516254,0.005420192769396621,0.016681991186721524,0.4855557793777006,78.27048254416766,0.25069786689612117,9.653965261464222,15.0,4.983508243221925,0.5161629478350307,20.942169759947316,19.590999519811973,11.586852958098536,39.0,2.316805204772887
72.35552059475266,-0.5271868657376906,9.396625414745087,-1.2,4.9690448346431335,0.4872948662570742,19.50849981853085,3.720809346626588,0.3692039595562102,0.16562837950050072,8.565045242145544,0.007105605944817478,0.019849828519612686,0.41703358322041784,77.81821741486684,0.22621658288885094,9.751636515840625,13.0,4.9788655991253545,0.5380459792522438,20.310562783059808,19.541048329522745,11.586829416039425,39.0,1.4345483207883838
71.92110899362773,-0.46789228936342303,9.402995543164698,2.7037037037037037,4.96877933996084,0.4885485397628898,19.553524093953516,2.8997345252271507,0.33343490577020624,0.14688781844084467,9.819914817518512,0.0062346398838150005,0.01966923944431922,0.4264659884075871,79.78641051868108,0.13557488824658204,9.807253421281471,15.0,4.979525488340215,0.5328081072926272,20.75903285495859,19.509550235639367,11.581802858278355,39.0,2.1523344685460195
71.56641600796502,-0.5553144553141633,9.3619340515772,-0.52,4.9674380993519,0.48490177345436947,19.41211785816162,2.517246420946677,0.33210174121001557,0.13686948687201622,10.080158728908984,0.007741651691811002,0.016017874328903746,0.5514092336800039,77.71771859534348,-0.11097277274720174,9.582183051364687,13.0,4.978296890672209,0.5081460934650204,20.53163933229409,19.39687052797018,11.505293876578559,39.0,2.1119105828163
72.17309047324223,-0.4345195344964237,9.383632980872425,-0.30434782608695654,4.969269785068516,0.48492500393730514,19.492955753003052,2.6935649631839897,0.3294878939985577,0.15085878664296123,9.773232221375386,0.0075724129330881785,0.016828948725492333,0.42051991879343675,76.21576523423212,0.13160355318183903,9.723671625647484,14.0,4.981107044968326,0.5157328325225109,20.45799188050525,19.388797959953013,11.541288591884493,39.0,1.6986220863953214
71.96604734486765,-0.42100974323299717,9.2857742614315,-0.625,4.97084306492282,0.4743968288424567,19.426131396392005,3.331911831597604,0.22395741179859335,0.16790608623435002,8.513775601928911,0.006592078414422792,0.020719863856664453,0.45272332820797095,78.79508501425569,0.03526833451222666,9.666457832552448,12.0,4.983169355285467,0.5148963914913798,20.140510060067783,19.480157582676597,11.539046558112076,39.0,1.503696356927442
72.29150955186425,-0.47907151729738795,9.385390685684571,3.076923076923077,4.967184748337625,0.48551398247103933,19.513855036384264,2.8713441612237376,0.3692656469261908,0.14347799577781317,9.498676332574234,0.00663387370013527,0.015278445089639655,0.39905803630189324,78.70771290138998,0.2639383899895301,9.721571304306996,15.0,4.977577786053691,0.512904054704691,20.264182245229712,19.551000966875556,11.562252845364581,39.0,1.5019165014476812
72.00315320719075,-0.5914132980893342,9.311127322896775,-4.44,4.968869289291084,0.477592522288553,19.370393369021052,3.479516263023896,0.33269313626236713,0.17579232178124307,8.207703698355589,0.006115730672422285,0.02349933444548736,0.5320744160584185,78.78849395356934,0.10151982721969433,9.723299233170028,15.0,4.982704936200608,0.5399415389054153,20.39486916494869,19.394912374940528,11.536137306085605,39.0,2.667759689674895
71.09072330239304,-0.4011763659742075,9.379313929712685,1.0,4.967157141212546,0.484533239384133,19.606230966055612,2.8368508731997792,0.44615489091482985,0.13990285701644312,9.155658739627736,0.007480160616426607,0.017928695606263065,0.45843352199862397,76.33691711428642,0.3285355081508412,9.656848226815677,13.0,4.979058369940185,0.5197185008585575,20.237274871061068,19.441545704657546,11.495854682700566,39.0,1.5630146683810793
71.98703763165878,-0.48184437902887495,9.352918572260037,1.0,4.968630024952953,0.4811441410050586,19.442296429260796,3.1121895578557175,0.42227310027623416,0.13326794719062635,8.845337754998392,0.007015613938689808,0.018377543553983505,0.4445139141543205,79.51483541864417,0.37585955782025127,9.574415376823948,13.0,4.981654256391866,0.5180200406740577,20.156326977599164,19.45626542235083,11.558234924336931,39.0,1.510945883911969
71.94747485740729,-0.6416375828757587,9.411868666918808,-3.9130434782608696,4.96981061841063,0.4874700990925843,19.506149822567544,2.876540922827146,0.32616690300536755,0.17030246614482897,10.562085776712447,0.004972066146458538,0.021945241151397957,0.5629674251984061,79.29723363583228,0.03190732110381456,9.656312771497149,13.0,4.977449212245234,0.5190897391659776,20.412318311092474,19.53152390984073,11.542195083916003,39.0,2.1986961374744247
70.94077018894858,-0.5159802123154668,9.334578439773587,-0.5,4.970690562608031,0.4793043938105327,19.529152256704027,3.2574687025060767,0.36518330453542197,0.1314373007870418,9.324285907902421,0.005199204644072959,0.016142878319766362,0.47289150511242917,76.70244394342899,0.19696674296378092,9.530163001530736,14.0,4.9825708681400425,0.5105893786119771,20.382295774145764,19.4708738566011,11.601894054135489,39.0,1.6023262259471132
71.24922030872561,-0.5455539012692603,9.358762931629155,-0.08,4.967862787790731,0.4836454956543053,19.533239397318663,2.7027100481081305,0.33969969159309327,0.1476485556319895,9.134199472312831,0.008871477012619942,0.01870214582832284,0.457613962493222,75.63687468194986,0.13622952368226926,9.760545721905471,12.0,4.984001690272708,0.5270184931746014,20.41515779539726,19.481965802384252,11.53276384256892,39.0,1.9949938671614582
71.32859325528474,-0.4607287905033321,9.353580499890377,2.2916666666666665,4.9710900841806875,0.48275313692261895,19.64998776195996,3.1500502683955327,0.3530608352471126,0.1252549265770198,9.248779949569323,0.005792205388932465,0.0125441239848959,0.49141752773953046,78.67934225643464,0.17516027826989777,9.594019153880055,15.0,4.980977350552683,0.5063925699389483,20.730397878658827,19.596060200159553,11.593848013622141,39.0,2.041714525585835
71.08835606117691,-0.5738119729331265,9.360324793852866,-0.4782608695652174,4.971022439942736,0.48367422882655337,19.502485657999312,3.257454395685997,0.2954801330233475,0.1311785058522791,8.831118719901266,0.0054173709088450395,0.01913186911311922,0.5161699508977169,78.64610760786374,0.016100207996218252,9.620848420415468,12.0,4.978547942493171,0.5222097207341114,21.08399378558763,19.553884078915367,11.564780313410571,39.0,2.389956968541071
72.33525130646063,-0.49281107191710094,9.41159682230504,-1.56,4.969653995865134,0.4895890770380567,19.540155999801144,2.8491948194647425,0.34004708134614525,0.17167102338683557,9.984307687566524,0.004906766806620228,0.020335179330373754,0.45378211893233555,78.66404406587284,0.35112735910799286,9.729333633969802,14.0,4.979119221793637,0.542184301042103,20.458439703384236,19.512737364312592,11.530882734566198,39.0,1.7507640205322055
73.11432710298178,-0.46109685247441684,9.377974415729836,-0.875,4.9697553946559045,0.4819496926022134,19.467989237698728,2.4477022357308917,0.2341145588780132,0.15095146562272171,9.752403549894764,0.005179434931535073,0.02009174807192017,0.5130447251566618,78.16156159119055,0.2527304328575286,9.657677829623402,15.0,4.978728498533535,0.5191393780108525,20.33052037354347,19.521673636789092,11.568184205418127,39.0,1.916807396179479
71.91212181755148,-0.5857377594642491,9.390115735941984,-1.6,4.970422151522135,0.48737477879336555,19.500789235524973,2.2794904674072405,0.37195161325723347,0.17861656654115057,10.465180361560902,0.004799102984483886,0.01798608493054456,0.44410264611250594,77.8973360609214,0.434212577143246,9.764787980600229,15.0,4.980005312235855,0.518058925869165,20.23991933102458,19.53174400974376,11.556121423262583,39.0,1.7579745399904887
72.85603304609815,-0.521250902898462,9.3326607615223,4.2,4.969947029398187,0.4789025629559297,19.397140101780607,2.881920819803557,0.38659209136129347,0.15836058569129674,9.427618999514142,0.008006538249299087,0.017922056012141533,0.4767848371214375,81.45118564607372,0.07941990345961103,9.74470390154658,15.0,4.981049450565843,0.5132803390963139,20.17841548231005,19.493139623642072,11.582542216421505,39.0,2.0386449927212453
72.47417301061493,-0.5374359925969998,9.351437936641881,-3.48,4.969424877976448,0.4816091065665124,19.55657292846074,2.5225713713775155,0.27703393579759333,0.14455477661426425,8.485847040808595,0.007069679462710032,0.01943250223885458,0.466655182034684,78.81524836159382,0.08218899536873359,9.568218108790287,15.0,4.97983181785522,0.5192789858553948,20.379322750337625,19.573306873036046,11.511352776426753,39.0,1.7111431924083895
72.59789181463637,-0.5113109114796701,9.367528628092666,0.14814814814814814,4.970701601673925,0.48530554114066304,19.637972704487467,2.752864573734492,0.4389327653658473,0.16009767365522437,8.855647721688387,0.006468847426778152,0.022052550022252117,0.49126116585663926,76.88002287918424,0.21707302300818432,9.670932845897642,12.0,4.982188221103067,0.5224761946086773,20.526684178097717,19.540800426533885,11.522583355605464,39.0,2.0453571081500783
72.71345752363526,-0.5299473407688177,9.37572439144593,-2.5652173913043477,4.971789780478796,0.4816973853348574,19.521373817180937,2.676700905563415,0.4266946344770047,0.1432844700608854,9.268113109199463,0.005529033519627633,0.017935870283268044,0.46642752285075784,77.34361817956997,0.28899469822824764,9.604784318582382,14.0,4.9825589812258055,0.514810288402448,20.61575705606304,19.473665034432926,11.572063399799662,39.0,1.9696700698285703
71.51788716822396,-0.45487899146837346,9.388252189250878,-0.18181818181818182,4.9701524827978085,0.483343677354266,19.501478884942745,2.774550408634124,0.330666458456894,0.15871489045947146,10.451778289912564,0.006755365365147814,0.0166690317378568,0.5273750336261946,79.49532502582011,0.0760785661096417,9.699448157337315,15.0,4.984676040168953,0.5141059098330328,20.596450689684602,19.384400382533975,11.534372528500032,39.0,2.3781023466599507
71.71487297897129,-0.30464655132427815,9.398867145523294,4.863636363636363,4.968507970197737,0.4867345791063043,19.496918044342923,2.066569528766134,0.25175163550325047,0.16347984706138635,6.83769933759923,0.006178359594925884,0.02158342640115206,0.3390511422338849,76.14390566279212,0.2870596661058279,9.635401494378991,13.0,4.981063361190486,0.5186623592107165,20.174291410348133,19.49499901094549,11.517248610425153,39.0,1.3825152007343107
72.08980872665293,-0.4016701879382467,9.342920414961604,1.3846153846153846,4.96887972588671,0.47929032674477146,19.589532517265265,3.3460570260375557,0.30462290669890923,0.18675942017266833,8.607138911199609,0.006279875764628141,0.022466213126067027,0.3345911458779376,79.68615942259333,0.08863302809936746,9.74297745540893,15.0,4.984313888410677,0.5225257347067657,20.47573954089515,19.553424263126843,11.484706176321092,39.0,1.5739105268964302
71.05739969325765,-0.43338865740278903,9.39042904479665,-1.0,4.970994307415082,0.48358329232713665,19.665338909235775,2.0784637397624772,0.2855743503208851,0.15523287355672527,9.733961166965893,0.007092952324461905,0.01770164700650304,0.42926036157206193,74.79333830256472,0.07018645298480553,9.70942754444999,14.0,4.981794005316078,0.518131344562615,20.56928623377649,19.55613276640294,11.537398014685975,39.0,1.7306402990032304
72.94611763958738,-0.49655058984927414,9.376612025227487,1.4090909090909092,4.968171257021322,0.4846731860229239,19.428477761689688,2.700311068324006,0.30034498697943074,0.17784064301201102,8.726444089449092,0.006150788301329805,0.021767780484344433,0.44019055054783796,78.25181469396833,0.007902667757899384,9.734031634947648,14.0,4.978190443850856,0.5241688348403578,20.22231325140666,19.538731909737486,11.595527381188028,39.0,1.8578416796557207
70.9873900798889,-0.5702777216069735,9.355666129019385,-2.0384615384615383,4.9703452342766905,0.4794319166916242,19.546361459316675,2.831255077541255,0.311019402610718,0.15143488297322524,9.67741529872028,0.005734100291394928,0.018927445749296577,0.4561607563666924,77.9830823523268,-0.0408747480267071,9.77289378942185,15.0,4.978877343133216,0.527452060925392,20.296973555043557,19.52935390994168,11.51697122337484,39.0,1.8491670272483418
71.79256282238067,-0.533997770237405,9.327156484750413,-3.2,4.969309650786751,0.4766007390056137,19.545409684420427,3.059870832490813,0.28116096119888373,0.165872021431223,7.761443164772903,0.006603280318596468,0.022346834913607602,0.35802927454557204,77.89584462450522,-0.11950713578251349,9.800334354081702,13.0,4.980191068421773,0.5498663161357574,20.071554102883677,19.52339360440145,11.575236843520045,39.0,1.1094255729556401
72.11305543640741,-0.48406947556827046,9.356077548408669,-1.2083333333333333,4.969014232045724,0.4802820117710814,19.46187786172912,3.9938550503966987,0.3625935030377388,0.13040063006342414,9.469156802775817,0.007532620065966947,0.01578596498277266,0.3697846127685916,80.99757394463862,0.3921450335214445,9.620047944168299,15.0,4.9808527034245165,0.5118475499728976,20.294107824734652,19.479755977565222,11.540023702433007,39.0,1.4934645753492433
71.02985106980138,-0.589491019403681,9.379521637952475,-1.2692307692307692,4.9683748489928385,0.48466468029138987,19.548973333935503,2.9302355845341768,0.42085349435402153,0.1889047011063442,9.167491445770976,0.00602235371355408,0.01986718536292014,0.415291948570793,77.01152045331425,0.3709161680804022,9.70726495826857,15.0,4.980520804313283,0.5171659565886872,20.595409310827513,19.55162118725307,11.612883254638431,39.0,2.0925741394909068
72.29152805648215,-0.527450099411288,9.366179747483216,-0.8846153846153846,4.969827493420917,0.4848443600926686,19.426680142611108,2.430194087277627,0.3475860343333854,0.1664146053767241,10.35644326782913,0.006899104089813592,0.017458088026307658,0.47010200558859894,76.93409917178886,0.23583789214510964,9.84261553597581,14.0,4.980709518450523,0.5300058739582579,20.174199134280233,19.495027677237523,11.541562598989035,39.0,2.0950968187931487
71.96200323506497,-0.4705356961159763,9.400746106325895,-0.92,4.968260758529224,0.48448088048676113,19.581177478368783,2.5766970028299423,0.3364135348093877,0.19219064591322021,10.330227490234668,0.006941152525568442,0.020748210850416053,0.38876053498019825,76.824473768312,0.20957494370447538,9.751871080804966,15.0,4.9795682395077225,0.5256744138374191,20.455072352211438,19.510362660276712,11.522504758297229,39.0,1.559058083685887
72.31046670056612,-0.4925894862566871,9.419928475311659,-2.08,4.966645531561723,0.4920173897367341,19.63981429269646,3.085292925702669,0.34150287237192745,0.16819381119211205,10.522053031609374,0.007281082387556986,0.020263757365019976,0.48594825807282716,80.25299107359945,0.22708981526559358,9.690854171348828,15.0,4.979090209681334,0.5302651489802482,20.443607962519586,19.573889748365048,11.536757016499383,39.0,1.7043319165905686
71.66550258126027,-0.6310455755583596,9.330989769883685,-3.2083333333333335,4.968414704621224,0.48473235909211554,19.61097268181861,2.9437066240037106,0.3598492221908511,0.11371251239022637,8.96743723454787,0.006140454266354609,0.019570721258729645,0.40513182642257417,77.96397560053433,0.42837647858967776,9.56966330376713,15.0,4.9799992270474025,0.519931936008057,20.637812119061593,19.48074936728336,11.572321875984526,39.0,1.641890293955342
70.83499064513988,-0.49035614800962574,9.405376820561418,1.6521739130434783,4.969351468046048,0.4838626499838493,19.380805428753806,3.298885486593345,0.3086302742281345,0.14046455755073892,10.581397522774184,0.005428424857318709,0.016466940227396854,0.39537845282100137,79.30831121985248,0.055434377572903815,9.662749324106203,15.0,4.97700327098435,0.5238655840482853,20.36697920339951,19.46308472405733,11.516294370694732,39.0,1.5684149079037297
71.7682556291105,-0.5861193379000187,9.37725407233935,-0.8181818181818182,4.970146728831278,0.4854907639835135,19.456201120140193,2.331537366219568,0.3899018581009401,0.18897228740465993,10.684042321639247,0.005924902716593807,0.022110937506966088,0.38807841171478835,75.7911238232924,0.08041035296807153,9.740612787214259,13.0,4.9794662678294515,0.5272419911272108,20.41014175575021,19.494613061947092,11.523555794925706,39.0,2.02584009665852
71.66774798290257,-0.42388694771943575,9.32943381585402,-0.19230769230769232,4.967215737966141,0.47874054796291443,19.55805413670049,3.3942000346535606,0.3798306764857883,0.1617557246763007,9.778387592304032,0.007937812868263706,0.019223268279235532,0.426243804556585,80.56110015162787,0.30600801961226054,9.627571970980362,15.0,4.981151622642496,0.5124983180682421,20.457128947622422,19.513189730220667,11.517133877803557,39.0,1.9943245632283002
72.31602565437669,-0.550405550469938,9.335618399628745,-2.32,4.9694087903069155,0.47913147824579505,19.385882916501966,2.2234761665992804,0.37567798521452267,0.1962919964901312,9.456087986054275,0.00622436658113009,0.023556595621795576,0.4758142112736206,76.08339892891362,0.48566445856734686,9.609358806239248,14.0,4.980623615977296,0.5184056284496829,20.56957514129298,19.470660851586246,11.562453016230313,39.0,1.9293946703304883
72.1715076580413,-0.503569610346578,9.410741457449193,-0.7727272727272727,4.968417614976212,0.48892754380499354,19.569739202106874,2.3824340681617886,0.36342159056550727,0.15958262331271078,11.032727422544495,0.00634794314154865,0.016668998853122972,0.4202522385850343,76.30160898648212,0.19897289856602174,9.701450502355755,15.0,4.977449811142831,0.5337777313330063,20.482443429052807,19.570449029007627,11.547161479356518,39.0,1.8962999523159638
70.99721763037137,-0.6351684628111205,9.341190534249817,-1.565217391304348,4.9705528526155645,0.4803131056596527,19.352049148042816,3.4137384364559105,0.3456067342354496,0.12213101942366371,8.509974132472419,0.004394473501541526,0.012644319894970016,0.5861994502576336,77.3769218851611,0.08642632128627115,9.6471199829548,13.0,4.9787568646331195,0.5098922293817997,20.71280328468974,19.347741564646146,11.528057933355425,39.0,2.317147727980881
72.39037844263147,-0.5926376658474323,9.3711979566526,-2.1153846153846154,4.967903802859486,0.4860600744208465,19.38840481242962,3.136293460340995,0.3208787044333706,0.17508983301410241,10.345295932403003,0.00614843830869574,0.021162527931700693,0.477895309051322,79.74436532611449,0.14123931763348052,9.764547840721148,15.0,4.979503281094205,0.527648740052946,20.292790591982232,19.48124938766896,11.518042761514469,39.0,1.9500974381087985
72.01545337774813,-0.4598657994159939,9.36169720551495,-0.14814814814814814,4.968375315210252,0.4799381053669502,19.4508746769213,2.5378385078833703,0.36034207837936705,0.16392198143440775,10.03587529151997,0.005434506701005648,0.018302531823219385,0.5087496692652421,77.82018306199241,0.3584183612130236,9.817609823988267,15.0,4.977027636920485,0.516765002685574,20.243641541785138,19.437869490584504,11.536944186380204,39.0,2.0550617838115244
72.31753039322741,-0.42521178862126824,9.398754171891948,-0.44,4.969758337676455,0.4853377223831904,19.43717689946209,2.6020155621658554,0.24711720079874094,0.14079150740893523,9.200347819512043,0.005196932305393192,0.01645928101074572,0.4067515974025663,78.67512498434354,0.052254741819668604,9.836247837723041,15.0,4.978931220164441,0.5268026977093039,20.506074878766526,19.485767500171107,11.562365413831678,39.0,1.793735175652337
73.18229709196959,-0.560149865710083,9.350563452636102,1.0,4.972014091520551,0.4825237470956933,19.54071520295403,2.3281689125359692,0.33359179931958766,0.11974450582141996,9.327379053088816,0.004692094486075362,0.018343361207501734,0.333193789934922,79.14531663902608,0.19825709973575356,9.588763348597183,15.0,4.983833137232212,0.5254738817504329,20.113392770276853,19.57354739249046,11.511245616866221,39.0,1.285785662418128
72.20718532991941,-0.5470478661756575,9.370258698197897,-3.32,4.969032799189339,0.48609277815599655,19.400342775451964,1.982052164688676,0.27927648790280646,0.17392147507798833,8.35090414266623,0.005859357623378584,0.018886544439510575,0.46255588111614626,75.1585206210508,-0.11134570754117146,9.591536998737118,15.0,4.977088786547045,0.5124409558842006,20.11049431468269,19.36143554996454,11.527853921987358,39.0,1.713689951648778
72.79633473923661,-0.5083325782513455,9.32417651822566,0.0,4.966733300907319,0.4811873158771806,19.49169116937056,2.5720068669778975,0.464180025132245,0.1369451053169526,9.012069202150405,0.007602889269934833,0.01416052116324164,0.4352578809115609,76.66381066384437,0.05777762890152138,9.546390582356947,14.0,4.978120294765293,0.502814571812551,20.1985328633203,19.443759954597102,11.572708231026784,39.0,1.4537215367826128
72.15622752359677,-0.6355435599355431,9.414039185566324,-2.608695652173913,4.972828799530974,0.4863316781983189,19.482811971169056,2.262950251636725,0.29334951462503517,0.14697071638013176,10.61475236940995,0.0057393986278320725,0.017270201113776695,0.45097862890202906,75.4548487168886,0.1462929430155262,9.658566773233098,14.0,4.980072235739318,0.5184084500878335,20.60102473174091,19.421665846147313,11.505875218889132,39.0,1.775203041738795
72.20258825717339,-0.5281090093685668,9.388797391683484,0.5,4.970709478923129,0.48574212618995233,19.473387184062815,2.770871371971389,0.3110036220746165,0.159720215260865,8.878813734578134,0.007101989547172302,0.01903198280803771,0.4779286671390142,79.30608666542726,0.12591343899521346,9.772774297667013,13.0,4.98631180484379,0.5289056958645065,20.280826922475022,19.419010324642187,11.51620095648549,39.0,1.6403449121099634
71.35235051676531,-0.5588037592871007,9.408995877376901,-0.8695652173913043,4.969847238765068,0.48856669481870146,19.557830540996882,2.5039225544909645,0.3450303702269166,0.1003227134921035,9.41924185920865,0.005078893861176074,0.013081544273968482,0.4438126368455667,75.99521456501097,0.07373227121604353,9.643926254797705,14.0,4.978422401990576,0.5136762437748649,20.446006325324333,19.564921967126978,11.564702796822163,39.0,1.511146455006518
72.05944756184651,-0.4921305168936405,9.358139436578094,-1.4444444444444444,4.968067231921001,0.479925349564504,19.518015522920635,2.5712453130656496,0.2992714348714138,0.16249282896512457,8.949791362489897,0.007502275895779243,0.018554047551623126,0.474405033112626,78.14338967542994,0.10763720335282967,9.796628868949036,15.0,4.982952143529239,0.5182695055734475,20.594473316521842,19.581600205754594,11.502362615620251,39.0,2.4145020573620997
71.93944654192538,-0.5466527030362144,9.34573480551248,-2.347826086956522,4.968912344301536,0.4833184786151669,19.379366588528907,3.055726748695972,0.43537930571317596,0.137562730494226,9.267093234301278,0.007226712025514235,0.01732826692787922,0.48535938778445387,78.20231014247564,0.37785621736338904,9.595465450823795,12.0,4.980929872387854,0.5167245003603594,20.280228474079124,19.43653191556094,11.564177912950624,39.0,1.6841587875692596
72.28729245947643,-0.4665904009987303,9.348948603005347,-2.8461538461538463,4.96880547974817,0.48357927273645157,19.54007765401784,3.122398043967074,0.3670196163662505,0.1570758711119756,9.02003030735275,0.007719068831971222,0.022935386125159923,0.48150397092503017,81.47632108434854,0.33937281113177065,9.601737506883369,14.0,4.982674513893829,0.5232109107353653,20.642575621269472,19.565500054122374,11.531382036562848,39.0,1.9677839005859354
72.22725122942173,-0.43222470004982805,9.36705174810765,1.76,4.970520646593226,0.48428364297106397,19.543106194354433,3.200371655583288,0.35914556342234916,0.14082798763621845,9.87635560315646,0.0067889830870533005,0.017930689165413464,0.4524295419108707,77.17377299129677,0.5960656196388934,9.617011499156193,15.0,4.9820230410478965,0.5135764919818223,20.485082102337604,19.494484649026987,11.566089704439225,39.0,1.6223608033962336
72.52672970166587,-0.5198905668655024,9.349449825979566,-0.9565217391304348,4.96865976287698,0.4834402595088297,19.61166632117581,2.741859379639888,0.4104859306326714,0.10439338034384717,9.99773131165077,0.005372983817366912,0.012754751137797539,0.4352500870249247,76.94572528084828,0.36258992121478806,9.512728255976729,14.0,4.980140573361885,0.5067737962999115,20.731643387502277,19.604929351750734,11.519903873650748,39.0,1.9220776507278394
71.69108735783065,-0.5052664973852297,9.402945210141901,-0.6,4.970665616022246,0.48828863107308096,19.523683988550452,2.694513254102366,0.31745618424463,0.1355783581759592,9.629122493768579,0.0056393957369476975,0.015286918052199295,0.4942251032351503,79.43479300921832,0.3735438367480288,9.847899224342607,15.0,4.978723040542052,0.5349730558067578,20.814874568415448,19.522399952925966,11.475011080853413,39.0,2.072507459399098
71.99062690211893,-0.5156903815636953,9.418410495194786,1.1153846153846154,4.971326717720165,0.4892040444940451,19.525189906838236,2.4109302067190916,0.3221409795556011,0.10879822797258941,9.822763683940103,0.005225972260519559,0.017879408980549138,0.38432584127012176,77.24729260429666,-0.006127546479900214,9.664415654098278,15.0,4.9798109327703095,0.5254389796533222,20.556807807231834,19.517748203329297,11.513821640943748,39.0,1.8625238423902104
71.2185964805129,-0.5377403357389852,9.354528889297185,0.8461538461538461,4.969500950140368,0.4796316358909811,19.60174114636317,2.685531526892287,0.3592501526684229,0.13551362354493143,9.670304695272444,0.006663200849052918,0.016781851748550045,0.435307361676082,75.81657265710692,0.2511760413949651,9.6528902513692,15.0,4.978680030400769,0.5205662730023258,20.460262502495517,19.57837285187736,11.567157044885567,39.0,1.914360927486701
71.97377622863698,-0.5829518200800065,9.360466692030153,0.4583333333333333,4.971825534133706,0.4799300824601935,19.709147424665186,1.7307561825047963,0.24834352065229712,0.17012362567127515,8.83637919185354,0.004740288738937886,0.019309460081786394,0.5482541194336832,74.9131727097264,-0.1982427429917455,9.71471867973231,15.0,4.980510078318289,0.5192821403418857,21.295445873786036,19.622484950190938,11.536724396608225,39.0,2.417450043170234
70.94432479453481,-0.5310655805631196,9.33875647727932,-1.0434782608695652,4.9704680661132725,0.48185863763549025,19.628548275479208,3.1671720874667955,0.35126334993428726,0.17963756679309834,9.697504209934705,0.005866618018694114,0.021209024906931166,0.4045848286548325,76.54110472427837,0.21613901437498662,9.712144336233196,15.0,4.97910565704156,0.5189795255763953,20.405798938041347,19.642351591111847,11.539751158681334,39.0,1.4756123684289726
72.55767871272663,-0.538972745576509,9.385218483893736,3.8333333333333335,4.969129253150194,0.4829710008051096,19.507579240015296,2.9699702431804273,0.3251615167575401,0.12983143724612214,9.564111156935715,0.006705422037915222,0.01582542280694854,0.40783787408946803,78.21017645950111,0.10284405077999259,9.677334814503988,15.0,4.9795391312108,0.5246161851080394,20.152138119387182,19.535486186545384,11.527261628933646,39.0,1.3413926809151455
71.68613417104088,-0.7129731076511644,9.347932044987388,-1.4782608695652173,4.966349317930848,0.48287296562364995,19.586571012987147,2.6683799309439857,0.2701907687492247,0.1693965282428232,8.781747697787681,0.007046872939861036,0.020611754986430364,0.4913451918337219,76.66551615629875,-0.2748038888834461,9.681958474463748,14.0,4.977831160521507,0.5231379012452971,20.364875191474738,19.57127904310257,11.568463839982229,39.0,1.962482846021821
72.24354313396303,-0.5300235086153405,9.358987828234037,2.037037037037037,4.968932288251403,0.4827138628767996,19.48981195504853,2.564788583186714,0.3872143836802189,0.1274487058505223,10.322508600792885,0.006424589204376229,0.01593265111774686,0.46449774602447425,77.4924275311113,0.39000422660320444,9.57660287365042,15.0,4.980446330977219,0.5066221058092956,20.485400555191084,19.492050881596455,11.539170154603804,39.0,2.1571495806627894
71.74289636145971,-0.5652630454589478,9.36936647817281,-2.4615384615384617,4.965282833984423,0.482974827175051,19.329249566132656,3.1027332567310775,0.45612516389606755,0.1610042261817794,9.022326022922545,0.006659707510148588,0.020983446159099334,0.36840731835804863,78.77202100207082,0.09426682013581822,9.592361007459878,13.0,4.97705498757207,0.5147513458018831,19.971720321173514,19.405185038376253,11.553660585838324,39.0,1.246594736863841
72.9170893949517,-0.554101447455223,9.39856715043703,0.043478260869565216,4.968512327439787,0.48951110834663686,19.4947932978589,3.3469838328554804,0.3436728796856115,0.13655265932836946,10.576751621278769,0.007484434340519036,0.015961293214010557,0.48622102636792436,78.84923212297801,0.22893741163396286,9.707379693781029,15.0,4.982308991018407,0.5206093028304803,20.55028118559315,19.503144561544136,11.536867236910899,39.0,2.0304884910646592
72.93365344942073,-0.5797574092312892,9.361726952639923,-3.347826086956522,4.973204132653031,0.47919443623790275,19.257873416991007,3.444821535764987,0.34250137485347276,0.13380647973525778,8.908270195879656,0.006186936862186869,0.013954807329086948,0.34808729165815566,79.93113911949864,0.1632014020790833,9.639902997715335,13.0,4.9807257650989545,0.5023588497197871,19.807792063822337,19.346703862613733,11.53268340038195,39.0,1.3378296760465922
72.24739838600208,-0.6046524924812067,9.354219164582533,-0.125,4.97189894350686,0.48163139338417316,19.626685420481113,2.7212491607095814,0.2897217064610191,0.13620830095642247,9.951182928007437,0.006184029023846239,0.016744370171906765,0.3417333970815269,77.94743097780031,-0.1811639574363122,9.52224762791761,15.0,4.984992715843702,0.5042319893037545,20.19739755933531,19.560208293061237,11.548180564678463,39.0,1.2210989056745838
72.00142370194202,-0.5926365970439385,9.367134441907178,-1.08,4.968178623814875,0.4849485110500148,19.47244210148944,3.0848100849079017,0.320932563068583,0.16195591359352818,10.736554382109745,0.008185048442124795,0.017820238562687243,0.458948756456485,81.50768451629608,0.26176574882487,9.637242091801776,15.0,4.97891980502291,0.5214114689306865,20.60305185291863,19.491800137319593,11.543110106694902,39.0,1.857629119180455
71.29457298534027,-0.6468641693660442,9.385803113242925,-2.423076923076923,4.97010729430555,0.4867191519592659,19.526494969570216,2.5573627396350727,0.31888068857614665,0.1527108195855371,8.79760927718905,0.006785155900094085,0.01855595762563637,0.49765942605936997,76.74891908919533,-0.06839696399445172,9.71793624996572,15.0,4.983975578220349,0.5326562080207772,20.670869941632564,19.55808170401139,11.518324140627355,39.0,1.8659461986782375
71.26768377002283,-0.5654852967294637,9.357493880003574,-1.0869565217391304,4.970660555256217,0.4814477129851614,19.412946105826148,2.376639770521599,0.3873523376048748,0.16217974849661573,10.358416210474166,0.006506119497519412,0.01964773359809638,0.5640526599172999,75.25025355506952,-0.005472979104982789,9.601483132867513,15.0,4.983095871218767,0.5137597579211098,20.394474266640117,19.47205906265157,11.57699474978471,39.0,2.0814249627614956
73.05171804626384,-0.5613536235611867,9.39320341368964,-0.2222222222222222,4.9702375150683284,0.48759113891205136,19.55113540983853,1.9201467451042513,0.3734424996242122,0.0958872418599026,9.723333269848526,0.006983971317896067,0.014199471055794636,0.5368406504673554,76.69061693638984,0.32512575813757727,9.557575324488045,15.0,4.982182077553946,0.5207757176647955,20.606559190324475,19.573297595251148,11.534627080806077,39.0,2.3668388868994725
72.21205183565718,-0.5400742712579728,9.364883861185987,-0.64,4.970270918072112,0.48197625439860253,19.53669615787182,3.082642780621125,0.37554690651824485,0.15036032476075584,10.118814159771885,0.004047142900402696,0.01835761403578077,0.49412487422619683,78.97886646382389,0.14763579879759847,9.652507207079694,15.0,4.975469044544965,0.5223255583999082,20.729656189309118,19.566887551743037,11.469491725707076,39.0,1.9987624922935794
71.72335018397213,-0.39524195288744424,9.36893118841249,0.44,4.967445324936042,0.4804230907784975,19.529183676261045,3.8134703903107234,0.4274418422964476,0.1779433226682514,10.107739608834411,0.008081755941071734,0.020206634093556216,0.43507859970441376,81.81802052870569,0.4502912245840043,9.634241060189092,15.0,4.983306984446848,0.5230943134971276,20.302964537668807,19.54416343146174,11.528023758682783,39.0,2.0898241539872657
72.50804290683342,-0.39934634437036326,9.362882571639608,1.1538461538461537,4.968775566533308,0.4809777676900888,19.60074149388458,2.637002740500893,0.31556497176666753,0.16497088954252323,9.083765348103631,0.006367433012527141,0.018948161665524925,0.47578490652206007,78.11112694203169,0.25623830290339467,9.83864012763708,15.0,4.983793018717032,0.5397180604286691,20.644610501826925,19.561727227947813,11.522296772341669,39.0,1.9881825523538694
73.0101139481218,-0.5479276238470387,9.374563484121037,-3.259259259259259,4.966871621796105,0.4876765786982841,19.36857037548898,2.082043430511259,0.25121602272876076,0.13874604354398992,9.041437908391737,0.006990829300004974,0.01636649933740281,0.5341797037639802,77.04620035565111,0.030729217628344796,9.647909420524886,14.0,4.978868106822398,0.5186565068629708,20.260006235384175,19.478529730365572,11.555027872447674,39.0,1.8061482263812536
72.14098192839491,-0.53606533954956,9.460691161163329,2.4166666666666665,4.96971766829997,0.4918807575358721,19.536553060522355,2.9541708831941484,0.34540360764820005,0.14489335793559072,10.618053284644768,0.007434046870511408,0.01747613013163877,0.3736802295240909,78.03930909598458,0.29173209777519515,9.789407559785785,15.0,4.978865445588273,0.535572082602989,20.574341496268378,19.50679024066182,11.570949690521443,39.0,1.8865123183894674
72.27179357564174,-0.5288838837388832,9.39076059171068,0.4,4.967322625853608,0.48781787105079144,19.548689630137535,2.2235405720390746,0.33534297169073407,0.15477468287326857,9.96393496566492,0.005470560414875054,0.018637343910537684,0.4480180791229952,76.36016026430003,0.14963142031962595,9.71224825231234,14.0,4.977416075099276,0.5307673076392951,20.307975509451236,19.528873813512217,11.603138724188128,39.0,1.7727428418676006
72.177416968347,-0.46417543577268217,9.3270616781388,0.68,4.971634303328122,0.47942543064196314,19.454462536916605,3.310597087539084,0.2800032094305013,0.15037040422514458,8.393902548874392,0.005452982229277746,0.01974606356502434,0.43219152324136695,79.18734799556864,0.17971935123905514,9.581784302453684,13.0,4.980702142518931,0.5225402630183676,20.769731333319296,19.430470207153505,11.539938818566986,39.0,2.0046482637247536
72.56175744969043,-0.5577499909320857,9.382154217409447,-0.9130434782608695,4.9688986875952,0.4871764306134783,19.46957612045895,3.304863711527285,0.27813261272935713,0.14313607516276924,9.207336599635056,0.007108447670707104,0.018906019552652472,0.4423099997043124,79.12824757685348,-0.08505260271584869,9.66655142453395,15.0,4.979197826632664,0.5276923948116394,20.266226814177454,19.50724473514219,11.559270023201325,39.0,1.5773881548550257
71.85263728722997,-0.37984719141731776,9.417283516576465,5.1923076923076925,4.9697469070279165,0.4868591011643122,19.387385237966903,2.5287250330336994,0.3076976640980405,0.19358058251680954,8.1995273352011,0.007384137374191695,0.019786384072007276,0.4865813617321423,77.1416335928404,0.4635247517874178,9.79734274178906,15.0,4.980726618825612,0.5203984621649081,20.26515964156502,19.436991519599843,11.527370222500904,39.0,2.2904539585254007
71.54767684431614,-0.5488418304675617,9.377869297677808,-1.04,4.97050062950868,0.4849843748712462,19.387239841730977,2.9178672827624315,0.33167930215997443,0.09764047977993849,8.959821426791942,0.006962135895674186,0.014654641130636397,0.42070651862285424,76.81974212384364,0.11602031875569896,9.59845499322493,14.0,4.982473624676626,0.515331914117955,20.334318448066085,19.371933622122448,11.511130682370482,39.0,1.7126879070733523
71.30717312990583,-0.5327444269997926,9.349755240326463,-0.4,4.969790517629514,0.48075589620821724,19.60993321537369,2.3646690195726823,0.3476911350428027,0.1755855757354557,8.657944328765346,0.004966300191032652,0.022623156033079978,0.4426489899694593,77.87386454414593,0.0381537530852607,9.668874246403552,15.0,4.97917874351005,0.517204185522019,20.2576462238645,19.571847889886882,11.542701559539086,39.0,1.3553700502269912
72.71616514323853,-0.4758596706438437,9.343449019731835,0.34782608695652173,4.971727128784569,0.48159435107801885,19.653093897129082,2.2316847268336644,0.31147461972551477,0.11796268262494897,9.248307462788853,0.005177354105450094,0.014601888506409734,0.5045614447122239,76.27814762627571,0.1315396054516773,9.538276368810275,15.0,4.981195558570532,0.5152463991430912,20.657431554945003,19.539334102615076,11.508941626974794,39.0,1.8034428166669514
72.95908563530112,-0.5204240611383105,9.388371350692465,-2.3333333333333335,4.97073086361041,0.4833318008902203,19.577897813587622,2.4471190951815824,0.3169417750805458,0.1583467011130188,8.682677518420737,0.006416351143527535,0.020342827279553232,0.48909082114038005,77.78769104502624,0.0401763387937617,9.653238826453778,13.0,4.9815042407532655,0.5144984408752455,20.41930980026524,19.563602913735522,11.52168247256009,39.0,1.569242118801487
71.76873210475955,-0.5245991152445615,9.409334439185978,-1.5384615384615385,4.9679949285449485,0.4878089009938351,19.62786270350282,2.85482577547173,0.2768079517257958,0.14446227724655042,9.564480641458186,0.006650052845057957,0.016005784371411362,0.3732554699363533,77.85789560587942,-0.13243926434229736,9.665915903679185,14.0,4.983157493588875,0.5114642502825922,20.278585707446233,19.540789423109054,11.583286532741722,39.0,1.475460487940218
72.5488160089587,-0.5084067734753915,9.363628219937944,1.4,4.9704129616124035,0.48438092466964433,19.576798021175534,2.889142095075738,0.44294124546428026,0.12611562150416625,10.182337649086286,0.006645883100685532,0.016249290155240896,0.44897639294770086,82.07171840491695,0.7453499872450449,9.54927444021327,15.0,4.980976692372737,0.5073104247350221,20.384380403956904,19.499882070213694,11.46720942814056,39.0,1.796568871645242
70.95311732183279,-0.3755592835273507,9.387170626203908,-2.0,4.969359606031371,0.48563711143578686,19.621900409446106,3.0318037838976157,0.3780589858369683,0.13161403843137162,10.310009519699596,0.007449796530671607,0.01718739403573358,0.4270207336223288,77.26223866642695,0.3290108193130492,9.633857768382763,15.0,4.979889612481056,0.5254395578919576,20.719558920987875,19.60647343844994,11.57221185608582,39.0,1.928236418951915
71.02162482277083,-0.42898653053641134,9.408823347078455,3.074074074074074,4.969937239250057,0.48911157133378835,19.581899579150154,2.7287474899533692,0.27323383347197955,0.16746265236001406,9.932833417420062,0.004454890836800917,0.02218473160354927,0.4193385008944088,75.33489433169416,-0.03645746803104144,9.69491233883311,15.0,4.979226231619524,0.5324199756730306,20.851073007239396,19.604227625472255,11.55070060105683,39.0,1.911378510201864
71.60493510535149,-0.5111780872595344,9.324709379881014,-1.1363636363636365,4.969034119142671,0.4807696174686271,19.521910631805557,2.070541511730258,0.32760258019432487,0.16311980327766265,7.8641618321544,0.005563637428318367,0.019111802471953356,0.481042273403191,74.3492557288042,0.04210073831955796,9.56331148741242,15.0,4.979705179870961,0.5202451708999767,20.70531802046021,19.445639621426082,11.525631481800984,39.0,2.069123099252316
72.78599225459801,-0.6217855256862749,9.398838100281859,0.52,4.969236596105354,0.48941300523895054,19.57506959892844,3.05893439487526,0.3892577430385597,0.17368723013899046,9.82698326039075,0.0064116633297585405,0.023176204056400182,0.509792001310961,80.59349660008925,0.09506913873367429,9.605161996781494,15.0,4.9804082578618765,0.5176143333503939,20.484910856574263,19.54517414802088,11.506529667757652,39.0,1.8557148917389448
71.55672013432157,-0.5127014037807065,9.415675206118586,0.0,4.966539939612584,0.48957940928238824,19.47393269401508,2.1300323702914077,0.40148609340535646,0.1659489019355873,9.510759457296007,0.006875782129034743,0.01828041811347176,0.4610863721268116,78.65591123507015,0.37981028847927556,9.720202250015952,14.0,4.976521225269092,0.5156068218335185,20.143130858100328,19.59205727411429,11.53156762809225,39.0,1.5722255473484559
72.72588884414338,-0.5443787859347907,9.375350501296353,-1.0,4.967466566091866,0.4850000394050771,19.43636040443156,2.667446106941939,0.4063233320748108,0.14920996797245709,9.103845341392834,0.008280233775786728,0.019497415377671322,0.36304437420793495,78.54606390956135,0.021680631837640574,9.83875204574259,14.0,4.977555876046869,0.5554881639429262,20.361818013413682,19.433594096532133,11.556625039781105,39.0,1.6356029715952332
71.90581650358061,-0.4946544388882897,9.36942235126106,-2.96,4.97196692399935,0.48257489749037497,19.668553755946263,2.89010567078653,0.27549395130442905,0.16214250534309277,9.180326791569025,0.006749520077873959,0.014113993232543287,0.50810259694997,77.59432263152873,-0.10210752527594003,9.655696947570565,14.0,4.983334298331876,0.5054037635319882,20.883757801819606,19.60662663380082,11.507162487565195,39.0,2.078816446162598
71.82017585752786,-0.5043406064900937,9.399809400907484,-0.25925925925925924,4.970444240769693,0.48898110523137334,19.37036168377188,2.970078933440143,0.3263076891215441,0.14272401031866772,9.811529848592507,0.005681227497303456,0.01783138721712412,0.398376509901473,79.00185708047628,0.1995765321517846,9.730272755973957,15.0,4.97734001392347,0.5214181776122918,20.095455315314602,19.39917646053098,11.534164180977063,39.0,2.015542312686417
72.15401439097722,-0.5298814768542802,9.387251111588586,0.17391304347826086,4.97223600524343,0.4860477410724956,19.468192215706654,3.52365721559906,0.350794586605923,0.17742418139281524,9.653348929654204,0.0058287246139174095,0.0209932035878673,0.45516977595341584,79.12245503297979,0.11843038049088783,9.723813446768993,15.0,4.983552616207927,0.5263407832173782,20.483579785565766,19.464710191955227,11.530475279964497,39.0,1.8302695657841426
72.09503620624506,-0.35322304978207997,9.360583304689667,1.2608695652173914,4.97039328589208,0.48118088314098745,19.532791883320918,3.080712559853967,0.3031704218451215,0.1280215818383836,8.257894201015214,0.0046599531625093815,0.017988487139980476,0.4510669504290031,79.17565485134682,0.10507028795941542,9.68973327006172,15.0,4.978301361640518,0.5185358162897005,20.168730551003414,19.51448123942999,11.574710931696467,39.0,1.5349285615082735
71.48690953506852,-0.49889902798546415,9.39103322782397,-0.6956521739130435,4.968449090091392,0.4854020375074405,19.54086566058739,3.9384432766438655,0.3612200282917208,0.1724223672016266,9.470479454410336,0.0060241447039109395,0.020961615836434,0.3634615732711548,78.64478941406479,0.31625314365828217,9.660903946068865,15.0,4.9785479956285705,0.5209187570223428,20.256886282020638,19.496328773836506,11.551116058318568,39.0,1.516821252950006
73.04936818721697,-0.49107923274593784,9.333411664359401,1.8333333333333333,4.968892009668074,0.4816662681075837,19.529774541688884,2.1568524779859035,0.3522517136044615,0.16352480505634565,9.276613366717163,0.006035602232171415,0.013630789358138901,0.3969822012377593,77.05662639502512,0.35731226412730077,9.696155353374262,15.0,4.976878466225428,0.5141482125786745,20.737371427668304,19.441684642815247,11.54950187267712,39.0,1.981117781659055
71.96369685788358,-0.49297240294193045,9.372772410981387,1.75,4.969001226157588,0.4797655348330558,19.47559631164423,2.5678770820676284,0.27082908598983835,0.1502459462330056,7.622608914713299,0.00520565305415999,0.020071010630348697,0.4206694016565461,77.69615776461102,0.025103400134250498,9.724166541498136,14.0,4.9770813269211285,0.5171483831031644,20.63981019600313,19.504807645112965,11.578910687231623,39.0,1.8878968846565556
72.45408811331157,-0.5037497765652129,9.402707804933584,-0.34782608695652173,4.965962394216128,0.48745132977517924,19.56348699997682,2.573212540426154,0.3869085684453409,0.13954667621016958,9.475867268566681,0.0065168008683752585,0.018381178066891657,0.6030527850238633,77.72311123867979,0.4817151706641536,9.722599543539918,15.0,4.975821196000837,0.521394347507423,20.74288640606496,19.640308509756878,11.534527741917588,39.0,2.6199950752438994
71.9892334351657,-0.5235120917740137,9.353881504162414,-0.6086956521739131,4.970389588134017,0.48370697767474763,19.600956749754424,3.0169725459204177,0.27189904254421726,0.13956081896953781,10.631123832918638,0.005142248098684457,0.01635940172217168,0.42109010601529684,79.90080414241405,0.07026827428851345,9.688599100010306,15.0,4.980672651109956,0.5160571344922558,21.025735318435103,19.56887844872957,11.541450643064193,39.0,1.9661336217497372
72.0002991059066,-0.5159704652785359,9.38434039441619,-2.409090909090909,4.969004982889494,0.48690545379397554,19.586658885153142,3.3809161495149325,0.3915302721529905,0.22970099448488251,9.689071120265025,0.007642514532283875,0.02376730731629454,0.4633211829513894,79.84716161486277,0.43425931258022166,9.93049445503865,15.0,4.980473236097577,0.5346408809991556,20.486950972157288,19.498245715390986,11.541869592551377,39.0,1.7079924747912614
70.61385840301261,-0.42896922884784866,9.3644860148778,-0.64,4.966090108248797,0.47784957343843154,19.581467073021862,2.3825997413809517,0.4033901959256632,0.1814042786891544,8.385129694882483,0.007682314799023529,0.021018849067012783,0.4198149138792618,74.513995657593,0.32358461465324373,9.684961450094043,15.0,4.9822754521327415,0.5174344462082763,20.382557255952587,19.556871309489328,11.474449898066311,39.0,1.508149313918068
73.30673349793443,-0.48099483116828773,9.413089660748213,0.07407407407407407,4.967625370708339,0.48505984491342063,19.365382457925843,2.8389295966818597,0.33203071928103517,0.19874887553286064,9.309198660369042,0.007868255396026527,0.021038382374320142,0.41551447107592937,79.02409374122072,0.05587731646119121,9.858317774934495,15.0,4.977882701834194,0.5247149172973764,20.043179135680433,19.439832830156817,11.556307227200687,39.0,1.5402034954784654
71.35964115195911,-0.4436296588005837,9.369177562513428,0.72,4.967962146027742,0.48731064938566604,19.49512618938538,2.2754094674486494,0.3920806986065851,0.21044011269187063,9.978055922873954,0.00688953221609293,0.02439069059331991,0.5640132202458749,76.160351050885,0.3907016712739333,9.75518637696883,15.0,4.979752911968698,0.5463801039151858,20.38633326590909,19.483317486112828,11.555726796795279,39.0,1.9288983414410872
71.79948389761667,-0.6515766127476034,9.471469132532464,-0.125,4.96928457516698,0.4972584590655862,19.49336025552844,2.127954860876844,0.28933580873936915,0.12111216999107274,10.092540562217225,0.005840544684374759,0.014748333045899942,0.5182454950084242,76.54391388491916,-0.15207118578427137,9.726736332466269,15.0,4.981091235528925,0.5262247762620561,20.47523544998314,19.471862491162202,11.488907898210764,39.0,1.9430733850757491
72.87460201318262,-0.40931250635548827,9.336173151729,1.826086956521739,4.968660719838103,0.47897739973201736,19.561615675413112,2.5309598274903276,0.22807681364565516,0.18206600926637437,9.239104859299639,0.00595106549967601,0.02042671830971721,0.4447539542919739,77.74593405391286,-0.02763121701166482,9.730696263225779,15.0,4.97942490485338,0.5197902342782341,20.646995956182018,19.49057834703344,11.533157535874343,39.0,1.9813405686572807
72.58656678987751,-0.5496444947963804,9.431879988151499,-2.5416666666666665,4.969417557840309,0.4915806306979869,19.57355575557275,2.8911299378555486,0.4076365120457501,0.1472347500203645,11.142931865337577,0.006512084905851196,0.01783875144191098,0.4309515921975674,78.05566320196414,0.13549144647596734,9.701048396332478,13.0,4.980835799437274,0.5257039357608897,20.516729985506306,19.562483863965326,11.596504936263603,39.0,1.5839380283015636
71.59201666926994,-0.35216246998677464,9.333121310145742,5.7727272727272725,4.969427759746726,0.4805046241311351,19.42967934475568,2.837012893894582,0.3772462059212577,0.1585213326726806,8.387934073210694,0.007319533438047575,0.019039176193007008,0.37197462725064334,79.99504477694012,0.1683520605360317,9.768707391710647,15.0,4.983134947069731,0.5250802131689151,20.056364955540452,19.465873462918303,11.504975066609722,39.0,1.3683653520887447
73.26495678706395,-0.4955195062762617,9.35701632030838,1.5,4.969088447332269,0.4797109287977,19.329835789396046,2.8929346586209372,0.36666666091227873,0.22053829829274826,10.352133435513023,0.0060887140005436765,0.02602512629044271,0.378592881260588,78.71764574529557,0.12789868475916588,9.670070667547234,15.0,4.97701419192062,0.5237530189472474,20.004746000220223,19.425959953129706,11.549519093363957,39.0,1.5288254925976332
71.66610406545313,-0.6749046551554904,9.366372988141173,-7.458333333333333,4.969820445514597,0.48710541264719626,19.297946999693618,2.8192960152565605,0.29261405516684164,0.14406454454073242,6.435443306840296,0.007592292090940436,0.022606483615411087,0.3936305269825405,76.76087263525487,-0.2570617198822456,9.619318766410087,10.0,4.983093423299237,0.5175104505506789,20.2517266547267,19.40615176795102,11.505339763333646,39.0,1.8388594464225783
71.52138104827247,-0.490798915355427,9.3535102808685,-2.4782608695652173,4.969617254273154,0.4810525496774412,19.721829575411945,2.7882808227886695,0.3198241991203137,0.17672183648762982,8.224404644594891,0.00657209995651183,0.022391973063249054,0.5014947896576101,76.47732983586683,0.2228763691791178,9.646232979950668,12.0,4.979850375505721,0.5193766414665819,20.576072347469577,19.585464930590145,11.501614333789457,39.0,1.9040544039779483
72.11176853428645,-0.5477921305974367,9.332631933264253,-0.5454545454545454,4.970047996284879,0.4825841031703526,19.432529174221358,2.9887024699777833,0.41277083685071,0.16107470866516096,9.833741878798882,0.008662622788679557,0.023671280051483355,0.5159499954896072,78.72734658833583,0.35792075311992777,9.66297566187355,15.0,4.985981384397264,0.5342455615813327,20.594974436800783,19.47258424606823,11.583145089400098,39.0,1.8932722164221438
71.20093094944924,-0.36731028315375047,9.391677201861949,2.6956521739130435,4.968769234148668,0.4849481525144842,19.58323506131329,1.828961576357125,0.30541737909206,0.13950050117195703,9.076653197645118,0.008323544834710843,0.01358748141072063,0.45936174122758155,75.35934782567941,0.4052293529305804,9.721180085537707,14.0,4.981570762076717,0.518872372912204,20.450968394848836,19.59309821280808,11.556935848272428,39.0,1.8147370748273914
72.41847012891445,-0.5997039859381671,9.331576606746525,2.3461538461538463,4.969241483752428,0.4791635678365046,19.414762839598083,2.868449832155386,0.2090244878412873,0.1467909420283843,8.831509617850026,0.006179112772145134,0.01681807168244031,0.4166803574133001,80.61935670080464,-0.16485742664010994,9.692729978635894,15.0,4.982621984066133,0.5168509166420833,20.549382013920518,19.415291491646215,11.548133682265904,39.0,2.020494091381938
72.5662025165349,-0.4815223146036878,9.332225540123401,-1.56,4.969482917005995,0.4795070292633728,19.492889560562695,3.435402862629507,0.4092440636468616,0.15634841859489526,8.850220336240223,0.0055429635970305905,0.018627592148444262,0.4917415597231989,81.00602681312495,0.11492998469761972,9.588892184040882,14.0,4.983618388931003,0.5122587809309068,20.34133277554315,19.50458803514382,11.531121992722165,39.0,1.8942907436672343
72.29700188307514,-0.5482579060283777,9.37654049206698,-0.13043478260869565,4.968514008221526,0.4838989680291789,19.346295819150026,2.77000257615066,0.34355834071922775,0.15361912954626597,9.256275651761827,0.008968369082476734,0.01701196013762726,0.46310094357986087,77.76636409244696,0.1353182168182392,9.759566767782209,15.0,4.9843803650764364,0.5154875756523457,20.310341710289464,19.453292878148936,11.539615026074301,39.0,1.7832902804172583
72.68293897115153,-0.4231715676635795,9.371801573973132,4.083333333333333,4.968806737310779,0.4863583503058697,19.459062682668744,2.6827699001697614,0.39644553330473853,0.15634888331972488,8.205265924324994,0.008992739644229848,0.022864259566254572,0.3895457576778704,76.98815612020164,0.28235794065878483,9.811767890552888,15.0,4.980966658013454,0.5297255600749503,20.14046106167625,19.4428628700244,11.547303668298898,39.0,1.2336326793931143
71.97324562932839,-0.5743207215110934,9.380704736631293,-1.7916666666666667,4.968157158732119,0.4850049998209125,19.498452251578872,2.4081029154188123,0.421336706592733,0.1713865807426398,10.436231626193218,0.007337119754513501,0.018093660422959203,0.5114646362928404,75.56608274458665,0.21516419281537313,9.773113556937094,12.0,4.980741603648612,0.5259204424213674,20.538547530598848,19.52368136053274,11.54343490280911,39.0,2.280895076061796
72.6397201217593,-0.44386826085850795,9.346350881349169,0.5769230769230769,4.968662906600899,0.4821256451296438,19.452228927833232,3.2156436819643317,0.37671063569294766,0.16022767875384844,8.888943334810245,0.006516101728761919,0.02165387347971464,0.4549822649996798,78.50203614028266,0.6072255948099394,9.647779818254987,15.0,4.97705333407305,0.5289410710973086,20.47323988920891,19.5495789007592,11.608877964585435,39.0,1.7813968530586024
71.77997373259667,-0.6235132196787717,9.372430418878555,-6.92,4.968929597281832,0.4841050973156491,19.6268068204714,2.793675960351055,0.33866010721690254,0.2058731674659536,7.53615286469164,0.0067400410974483085,0.022519969856458377,0.4607882097379321,76.88104203693942,0.2166658338996894,9.798551784919415,9.0,4.978755156890343,0.5305211121040967,20.789707123754475,19.59316633909619,11.588486658225708,39.0,1.9704604001251553
71.80615991159057,-0.5411310302232258,9.326260083130038,-2.5416666666666665,4.970730876039287,0.4761526905407816,19.333195067413506,2.3228583597166064,0.30457738320433264,0.13727645071300365,9.678064401292003,0.0057316064758817275,0.01871139925671098,0.4962378425860376,75.79944625323718,0.14702131041207056,9.561910600260282,14.0,4.979967754561336,0.5092986433688491,20.240189709991803,19.38616644585032,11.541695223496598,39.0,1.836389731707797
72.22053944483432,-0.533599583373122,9.363303725731004,-5.434782608695652,4.968624684386839,0.4833880198611599,19.554367045828826,4.101748943955925,0.34246095278035804,0.0966661870499894,9.26342075494662,0.005869000344665174,0.014762545733774588,0.3456652169793356,82.30107624550612,0.07229488365309467,9.500633162404064,14.0,4.977171063869638,0.5046797861405731,20.185067932913054,19.51623263786477,11.55165451586242,39.0,1.1400910959415889
71.87330459602964,-0.4806547118510396,9.390364776565185,-4.185185185185185,4.970885006441504,0.4871332276483219,19.54316750588202,2.4943641866196007,0.3035746032542226,0.11775310146410081,8.641146344721378,0.007351353110972717,0.01850821719481494,0.37683187419546776,76.47583711290154,0.05084992242559361,9.579332968512496,13.0,4.981609908715094,0.5280288842072028,20.31778931666521,19.547258997618783,11.500748998755391,39.0,1.3876599845665432
72.1417094076901,-0.4209425211821889,9.323533193448853,4.130434782608695,4.969608960120077,0.4744876538717574,19.50542806304422,2.7057520249177442,0.3789661576829294,0.15768807545491334,8.798736805711458,0.005776662781460726,0.021342080005182708,0.49587944971923476,76.59352128117737,0.20112026729899624,9.581779926994242,15.0,4.98246494038301,0.5223763986786333,20.22050518394338,19.57686613382176,11.498102749290512,39.0,1.5976270906847247
71.51125209376913,-0.4587439792951926,9.348901505216814,-0.5652173913043478,4.971103228011536,0.48082799964039713,19.474441449790756,2.337424055707836,0.2911065337435954,0.1588960866370474,8.919085968750297,0.006976020477072785,0.015363920553613176,0.39518921471482654,77.35779082590909,0.4698797667333494,9.586381023509507,15.0,4.980058680870867,0.5004380452240925,20.230488158730445,19.55065396737438,11.540152645028092,39.0,1.3587287760389444
72.82880721176235,-0.4582314458013358,9.421558279318981,-0.7037037037037037,4.969342865587437,0.48564220342306635,19.490986410661733,3.1324064434816807,0.3511106661399055,0.16895181929968306,10.124465472181416,0.005494763611959533,0.01906889341170125,0.402608831967342,79.44152759553022,0.34820658382457315,9.787074876614097,14.0,4.977510105461864,0.5309146068812772,20.37264250218309,19.523105935178997,11.518016480637462,39.0,1.863380287473106
71.39362721377908,-0.3546171889783593,9.279670951893774,1.72,4.969535592086876,0.472523060171164,19.521833367654047,2.97929229797387,0.3339351337226774,0.15118388522212342,7.158323826148131,0.005749483531799521,0.01812229619599494,0.48297377092213656,76.57554676409437,0.2741208435987281,9.585619726486854,14.0,4.978656769364999,0.5044280338033186,20.434961179076435,19.51165180914934,11.534594353259795,39.0,1.7302788263819373
71.59882985072583,-0.49349563370536736,9.344563135334203,-0.3333333333333333,4.9706910910570485,0.48037745621000805,19.482820033948016,2.8170206958694783,0.3636807306340607,0.15567551297069201,9.423669962151452,0.0045109110282794945,0.02080940245262813,0.4767438210432996,76.41182906545178,0.008548709062254689,9.6267420255616,15.0,4.978285918266982,0.5214540484889159,20.210252227280627,19.556752197608688,11.60141223228599,39.0,1.6884015595511244
72.12623216025901,-0.5246956976404334,9.377664452576996,-1.2962962962962963,4.968636291850747,0.4870266348768709,19.36620703580875,2.4152814780278122,0.38840308487323494,0.1715012759088603,9.706106572725101,0.006238022883169867,0.02302792732374283,0.4842373158280983,78.68658921234035,0.38467367458537804,9.762382230977671,15.0,4.982608643881683,0.533772899845196,20.397538997626114,19.453825267339504,11.50726396506157,39.0,1.954391508531593
71.97314552861218,-0.5015573501254864,9.398210601687326,-3.3076923076923075,4.970666934810324,0.4893480669795316,19.57176779456755,3.0292584560853655,0.4144966276295537,0.13826720048313973,10.553049981182003,0.0051488070638899,0.017001051755637608,0.43166870136385943,77.89047114332875,0.573974532582596,9.707765962589495,12.0,4.982055424770522,0.5263068895957786,20.564314420510147,19.52959741501689,11.530851679610011,39.0,2.0620260582171177
72.52551175853017,-0.38890405383973126,9.408968450937746,-0.6363636363636364,4.969561635434892,0.4866209977339656,19.630894109546322,2.707940211769599,0.32442672019052543,0.15064714221495898,10.011563562135422,0.006944684346674307,0.015215876825611502,0.4448395880412236,77.74271214141157,0.3550066956832958,9.665345672357548,15.0,4.982525919290416,0.5099333040669405,20.353580886100822,19.560647684357434,11.573040893127974,39.0,1.5653175818005742
72.62903105165253,-0.5201209137644816,9.40395416047879,-2.12,4.97001667098725,0.4848862238522551,19.585291671260556,2.506595506596258,0.347028795157393,0.12581883599835886,10.343384359096397,0.005598622461257918,0.01443332741154984,0.43953451408539274,77.35850959302803,0.2865050216696141,9.703489013535942,15.0,4.983948632775009,0.5211990908433848,20.50122461188098,19.434052659120432,11.543952907145329,39.0,1.837599134647867
71.18999102025674,-0.47361454240634154,9.393500368990445,-2.652173913043478,4.970263954863482,0.48655164221808217,19.32070267728157,2.0946258101286186,0.38866282657559753,0.1744578028022611,9.182254604503633,0.0068327199974074805,0.020772178137652454,0.40028860993293464,74.05127106195954,0.7525245677952784,9.673340854995663,14.0,4.983198967676428,0.5234995566596001,20.087401631505426,19.448413521056978,11.526790609216578,39.0,1.405216649012413
72.84639380778371,-0.4842395608785073,9.353861984929361,2.3333333333333335,4.969946856054811,0.4805823989827562,19.509919689924683,2.9073851712551835,0.28724959879631556,0.12798746007249262,9.50292352676562,0.005404138984703466,0.017057875750684088,0.475178013902916,78.27056170531827,-0.12607406287103629,9.598782835479767,15.0,4.979165134966301,0.5043097066013285,20.368786052197215,19.45340653482298,11.531020814129336,39.0,1.7302815230199826
72.50462537703385,-0.5737000281335001,9.378960934255232,0.1111111111111111,4.969429600257914,0.4863686222148342,19.47568938589887,3.183351198540473,0.32517291248251956,0.17132332433798558,10.4006172656325,0.004967727853639816,0.01858349453121786,0.41217646720965806,79.75717748979517,-0.019931136211706058,9.79908358303439,15.0,4.9797604032861855,0.530130293579485,20.380007853296394,19.518939197662448,11.568182510546883,39.0,1.5977559317847536
73.0433022476101,-0.6272531697485704,9.356278571829787,-4.541666666666667,4.969411973900251,0.4846360441326496,19.4714546277662,2.4763301590245064,0.29231145879996334,0.14323374613191636,8.154646766653286,0.005662649116837094,0.02080903164601218,0.4995069822293069,77.41839986397729,-0.11281273915442136,9.574933238088637,13.0,4.981217908172482,0.524309883142059,20.429927342555363,19.565112428719836,11.504479149741568,39.0,2.2462122011284293
71.72406145394038,-0.43355710639071937,9.411641039523966,1.8333333333333333,4.970268920616753,0.48665234558857,19.352677917722488,2.749575921212379,0.34282560600393325,0.1666218950748346,10.414999866645328,0.0047293770810379245,0.02150228039960515,0.5641446460445991,76.8128143272748,0.17138336647787378,9.782261151328365,15.0,4.978755429157406,0.5361613438889737,20.129216081932842,19.49493071893089,11.5493081162148,39.0,2.0650706852592897
72.5332009644383,-0.4822664580582774,9.361996019371702,1.1538461538461537,4.967838589244463,0.4824945205567511,19.51262664367338,2.766134848083787,0.39178895415943704,0.17336432234331306,8.843477856121762,0.006291422280813459,0.023981929555812704,0.40227452267468494,77.3259504076454,0.19993283287921515,9.722889920663004,15.0,4.98070777584575,0.5365567048635012,20.294331112577932,19.533706011107014,11.561043698941917,39.0,1.772717047352085
73.28752624823858,-0.39965671666907066,9.341238802265293,0.2692307692307692,4.970150210290106,0.48046531714263296,19.452608289030344,2.949694064542396,0.3105803366761274,0.16613863332404,10.15479307938902,0.006052267567318927,0.020704867773004402,0.41320771265550377,80.43449926946133,0.10328747413071682,9.632164719088266,13.0,4.979554037455644,0.5209191565679228,20.204318666544754,19.425316383602436,11.555874899756969,39.0,1.47797681426659
72.46147458173154,-0.6039421510534508,9.385958325028913,-0.8461538461538461,4.969142141256234,0.48261063444865676,19.65856535727233,2.5270771546308235,0.29682437321607347,0.1758709399476674,10.086900521477226,0.003708585192481849,0.022035908554158875,0.47576460188649855,77.28672657206269,0.0009354690609074678,9.67922373862567,15.0,4.974782446096642,0.5185160004298363,20.720389039872366,19.604225538056028,11.53874741914978,39.0,1.8234005653969518
71.16206429399318,-0.4745251533105549,9.370984805523634,-1.6,4.969851510719511,0.4798081462146689,19.49312992020055,3.142847637508526,0.3309696334810544,0.1370412377593513,9.785703858180055,0.006134394605479716,0.01769815569767419,0.5488991549384645,76.46601261868727,0.11642644903375587,9.591934624675234,14.0,4.982001273864949,0.5105982062935323,20.52727788454698,19.498996307197544,11.572136286704328,39.0,2.1575040302420376
71.78806334101854,-0.44193877645405955,9.349572342436472,1.6956521739130435,4.9704352415094135,0.4797586622245503,19.35881373681919,1.948859480755133,0.3634539633753766,0.2157589282588457,9.419843913636674,0.007471384985031836,0.02350215591581472,0.4216547707763541,75.01393757366634,0.17412663196777856,9.787048369967236,15.0,4.982919551452232,0.5345505854765397,20.497228119121164,19.473816129198475,11.557659738947752,39.0,1.7401037664650083
71.78591562830933,-0.28620492002541015,9.399636657345273,3.3043478260869565,4.97048944307386,0.48802933382737484,19.67059511195137,3.043573121288394,0.3493224052388736,0.1417286196981852,9.419843913636674,0.00461198465889773,0.018647856858602326,0.48784206644181366,78.66673776849262,0.39856051412317006,9.731445144391264,15.0,4.980871885046375,0.5245641385179917,20.458443568168562,19.51642552747426,11.579394944647367,39.0,1.9227627781743095
72.09059553702039,-0.4885682660411133,9.441917933041019,0.08695652173913043,4.967058778845846,0.48938566197502725,19.54224749401455,3.144437608048826,0.410568766775259,0.15108233046810604,9.712891672940842,0.007050368940412584,0.016343220675076948,0.4189447870071765,77.5231461383066,0.2434802314009228,9.81691239497193,14.0,4.978390903108812,0.5194530077512527,20.207612120379014,19.519332162434143,11.557632006144162,39.0,1.4052510212860732
71.19118543414368,-0.5703169912064434,9.370219070743074,-1.173913043478261,4.971165263310787,0.4863691228385869,19.448845772441775,2.4467194427566574,0.326893549100466,0.15743865858890013,10.209340028548638,0.006015289108347446,0.0170149706768649,0.4259447558838612,76.2213236903321,0.3649632300492569,9.719799266196071,15.0,4.980268995027394,0.5136123682748729,20.31193537240772,19.58809154234394,11.551836094074865,39.0,1.738181853367795
71.95357300422538,-0.5956800338867864,9.4390481551258,1.0384615384615385,4.9655489315567065,0.49385679064806465,19.510413094902717,2.2929486700365254,0.5107808779233913,0.13259245586488472,10.289953162899943,0.006599680224480612,0.014351070196815703,0.3941957856285324,76.93835123513438,0.3082692863045573,9.745349170194883,14.0,4.978900184652499,0.5284094245446803,20.44093896107521,19.546642374156363,11.490542542328171,39.0,1.683351744077406
72.37049358292754,-0.525015494778825,9.401645249699996,-1.5555555555555556,4.968778165233822,0.4872742920532537,19.486021890415934,3.3709658272458265,0.31572711596277014,0.15159372718127656,10.945431427577557,0.006179330725747401,0.015430677639642735,0.5243288052213657,80.95022160252307,0.1005798804820377,9.754004975425312,14.0,4.979644531373229,0.5191455634025426,20.33811060118434,19.51991967668053,11.5526663419377,39.0,1.7801857626374904
71.49588567475445,-0.5327132034091371,9.348840745269996,1.6923076923076923,4.972623230567144,0.48108496700367576,19.49916132220964,2.2821275673823407,0.21999488613461024,0.19596757336319914,8.226454656352137,0.005968930239888805,0.02256413956709683,0.6198816551546749,76.95065813310045,-0.15022311650598685,9.654092815667454,15.0,4.985300287867526,0.5181975135441115,21.34662962421767,19.489586016926076,11.552248520777008,39.0,2.871802207139954
72.57249832481627,-0.5076570448552844,9.369759677534729,-1.92,4.96772191208406,0.4837520905863103,19.617494203352397,2.870220756823013,0.3788999300178092,0.14078858012602388,9.520168065743377,0.0061748260457878444,0.018039610149726173,0.4747133733134673,77.98776115674521,0.21313079970317905,9.693399964728727,15.0,4.978326520656244,0.5200098297285655,20.47126336052452,19.562455364778234,11.505659224130472,39.0,1.7342737818217877
71.69454865423305,-0.6138051395769449,9.373939175053804,-1.3478260869565217,4.97048853348597,0.48470714476442256,19.502715475126575,2.5040883502015405,0.36065114674633963,0.1548588279956749,9.796222411469211,0.0067994475815379984,0.018152847826769566,0.4491109406819547,75.61131861808987,0.03518951270510062,9.544001126003225,15.0,4.98054667607963,0.5125220318391012,20.3681606663161,19.51039823858709,11.554122750623105,39.0,1.7703378209820393
73.04733847692788,-0.4354262474523576,9.400000903995409,2.576923076923077,4.9700897021943895,0.4895528809814349,19.547227110993134,2.9199666551953487,0.2786065349775605,0.14615028554729742,9.888505669649902,0.006530279598953902,0.018839213734409863,0.406867472869773,79.84818526014388,0.2931244591259793,9.78007347270017,14.0,4.982520325052621,0.5254449711042689,20.622683620709942,19.527107765568932,11.545728870393816,39.0,1.9769924458384942
72.25960841596763,-0.4783656652426369,9.355980154546764,-0.19230769230769232,4.968719696117792,0.48434775043523987,19.62542253311451,3.2826412589484084,0.3963720651120729,0.132581975758725,8.553088649358603,0.005730499725442575,0.01624742273495931,0.47162854254472414,80.24045067925996,0.2898871751636236,9.635479095724737,13.0,4.978934549872171,0.5159948936579104,20.594920619334733,19.54083707133091,11.488166596921918,39.0,2.168315983133173
71.7376996116235,-0.5374428558658103,9.387179502920203,-0.5,4.968458140311102,0.48595315182433985,19.43979278065387,2.641209443316891,0.2810854826910618,0.1657555758979444,9.349688051837166,0.006910446238175094,0.021172735968262524,0.627166983830647,76.59357032582032,0.0028318770838342555,9.864623195313262,14.0,4.977023650162387,0.5474862530696556,20.63898870716927,19.412350736230962,11.538887780669159,39.0,2.4076472763662267
71.83351411971677,-0.4775489784488672,9.343114059542572,-0.25,4.969734486100457,0.4806970577204241,19.51361492093429,2.8094851817973736,0.3160117298978876,0.11064780375305337,9.786257371096129,0.0075054085054554335,0.014582291262509196,0.402528035036078,76.3670166755559,0.06588659794329454,9.548905242200568,15.0,4.984594741786263,0.5046197049058524,20.26502491056189,19.49092266253553,11.544179372027484,39.0,1.9801808031899313
71.61822062556013,-0.4732683030102388,9.416420849643321,-1.3636363636363635,4.9712628501540985,0.49036409907848166,19.511043923634574,2.662339400321855,0.35935486974175185,0.15226349075273593,10.038767827982289,0.003418300028367166,0.022430968473916606,0.36740177001491664,77.42091718725439,0.43309697080760323,9.705264467611324,14.0,4.9773780090521464,0.5251794691302872,20.394379229058636,19.497248201324545,11.53400636257465,39.0,1.3941603445309028
71.90294940194403,-0.48218473058271843,9.369289600916117,0.45454545454545453,4.969312640946532,0.48309951761825365,19.495238495675995,3.003751532600835,0.3052331167478191,0.16202225102188655,8.799417711764553,0.006366241341668015,0.020087654182657334,0.5053377070624968,77.12795557795096,-0.012995038923167446,9.65873270680997,15.0,4.978573073743362,0.5147479987916445,20.792445677809955,19.48987953837124,11.553232166464186,39.0,2.1833945922082556
73.22004971438513,-0.5251420031338,9.358252886358345,-4.166666666666667,4.97012269865181,0.48198109356273705,19.424811420743,3.014056427228092,0.30329362613514227,0.1493806806247462,9.303523824635242,0.007105904285794057,0.017906239003901814,0.3998909376459856,81.20383520497558,0.1645809610524681,9.605603337358204,13.0,4.97980453002952,0.5178970337695251,19.932459466071904,19.45864837518407,11.572745222421938,39.0,1.8078986096983378
71.24090970003566,-0.48381933469817545,9.365241733498511,5.153846153846154,4.970167868252343,0.483689524938667,19.39497316052867,3.079040891773617,0.3312181885060628,0.14587059163117272,8.291294357950242,0.006595064011856606,0.01871427609277668,0.4539437632003009,80.12689122618829,0.07679151959372432,9.66760076627642,15.0,4.9846833587673,0.5125561879840368,20.44788531225955,19.431643862844858,11.53333107972554,39.0,2.138445679763038
72.89555847523467,-0.6082908791524475,9.404443309855813,-3.1923076923076925,4.970124384183257,0.48854572083175896,19.621704900321898,2.49565318778657,0.31686100763131997,0.15153622376403836,9.639738389241575,0.0062636218345634735,0.01892069756922027,0.41428047144489594,78.30997114276454,0.053739860574265275,9.7036735747131,14.0,4.980945123482821,0.5228728166655238,20.290155054981813,19.521016217674784,11.548942515782771,39.0,1.7030911630692813
71.83080842600089,-0.5018287520103693,9.31478761756989,-0.6521739130434783,4.97041823732604,0.4779765839129273,19.382513175602416,2.616376944702062,0.2743529211813056,0.17766402433315506,8.559808488573713,0.006168613030239473,0.02179119747427534,0.583194352775168,76.89476332287643,0.12017042488852092,9.591396673834133,15.0,4.986058693518288,0.5192173863731389,20.61877024439716,19.397103832968924,11.594229135196118,39.0,2.425796480338523
72.04983511513169,-0.5650511738952971,9.34820205172543,-2.4782608695652173,4.967222713990857,0.4844769154209708,19.558613218629144,3.1483828583587328,0.3889160340245122,0.18294935947643023,10.52066110179886,0.005565136806882336,0.02079924876429747,0.36559008930722314,77.59875337425765,0.44222725779190153,9.636777099278484,14.0,4.973933185226923,0.5176852994830146,20.293934996524406,19.51782319591639,11.518689806232588,39.0,1.4256879079357887
71.14989797768257,-0.5870024090508138,9.355404877532406,-0.7777777777777778,4.970494198065364,0.4841653998977511,19.489390099245686,3.232230395508548,0.3057090216303962,0.15153052250289573,9.242948596926853,0.005418010564752469,0.01745158605060094,0.4415868861568512,77.49827588863602,0.10298765772000706,9.577510991497235,15.0,4.979814718715673,0.5066153899568752,20.37377924202437,19.478319859206707,11.582001927422427,39.0,1.594323141886953
72.43984090811144,-0.46218099727893697,9.413130034550338,1.434782608695652,4.9678066145891435,0.4889134427300809,19.43075009831534,2.9548011798582245,0.4810864477461549,0.12622616570590905,9.761619996329555,0.008885054550700829,0.0196226773695619,0.5393117444854714,79.02709421331957,0.5489911385393687,9.615154492866635,14.0,4.980369201406345,0.5435753138959434,21.15883150478292,19.46724624227556,11.535097526959126,39.0,2.680917451061351
73.07917821023499,-0.5306684349795784,9.409307022825129,-5.130434782608695,4.968832861570829,0.4871751700247983,19.325971890792985,2.365388796574852,0.3763839844865238,0.15726764515691063,9.047240020297744,0.008584314203929076,0.01791136246749404,0.3534000723741095,78.27037807597749,0.25344682112203665,9.672045088071075,14.0,4.986663625530699,0.5178196650144568,20.102309609215144,19.445889373596195,11.517469873462199,39.0,1.5395677873079983
71.93583643386519,-0.4097738195606214,9.360614953517922,2.4074074074074074,4.969340659603558,0.4812019005383201,19.458565488858515,3.1615607071764087,0.3434833360649091,0.14210824948663034,7.804363733095968,0.006769648309122275,0.020453140784511523,0.44804618207071467,79.24133858924372,0.22891152960347716,9.63052894461346,15.0,4.984614015372097,0.5268597320555212,20.772345024163762,19.509677897229142,11.52113956370841,39.0,2.0488916857718067
72.06397801455867,-0.4106315404685844,9.366046148930781,2.5,4.9717757256909065,0.48375036069513916,19.400245731384782,3.27265199357904,0.3789974154300369,0.13346579986832327,9.5524865872714,0.006186294816254978,0.014339219157281998,0.5140038741690143,78.74929015569636,0.3084878508324337,9.611538427588679,15.0,4.983232032543517,0.4998301433338577,20.71039371513323,19.40925844631552,11.51600712220962,39.0,2.3407147241209074
72.1388300877334,-0.6665218374713064,9.407211285165452,0.0,4.966971391555942,0.489885231571969,19.51938644890261,3.150571302736832,0.41429495016993223,0.11100677569904319,9.591663046625438,0.004522985543094215,0.010425733095202528,0.5795611293334324,78.76474672462807,0.044785600526510816,9.648049778542905,15.0,4.975893302052691,0.508444941280627,20.451819393987776,19.614333536961162,11.53525550843044,39.0,2.1291741419064003
72.4318398838993,-0.5238794492264701,9.34943968293719,-0.6956521739130435,4.966676211128939,0.48265138888957737,19.771637064178545,2.6548202851201483,0.3826206584583134,0.2077898851879169,9.875022433034268,0.005204330733753838,0.02574385581927678,0.5444964959023698,76.5166830630146,0.3568338099474221,9.815211611076805,15.0,4.977250541967464,0.5336309515962867,20.935538202939693,19.657549661618912,11.576333352020493,39.0,2.0057431116361784
71.82017243632451,-0.6188576333768796,9.369343461609786,0.9090909090909091,4.96779206706774,0.4833249642394375,19.573984924786167,2.831699647446578,0.3095307019437056,0.13266850726638932,9.519879157507921,0.006648740511812541,0.017002076920325765,0.3167412461830557,76.65147153971071,-0.18218721541762406,9.594962978687663,15.0,4.982183513383482,0.5110510979966629,20.28427401884824,19.570068104281965,11.578571989231019,39.0,1.1761257571574326
71.69261664084978,-0.5488565222579769,9.375369390324444,1.52,4.970081672185991,0.4867735822095512,19.472293462414434,3.2094764512829204,0.31466970877749234,0.14167888971059456,8.593578998298671,0.00634740261100474,0.01894031124167231,0.45511805297292834,76.32987009622283,0.03871177340268139,9.735422921081204,14.0,4.980065003111013,0.5296596007814394,20.280547068615586,19.451220417897833,11.543663779309142,39.0,1.7082047794657633
72.24758539270256,-0.5293797280257357,9.360821309701063,-2.5555555555555554,4.970166757383341,0.4824613490189673,19.62569442589193,2.696623883658136,0.4165642170405776,0.16136348338179773,9.833176395483372,0.0068493222842671946,0.018509953829223165,0.4167332960002081,77.79398219517697,0.31099274003448185,9.791387447974714,14.0,4.981923204951616,0.5266458697143923,20.528261711428335,19.59509533866025,11.533621862031687,39.0,1.463461744602867
72.32968301716029,-0.5806264695161998,9.334490085764081,-2.6,4.970939127330032,0.4811454491291641,19.48198712041888,3.0594821190557115,0.41735887527902976,0.11297617894316865,8.337865434270332,0.0052472884148470995,0.014456134076415864,0.42048250970251316,78.38986164732029,0.4575698563587822,9.532440942987925,11.0,4.977742720878075,0.5054424984383128,20.370096865391318,19.448997026105737,11.514734112699296,39.0,1.5857426965207537
72.62479792551174,-0.5135985962571069,9.36765811274797,0.9615384615384616,4.970915137847372,0.48254859823926594,19.466918347282142,3.331022406167019,0.3921793401174473,0.16034098450650316,8.159377659293767,0.0050347829246083,0.016663332674990546,0.43593748945009914,80.41655100736953,0.6341282635512785,9.728584431855086,13.0,4.980218935181423,0.5205591101332033,20.314217873898848,19.506829871756633,11.525998397179837,39.0,1.7096461964814367
72.18564920192749,-0.5222137204036017,9.369589807705951,0.09090909090909091,4.970089956221319,0.4863658544254278,19.462410418921714,2.6334540213251763,0.27892616529228914,0.13025861134412534,9.548484367637004,0.005857635063996705,0.014984019841080564,0.490968683727353,77.53171140492191,0.0952981381399417,9.570197624699476,15.0,4.9815499881122065,0.5097126989060677,20.547038346088783,19.508664694452115,11.533790784394421,39.0,2.3752434380913314
72.55022747008121,-0.4798010785951844,9.345994833197622,1.2307692307692308,4.969555660325663,0.48203856360918035,19.317003517554067,3.2147999088250243,0.3412910755317502,0.14840002710826805,9.604917379645828,0.005342528132101014,0.018815402965751054,0.5029751853120427,77.23858275466378,0.010424965346039539,9.587217445300075,14.0,4.976631109938615,0.5215214987036396,20.281524396844134,19.4506456066232,11.582583704857301,39.0,2.120741007119893
72.75903099747269,-0.4463400992445411,9.430594613310488,0.6923076923076923,4.969553421741181,0.4907381320120728,19.493107130136917,2.5735636676865297,0.38485312296776636,0.17265897237767677,11.268640047526144,0.006081132593536628,0.02126836267674115,0.4257075113795665,77.99585288868288,0.27567131612087614,9.71940545186445,15.0,4.979852833355333,0.5243301763874447,20.318560570560248,19.515280854921556,11.55150637219862,39.0,1.8505011753627905
73.33571378833692,-0.44552204053737793,9.366450449285201,-0.6363636363636364,4.96721570205662,0.483588602880001,19.55079279335557,2.9082564814487637,0.4058681569508654,0.14149103149942607,9.646221372996761,0.0055053366869841705,0.015910543396798215,0.5266161655858324,78.28068307831518,0.2515520292421838,9.62569038252998,15.0,4.976209794748613,0.5199030094501116,20.923700418667302,19.498712517450382,11.518962335157159,39.0,2.1764997808496602
71.69807581866418,-0.43465099932314577,9.436120893559599,-0.38461538461538464,4.965598010153283,0.49018179596310707,19.56786998490558,2.913382444949974,0.5336182860354791,0.15202421937115618,10.524977336269854,0.00830027218010262,0.017980788350860803,0.3012213432172381,77.46643226582057,0.6672778176305232,9.751309990788238,15.0,4.977986797623133,0.5362557875560385,20.268007704627614,19.43149794375135,11.524047285421078,39.0,1.2848962681503657
73.28151850169544,-0.6549282114896429,9.376877020937345,-4.730769230769231,4.96801557851184,0.48187785508891295,19.48360287441833,3.13767513957373,0.32260137287560453,0.17265393876093132,9.593899072237733,0.005232701749903976,0.020426262315375608,0.39784860298217833,80.23161236913705,-0.09534691389886563,9.717501047868462,15.0,4.977222429926465,0.5277906740829649,20.429368489551997,19.496410018173293,11.535874152142306,39.0,1.6704929605946361
71.76788755952155,-0.7490172590469678,9.360637712760726,-5.75,4.9684034028640625,0.48421344063086785,19.575159007558113,2.450112488391941,0.33179034846985994,0.20184137431057464,7.344215410784191,0.008177172582852908,0.0210949951599118,0.44985638763887964,78.33709663378593,-0.0693672807260135,9.78259585408924,13.0,4.982254610529776,0.5313203735265059,20.345502205993604,19.55808706211073,11.578985411990477,39.0,1.61843184084546
72.20788657568914,-0.5145238117486978,9.395926354387251,-0.5,4.969544099496564,0.48412321992957086,19.52877015031141,2.946838159037773,0.33121404575306285,0.1816201448877906,9.29605651158956,0.006670101328242696,0.02156450800364122,0.5389599806175397,77.22919234519975,0.30598287808692404,9.654396518247589,15.0,4.979400334539605,0.5171412297530046,20.776466814341077,19.466754121281376,11.608452970366272,39.0,2.3309863232143115
71.8489395594405,-0.4364968321746053,9.388744041207167,0.3333333333333333,4.9714658455680985,0.48447508982816284,19.453797685795976,3.3611892471249116,0.3706256688248886,0.11427565789442251,9.610950544580405,0.005317510468616079,0.015622849219585783,0.4609824983419968,78.5922031444775,0.49163579778373245,9.572475692964609,15.0,4.980728456099319,0.5166992129712561,20.841892896324616,19.49925711851997,11.579451682271083,39.0,2.1583487832921833
71.310873153797,-0.42240055322307696,9.352506231822526,0.64,4.968105932953706,0.48299323344387046,19.547574324937656,3.4440934236452065,0.357604363300429,0.1426543804579379,9.13840248621169,0.005616127649049786,0.01728687579600877,0.4787515954314277,80.33587897484614,0.5152085175271394,9.651340611674312,14.0,4.98146922279369,0.5139719331626464,20.367708101338586,19.491968366617748,11.546039817997508,39.0,1.7460527810088848
72.31658671122777,-0.47501325628729557,9.3487233627931,1.3076923076923077,4.970816484564154,0.4789696549192172,19.485400240062095,2.8783869534001294,0.3417320116640811,0.15113777037874265,8.908808220257379,0.005650278421860627,0.019175121895318965,0.5686808483140975,78.67848099763034,0.41826269456142307,9.65697865823522,15.0,4.982609694638183,0.5283998106058434,20.82473638136546,19.528423222425236,11.53324843073599,39.0,2.3624443991165336
72.37212512706978,-0.5280013811811899,9.35876104761413,2.12,4.96822034240441,0.48097674635261584,19.48569971028796,3.14565256297305,0.33883334654727293,0.1675848801333102,9.754260607549915,0.006264557725998502,0.019950127122010636,0.549247248081214,78.71939025669704,0.09395562960394721,9.726944742744095,15.0,4.979859464448304,0.515267728067996,20.41223040846325,19.539329997381664,11.546606958632248,39.0,2.1693936161633474
72.50482900859966,-0.49481742641270277,9.365060041449428,-2.8846153846153846,4.971654796904185,0.48432529214734793,19.43309830392147,2.99520772699704,0.3216898863314362,0.13493524613260435,10.746473207082058,0.006203945101854847,0.016022647393899695,0.3917063367199635,81.33853480905844,0.0215670453817991,9.724429441205048,15.0,4.984135203802226,0.5154254733278943,20.1067369001935,19.48649586785399,11.512611899217873,39.0,1.6147202715483395
71.45865286994658,-0.4154595731972392,9.350303492548699,0.32,4.97054540677505,0.4806939607019375,19.350812192042703,2.58305294593801,0.28865809560360467,0.13241881112837595,9.306857686673842,0.0071085110910307885,0.017274988698389965,0.4513982029515519,77.18941798919602,0.14373639424774143,9.634102330047702,15.0,4.982757666170885,0.5258092449477285,20.375183825343505,19.523021479349712,11.51959430285498,39.0,1.7452456847589062
72.31056495643747,-0.6108448510051595,9.404902446548945,0.3333333333333333,4.968598974269274,0.49212653589461547,19.564064314228137,2.805402786700054,0.41097016042141266,0.12773867392125005,10.66796867053684,0.005493591613046607,0.013474350311090488,0.4472307765475755,78.18588230057878,0.1343208996680707,9.675326626537256,15.0,4.978168640857307,0.5180724838063555,20.765787891585944,19.552486979843255,11.573071094902483,39.0,2.27221090541806
72.49640867950336,-0.5988434771574894,9.395835743901934,-2.72,4.9696078195409505,0.4842164903689745,19.454523643556282,2.011108100165282,0.34743469228131446,0.15395152559152578,9.962007829749986,0.007429286931120992,0.018234620204952028,0.4579936944977304,76.47309509314974,0.03816073323421709,9.74260344256423,14.0,4.981330211972647,0.5216680009427807,20.546983761916103,19.418023502772577,11.524722764939892,39.0,2.0958777479878954
72.7276090078432,-0.4056565336334825,9.402396348528187,0.36,4.970994163467199,0.48913130997598125,19.519730795887803,3.1787601344587504,0.34156972337208796,0.13357634227829768,10.372579235657833,0.005522209501543471,0.016304263328884017,0.42345557312303733,78.36644914198598,0.1821436161645852,9.70641519184494,15.0,4.980677201395864,0.5144292564733679,20.56966343884462,19.487341310229013,11.557025277287964,39.0,2.0736496050793676
71.8935747063612,-0.5461555343447094,9.350864324877307,1.0,4.969213623069308,0.4819121673988032,19.61181479615553,3.0123540534550255,0.32283693486194104,0.11242281727021514,9.251126057585278,0.007457000342496264,0.014543990739075176,0.41249809735170223,76.72837606187592,0.03415913274032234,9.576034540105514,15.0,4.980489622182086,0.5123230289478916,20.474259702065808,19.55557021402287,11.591309362119285,39.0,1.6500919555224982
72.17887891214546,-0.6372401987222407,9.38254520444632,1.0434782608695652,4.968955143729599,0.48351512788205936,19.407898713509052,1.971693918766256,0.3873084611160047,0.17858066740131961,9.901595220049208,0.007079078841539333,0.020879094178270566,0.464378859797776,76.05537019090467,0.11606754638434502,9.658203831433573,15.0,4.980765039084954,0.5164714161982733,20.268241816341362,19.45184101120833,11.506568271634674,39.0,1.5922225903095288
72.55332726218673,-0.4519548530889018,9.42842882400735,0.6086956521739131,4.970386048163656,0.4898675411531893,19.46104779824905,2.7895649157655384,0.2816444888116794,0.14504295569074985,10.290304133904009,0.004777751773111459,0.02199267203682686,0.5705823533684474,78.9711004023323,0.030792141445268095,9.73905944184866,15.0,4.976064631834882,0.5385328087298805,20.86217086511825,19.431127819981704,11.559166604441645,39.0,2.3217797672278877
72.68907806476172,-0.47760996539704315,9.400285015988667,-1.4583333333333333,4.969268505471674,0.4856336647580696,19.374435068463267,2.8823258338504787,0.37766014364320455,0.13048824642160778,9.69956685745411,0.006981884104313853,0.016302223250652437,0.473008425596874,78.62260345648966,0.5200857739715488,9.666293441886683,15.0,4.986657358243939,0.5272856449347124,20.20820661663283,19.425851416412158,11.55250690371715,39.0,1.880358895920054
71.70037771341235,-0.4698611263565897,9.379797025180585,4.5,4.96861203901497,0.4848406348805229,19.403720220330726,3.3439359337449694,0.23118354281002343,0.17937916176413687,8.770214744615247,0.007062443355192442,0.021219887579069594,0.5116900586807358,78.89876834289466,-0.12272763981735546,9.591677904479683,15.0,4.9817630773070345,0.5248012907020263,20.296788967109748,19.383742539281695,11.572367553387888,39.0,1.7594248794796385
73.36480475533831,-0.5139441657759766,9.356050419428096,-1.8518518518518519,4.970118829468904,0.4787541648577598,19.68300421223168,3.0360712381851425,0.354620384417693,0.12695667976027578,9.808173853904838,0.006075814981481704,0.01792172102004916,0.374183543855638,81.24195614383102,0.10619648569125184,9.566181171759045,15.0,4.980472377768187,0.5143766907576736,20.41202580048113,19.51714588758297,11.531474675529369,39.0,1.4567994133577464
72.47127879348194,-0.5393118428065852,9.356960185552646,1.391304347826087,4.9697800558780605,0.4795470579334281,19.27087532833662,2.6308124447927135,0.3759065722510813,0.13662593132782497,7.938563720903842,0.005911621468771149,0.019460702437062723,0.4713278391137917,78.72148022033329,0.0667563901223317,9.657337708119051,13.0,4.984282009714828,0.5252037086024555,20.27714452722953,19.36010111535351,11.52390587549765,39.0,1.7004668381574675
72.14191477942789,-0.4718068904273284,9.364450672281134,2.5925925925925926,4.971121460941631,0.4814965911897496,19.415886459095695,2.6485911845614485,0.27368223711282796,0.195812096328067,9.726859564225617,0.005837185127154548,0.01885289269623186,0.4857467424763895,77.44392860195136,-0.05031525671940473,9.764125075210758,15.0,4.981131531142747,0.5225349422646981,20.49348062467459,19.423630792849686,11.562219121392403,39.0,1.9513141657409179
73.06304580711179,-0.6273422429736379,9.369439264925045,-4.2,4.968850259693056,0.48132012001741037,19.615446902675988,2.0347889026480575,0.364107388586993,0.14706515358644517,8.872429205127535,0.005400933156059962,0.01757950093655342,0.5990143993480339,77.7302809009015,0.5954116977220079,9.654343479299715,15.0,4.979498955047358,0.5111278461646402,20.52024587059888,19.607196438458544,11.608409847323323,39.0,2.1047061848097144
72.80384712182375,-0.6103840420640376,9.30876609335269,-1.5769230769230769,4.971099801994176,0.4766088789244251,19.625986214914516,3.034200586340882,0.283211496269097,0.12781120814440936,8.526759132388761,0.005324933686884549,0.018927608666145655,0.41223348117587416,78.93577029571111,0.3092386136172306,9.55899852600345,13.0,4.979971271866678,0.5206651496409069,20.49069462898842,19.5564800531499,11.550414196407328,39.0,1.564700451897206
72.20459220570794,-0.659535853122441,9.361666793555498,0.09090909090909091,4.969434347088457,0.48577490709005017,19.520274199633796,3.159281777203743,0.3009803049092123,0.16535187472572013,9.34154499052043,0.005933447755733842,0.0192792287237625,0.4529185382906747,78.37218579903636,-0.004014845703332104,9.619431555932525,13.0,4.980349423708169,0.5153158307856469,20.225997384954606,19.539513341752553,11.553773747461968,39.0,1.8114954980544589
72.05788098659053,-0.400686595445803,9.420956191776098,3.28,4.967665128078723,0.48980349538203954,19.435022264411636,2.9639101898082707,0.3252714749726203,0.16436766784250353,9.647880596276053,0.00828787866526599,0.01629728921077908,0.3736107208607362,79.67884623119946,0.35987350156232034,9.782952768061183,15.0,4.984496952285863,0.5271859445074419,19.9091828230543,19.510248650245316,11.51038244503486,39.0,1.4238295922563182
71.32707448187385,-0.6572017493858647,9.365637924163961,-0.6538461538461539,4.968075749691621,0.4850297780451879,19.508030254447988,2.8929523457411026,0.4676252499263413,0.1267637376629883,9.03813420029185,0.006418478279537043,0.014233505919237409,0.45889196841865143,79.64731104522001,0.5707163155724868,9.607236122868127,14.0,4.9801594991869145,0.5161121251754386,20.575868222955627,19.443492455865524,11.548705785409608,39.0,1.7869918520992378
73.57768793980514,-0.3998856260788535,9.303801657598708,2.0,4.9678528135194515,0.4767205826739021,19.55687021950981,2.6326246426211806,0.3785193626424536,0.1841170590555318,8.5463442476886,0.005798208166119383,0.02227894618696325,0.49768648477233496,77.60013460433066,0.2970792488137337,9.742629124037535,15.0,4.979063972585475,0.5243229629998645,20.48043502074497,19.47660132774759,11.565970875440941,39.0,1.587547673736296
72.52801204794419,-0.5243119944901953,9.387831289306467,-1.0,4.968045843162124,0.48304003025737696,19.479513919494906,2.7411339931871104,0.32141997431656827,0.1850987691063298,9.464847243000456,0.006949237049121731,0.02224804822700615,0.4108181566076869,79.52750063445502,0.17733220917159143,9.644668322758681,15.0,4.978124218140594,0.5173878102895481,20.29573060829661,19.412212712691925,11.502598888695413,39.0,1.7545949242419
71.97100365893216,-0.4106029779562894,9.307076152734698,-0.13636363636363635,4.969656842871297,0.4763827342829383,19.4504486678306,2.6463187496960496,0.4509207802058159,0.14182620041868388,8.27534923484669,0.005846520798541351,0.019202782238802684,0.41125309316444386,78.18399025991921,0.6208716147872095,9.554061222158118,14.0,4.981397654821215,0.50603852936675,20.12036047162274,19.43996284258335,11.567060617053748,39.0,1.594797515396131
71.420533094184,-0.4819355186489601,9.38744531236194,-1.3076923076923077,4.970520246528304,0.48648852218848304,19.529277189097996,3.2538542818496694,0.3764004429526126,0.12122152865592437,9.55457695706107,0.005262334433044456,0.016378912438926606,0.36360353759595854,78.67340241967447,0.24883212858918047,9.655151505252343,15.0,4.9801967554015025,0.513694697792099,20.224022288235517,19.51659954395433,11.499104919185438,39.0,1.3939498485340955
72.06183337212985,-0.5586903763086062,9.378493885579509,-2.4782608695652173,4.9695929383342,0.483555879760873,19.48565187286313,2.4958078621028923,0.3933363683886164,0.1375902403079599,9.955857202049417,0.004622149388344113,0.015918356334466057,0.41944819032250286,77.35910757511624,0.3936218009759973,9.642979724277112,15.0,4.978014081922086,0.5160153616161189,20.451752006614946,19.486382352541817,11.49835712707848,39.0,1.5990640423633877
72.61262624251812,-0.3895628039163105,9.361007334844805,1.5909090909090908,4.967692347162618,0.4801980222661921,19.460316453629243,2.7234695069100026,0.2717112208867361,0.11509618134281774,9.537767467518949,0.0071682132544044945,0.015226063145249914,0.48423301430337784,78.79259162815659,0.18467406868718117,9.530253180104298,15.0,4.9794505382318714,0.5044246136609442,20.550945790457114,19.373136024666614,11.532922535116604,39.0,2.0107679087640733
71.70929073647982,-0.4920802305631855,9.371230284421754,0.08333333333333333,4.967338249030294,0.48324954711560325,19.453875147620867,3.11363039040015,0.28021474347541286,0.1453955773298883,9.424775269940865,0.006647073097468907,0.016614113059110158,0.4186286574328923,79.85761701468253,-0.12443813419679794,9.75176870657746,15.0,4.978655453556874,0.520332538987585,20.554741719892696,19.404594231012826,11.597613751264253,39.0,1.8454213199728855
72.6242742956447,-0.4310414048785978,9.385134814884324,3.0,4.970338182369583,0.4820722468742154,19.43868874816934,2.9586673741069416,0.43608604099016085,0.16003928851776245,8.660254037844387,0.005065008257891717,0.022462097444522586,0.47837952476594914,80.03337377061894,0.38087243995316444,9.776614834407438,14.0,4.978296372244389,0.5319358317970277,20.24170693076173,19.48112826755755,11.48603151759828,39.0,1.4137030901224357
72.2688083192224,-0.480589042768466,9.32917032446906,1.2083333333333333,4.970384134022319,0.47750068063066586,19.346446212842558,3.12100882985671,0.2780742502681695,0.16829122235808774,8.22080271154966,0.005243299875522446,0.01868446051670152,0.4891640097298508,81.1617061226722,0.08223068061745487,9.631220629622156,14.0,4.980480952143009,0.5119706445422133,20.228591449555342,19.42576604702927,11.536748185060725,39.0,1.7061290979439185
71.80816225964584,-0.5401967843553274,9.389968309043287,1.6521739130434783,4.969817361960085,0.4870045986249478,19.37377350488025,2.805981968817456,0.3224519205138422,0.17761766288765424,10.02869229696203,0.005932592512617517,0.018596298181347247,0.37532614979440154,75.78378312526165,0.1221456227776585,9.618770141343006,14.0,4.978539160944164,0.5180263088347205,19.97018253043288,19.439202165137488,11.546215328835425,39.0,1.2453499997626238
71.54609623354627,-0.5269667006153712,9.360203177263287,-3.4347826086956523,4.968809318558094,0.4855283895195438,19.61620391643296,2.8173134307510406,0.26662484895967625,0.2005375896360472,9.380025433156035,0.00714638851080327,0.025497893430740035,0.3267770255635203,76.41853558175909,0.2287631768785614,9.66143891864775,14.0,4.982631445910666,0.5265641759888076,20.21742403090606,19.558050005413683,11.513222583349888,39.0,1.2979171821607665
71.73972428299342,-0.42554128187122175,9.419468686964013,-2.5384615384615383,4.9706277882894065,0.4898292048114797,19.509792692800275,2.2733291300183827,0.45937705325388156,0.16492384327090484,11.191448552804019,0.007160188794210798,0.020382594253936046,0.4308758077181539,77.50013672532717,0.28406815707368305,9.708616197779923,15.0,4.978937189501005,0.5355623976841718,20.414998180983588,19.543971676610056,11.497483037842912,39.0,2.0570715419779084
72.93764862771111,-0.461602394300953,9.406898533660765,-1.56,4.96864751696423,0.48793299276668445,19.55870623111541,2.8216720535962203,0.3040733481274284,0.14983466568590806,10.881470488863167,0.007898770079493233,0.01711095228235538,0.4433870090436569,77.47532548151898,0.11584546152561592,9.69088343440161,15.0,4.982147068049654,0.5333261049308261,20.40737805143825,19.560259627825527,11.547108182186347,39.0,1.7476919585908135
72.78322205439653,-0.6273409872860035,9.374269938348114,-1.1538461538461537,4.967897363863419,0.4859098994392793,19.441845194523903,3.503432082548655,0.2835884540941835,0.16415187278127877,9.662346854960347,0.0076460228351497,0.02008689486102843,0.4493692169810336,78.87025867497957,-0.11467189135151212,9.79809149898744,15.0,4.980056592702893,0.5356261425073502,20.368848916854702,19.487711313533055,11.551586363515073,39.0,1.7948956495719202
72.54657228675731,-0.6561361762670451,9.411390653981274,-4.7407407407407405,4.970250444480451,0.4890833534377868,19.445468826464694,3.2970143753389167,0.29729605801108383,0.15010500850266614,8.271291683768009,0.00635499388161486,0.01803676781812408,0.3876229470435456,78.94224675380346,-0.16513123273755137,9.684194087565041,12.0,4.983364614502575,0.5234519683383616,20.241787100004665,19.528950025346628,11.589021840508899,39.0,1.514229458238482
72.43397922860457,-0.6045021384356449,9.297249877144385,-3.375,4.9700262561559425,0.47676201481361247,19.34473813159892,2.397714652813876,0.4482465088084198,0.13998086552932026,8.802520945729126,0.00481007872865743,0.01793819598749375,0.4941829951706065,76.05152108155387,0.5086489125732927,9.586082794805392,15.0,4.977834344482075,0.5063469402148614,20.432691650158834,19.37203765084858,11.529210621346365,39.0,1.8357685188273614
71.64684406368069,-0.42211437974498073,9.357930531912771,0.5217391304347826,4.96857647700713,0.48690815436063284,19.482654652240104,2.9012857875969225,0.41940260906797433,0.12262295167007375,9.42185048388281,0.006431676951069234,0.012959020379886804,0.449177792653177,77.1803120270666,0.5575184586383155,9.574963107410248,14.0,4.979286716105561,0.5207391090615299,20.342316013096635,19.45492340061323,11.552367964861055,39.0,1.5706985580150565
71.79363428151358,-0.40395978680634237,9.305247945566197,1.7692307692307692,4.968291146701105,0.4774686409399299,19.57514886552098,2.6635246387851543,0.3005800914491923,0.16344823883170165,8.044624064016972,0.00660706745475404,0.021626513578544025,0.46147434297891166,77.69720156059608,0.13427535139270563,9.660195365259142,14.0,4.981721324463933,0.5206418848826143,20.51938689412774,19.51744701318848,11.556698418747807,39.0,1.9832953550811823
72.06448748914919,-0.4917313896612019,9.401677483755563,0.46153846153846156,4.970456104639359,0.48892103429994616,19.524082453117742,2.638878580215023,0.306545232932432,0.15938198160603437,9.802789121276302,0.005560171512930457,0.01773450850018881,0.44120924587143556,77.83554530354047,0.09962730744125636,9.775141097834736,14.0,4.9808074247493455,0.5195319971495453,20.34366283192791,19.512283300841418,11.551908418185805,39.0,1.6180995066050663
71.88996698015215,-0.4565253547963401,9.350866397594137,0.3333333333333333,4.969720843850575,0.48171821137539167,19.587622912212204,2.317182940526422,0.3564566416256201,0.1700000411107341,9.529194905948536,0.007324970494162463,0.018819393710875966,0.4959943240013928,77.63379762401334,0.05888457406153136,9.647853475964054,14.0,4.987152126300732,0.5108153521036327,21.018258248918144,19.521721760215577,11.530721718854704,39.0,2.128364255194125
71.88433174715534,-0.54809919810189,9.374833411751037,-2.4615384615384617,4.971548797204713,0.4834782126249587,19.592971132776963,2.711542125432081,0.2715575358766065,0.16488203920415767,9.532256045944411,0.005079612132635841,0.015188530596711807,0.46012760351023363,77.61509909360049,0.0075091708795806955,9.766172468488026,15.0,4.978611253607696,0.5126824678514887,20.355180037904752,19.56024384355927,11.54614770947372,39.0,1.634920651236751
73.20555181498868,-0.5418438753859397,9.309072683213204,-3.9130434782608696,4.968701074288018,0.47888752986603544,19.580887745648738,2.871547361922506,0.3591841243927878,0.16110094020590543,8.865728070243355,0.007007469152786969,0.01784125074014138,0.3343010956017317,80.08728157048307,0.11775821494011351,9.605683867073914,12.0,4.981279412446272,0.5172646139355066,20.28992734754378,19.61721114197014,11.50248048891162,39.0,1.3811211569880086
72.26152894752009,-0.5377697647740308,9.364863324254983,-0.75,4.970054530818928,0.48063572913784885,19.39548147529395,2.8884663018056727,0.3985520958114384,0.1580381625074795,9.439500339883816,0.007066086214087455,0.019942700658759346,0.2774030611190741,77.4785041963024,0.1770072451644049,9.792419264017761,14.0,4.98283473930556,0.5288463921772198,19.95301586206454,19.439785141606766,11.51759404239587,39.0,1.0974222684741086
71.64890821835806,-0.43131205858365756,9.426658241739869,-0.7777777777777778,4.968077863934062,0.49075033246401645,19.54858118879031,2.3813130058540843,0.2591421229851188,0.1598929382492366,9.696632990787304,0.007625317924101522,0.016597104309285928,0.43943177750800955,75.71271634791096,0.1974523156376855,9.744019008504253,14.0,4.983255620250808,0.5207711810373169,20.30095151175984,19.552414554375993,11.53253244384244,39.0,1.8849450459387036
72.19113858347586,-0.6651666905589388,9.343333663082035,-2.9615384615384617,4.9721788297527825,0.4843279478867118,19.367185368217807,3.4003478372127947,0.3113442939055626,0.15658178548442253,10.02489504733387,0.004580461880399415,0.01840568803172575,0.5399093096552537,79.3095758753363,-0.07379197092203249,9.644544092414883,15.0,4.982566562997284,0.5137751110416131,20.421493186770917,19.462845101859777,11.550635437863445,39.0,2.0699105861111136
72.85624759929075,-0.536069104607574,9.35892680645989,-1.56,4.969908738078969,0.4823537771952644,19.468578652597188,3.0671728756951095,0.35415871544237604,0.1579116076012471,8.598046289710238,0.005112004922056061,0.0185906109767676,0.5002955666326514,80.25514229648368,0.13059568575738634,9.638615946131091,15.0,4.978923705933469,0.5127272356312672,20.394732339071197,19.468623809660343,11.54667943591156,39.0,1.7801836940698976
71.0632707103572,-0.6163223479941405,9.39852799738432,-1.3846153846153846,4.969290351996273,0.4836729387590787,19.533714691808367,2.4879881280386433,0.3496793355899734,0.16173814804808925,9.663877717788997,0.004982987113184501,0.019923131165844633,0.3922812196530473,74.81590856327799,-0.07034365855768843,9.740534254883611,14.0,4.9782022429304345,0.5283980967592968,20.351727722234827,19.536567602050663,11.538570932195272,39.0,1.6378905067321128
72.38797014780948,-0.5368908190354328,9.349883575432518,0.391304347826087,4.9698778946543545,0.4796418133817693,19.436194936636447,2.748406136550695,0.3856876496539491,0.13074953795072503,9.631195376776096,0.008502154451528224,0.017610301139457964,0.4033121241030942,77.89200945721785,0.5136151065911124,9.656006312381681,15.0,4.980894511689318,0.5180497309813487,20.23417282477414,19.448102814085733,11.517250936419284,39.0,1.5681132524794208
70.70960876761256,-0.4310663625896588,9.423591185802287,-0.36363636363636365,4.967596063425248,0.49184801170476217,19.64145325955911,2.6572483520434207,0.3306522291843631,0.19907839987273288,9.707286178880155,0.008526682824499166,0.023426267829823225,0.42963779484410175,74.40286705389296,0.41985714190461065,9.859632590757506,13.0,4.983910543552457,0.5484820246290195,20.309614628945326,19.65713699547475,11.54665776906709,39.0,1.5945939297554403
71.77276799631329,-0.5518027284101217,9.371284203548816,0.96,4.968919701447161,0.4838425815031167,19.559230970541833,3.229124778706345,0.3412315192124168,0.12462296089907915,8.719999999999999,0.007618921540324957,0.015817044583280485,0.38607575389022303,79.46347494975157,0.03270263258512518,9.637250026546994,15.0,4.987114978763684,0.5209985126646892,20.476734393107154,19.464506684437268,11.571388067757407,39.0,1.546149976425781
72.89550341514088,-0.5609315426357369,9.418475839654642,-4.5,4.9687116525870385,0.4864810757744325,19.614668306881303,2.6815166762665945,0.3115128012155959,0.13230035896317208,9.264628073124864,0.00759112509611624,0.018283793746236992,0.45288407777842615,79.34770142061684,0.06921753163932642,9.684155494000626,12.0,4.980937246587374,0.5214398229239425,20.753805697488,19.597841952203098,11.53369342200568,39.0,2.004378953640181
72.63036631800303,-0.48658158401669865,9.39383637670076,0.6666666666666666,4.969233708456405,0.49007505582026506,19.563415409902117,2.6136606173460692,0.42594440308034454,0.17246509224603884,9.74536927069581,0.006413419316920589,0.022318684236323254,0.31758493497815077,77.33528666570923,0.3457825004628776,9.723828576939487,15.0,4.975839767941137,0.5394821055453786,20.233666596996713,19.504374502065286,11.565834875303095,39.0,1.2866308387598124
72.60764045812391,-0.3969627530003227,9.346720145081783,1.7692307692307692,4.968055653795436,0.4833994387241429,19.574984500246742,2.460974808181399,0.4153066020456868,0.18557340202666367,9.41483155741184,0.007156779429060741,0.019791290306727227,0.5189243472188507,77.31001655403972,0.5020657867474845,9.659140849277321,14.0,4.978563381014206,0.5236563636936575,20.317518763311398,19.496730632186114,11.556206084041373,39.0,2.072264826230729
71.58142391217366,-0.6037667123283696,9.408013113959472,-4.04,4.969300476896037,0.49040565264606834,19.56299908042277,2.3835672734030933,0.30533862869973377,0.12206904822738683,10.599924528033206,0.007877138892976993,0.014951725580271217,0.4706393371119516,77.60582972197072,-0.10384572897274769,9.675454021618172,14.0,4.984721772859708,0.5182358440781036,20.356422961611692,19.54169896469659,11.516798508397597,39.0,1.9508069536941228
71.63127480894372,-0.5251006907396973,9.375938448079022,0.25,4.970231172054127,0.4846892330277128,19.370032646857464,2.458738262645997,0.3173070671236457,0.12655027847064299,9.735031244599748,0.004484848387157403,0.013496364006720841,0.4867883728344878,78.28268236208328,0.03685850114913791,9.685913029834103,14.0,4.97948627929912,0.5209362422340332,20.68461863099847,19.448993338666153,11.531263662271988,39.0,2.156355565698316
71.99381974709296,-0.5526786749265192,9.384155912702107,-2.8333333333333335,4.967566134913582,0.4857425083428193,19.442238460031433,2.7080992249706757,0.3668701529911626,0.1614732120747832,8.513061859414755,0.007796730355107254,0.021416477265685522,0.374711494852189,77.55043589944916,0.20792615264537884,9.593544974941313,13.0,4.983559051383478,0.516734735419553,20.257794070510364,19.473045070611455,11.546729193530224,39.0,1.4781329611665512
72.30588608957531,-0.5563996180016546,9.384167774526258,0.04,4.969126871679033,0.48617210120766186,19.466065416169638,2.743051693126124,0.32000378518358413,0.13694696557099303,9.775397690119826,0.006571140685562076,0.02100694487614765,0.523346690719736,78.40479093939034,0.02506018802339116,9.610341546111055,15.0,4.981654187075668,0.5287064808670437,20.710223965811245,19.53462197011543,11.548660229686789,39.0,2.1990615296336884
71.59478626338904,-0.49889354103254147,9.351787111353678,-1.9615384615384615,4.967312685847232,0.4803939167032263,19.585352569480452,3.4038245981637947,0.38985818645190917,0.20602161866819463,8.967808965022398,0.005229681401841676,0.023280101140512852,0.33132784601198484,81.21630324279661,0.30753079172617803,9.88626115022122,15.0,4.974424030014613,0.5200169171644734,20.159045364835244,19.53082186621176,11.561251112982127,39.0,1.28666916574101
72.43281381140199,-0.5572420729070108,9.373988082993291,-3.217391304347826,4.9704713357196395,0.4867690376983581,19.367055961090653,3.31911782470693,0.29392337300407795,0.17138478110679412,8.732530495044431,0.004553546192435154,0.01823688615058561,0.5652057866471853,80.81459746915169,0.02102635571428646,9.61229834281058,15.0,4.980424241851365,0.5205194796949683,20.465859081331914,19.486085331559494,11.596123983886535,39.0,2.0982562966756255
71.83055642542581,-0.5372850842325906,9.386227787198544,-0.4230769230769231,4.969522000408906,0.4859016881893685,19.493829279874095,3.726220405908661,0.33554736777338035,0.13442290791980807,8.558275693166042,0.007072954904201368,0.01885060094890812,0.5772688872258139,79.73584042043574,0.08121938500637205,9.666388758439023,14.0,4.982244179185949,0.5269236752385484,20.823558880075524,19.52916184170582,11.51704745454963,39.0,2.6995806995154794
72.18277351673065,-0.490617628710471,9.377524555131737,0.0,4.968859815173332,0.4867468351534231,19.71141880130456,3.6234021107254906,0.2990764775519385,0.17263314984056863,9.844951849708403,0.005848893514300141,0.021314824911282514,0.45899309655083415,79.41358707827365,0.1600169413899175,9.698571293622493,15.0,4.982155559885559,0.5273083975513044,20.773851407700985,19.64848512856718,11.551491581679615,39.0,1.9958814705795724
71.10680236841372,-0.44715063045183745,9.315888690277049,-0.04,4.969036759091648,0.4800668403469522,19.549957518948453,2.8136216221614596,0.45613642694738055,0.13915017291064902,9.404169288140233,0.005712676817319601,0.015382183987692739,0.44366183261994363,76.61690909567024,0.17617643447942133,9.58510474460933,14.0,4.976459173985713,0.5196896755071301,20.664086755635847,19.523342254274624,11.55414888502096,39.0,1.8059588356780019
71.97904033501136,-0.5624846996466556,9.354002686128972,-1.6666666666666667,4.969430875573308,0.48337493214796795,19.408380238083655,2.957548437433675,0.368340004635358,0.13738716752810423,9.222556888171281,0.0068823298903664,0.015124324691551012,0.46117419533857396,76.8344061790277,0.21130249541176993,9.620441539683704,14.0,4.979749865212639,0.5064740346860538,20.435913170181085,19.374652422070643,11.539993420441167,39.0,2.093906268812937
72.68213487324147,-0.36705607360215003,9.36396661853648,0.4,4.972023885455265,0.4864733198719727,19.57407638800031,2.728909297442494,0.3233359634469451,0.12870416532375178,10.533755265810955,0.005531197605016933,0.015807973013530832,0.3728641768762193,78.72184335954006,0.2874657355442811,9.635378865799177,15.0,4.98213209205217,0.5120827997252534,20.17726678067173,19.495406981445985,11.567697529003338,39.0,1.3671741638568946
71.82809654933486,-0.5803268294730151,9.338258748156619,1.0869565217391304,4.968502549288102,0.4800599813585902,19.469435036753843,3.0680937142339,0.29779743707752054,0.18719409398747203,9.011649675152428,0.007915630902381475,0.021826579651282645,0.4550949511877349,78.72331005563012,-0.009655211086397553,9.84242023712118,15.0,4.983911402354742,0.5194974740312887,20.21698766377252,19.469413598912386,11.520188839414123,39.0,1.7431190808625594
72.03823727966565,-0.43665328273767995,9.324926083914793,-0.76,4.971791287287051,0.4793425216428608,19.354811566548328,2.06135739339583,0.3479471207721201,0.14188769710619265,8.967853700858416,0.00454023257796652,0.017837444348654093,0.46597984718694446,75.18799732916861,0.037764512648236215,9.698434670207265,12.0,4.978039839135938,0.513376174924782,20.20615270474745,19.400128619782315,11.500700048035698,39.0,1.6808352968897182
72.66810270616055,-0.5638371579442732,9.348566399094155,-2.5,4.969727830054385,0.4847574419700849,19.406852517803845,3.313028175209598,0.2742403075267309,0.18019428944877802,9.763550741247935,0.006888774582412934,0.02181553295412599,0.45682479199393317,79.04327027545536,0.1137832294251706,9.824730173258954,13.0,4.9780236549335015,0.5397650424823677,20.226196608294327,19.452747763020994,11.537391438262755,39.0,2.202507751044866
71.85097036070732,-0.5164599918798738,9.354371119072827,1.0454545454545454,4.971052335157737,0.4802152361910174,19.475530595150666,2.1606843381665035,0.24512159204820283,0.12278196204652292,8.546542483937705,0.006287712487667747,0.013851891651170388,0.4697632587230202,77.10304882200667,-0.02846791299273721,9.613603519184817,15.0,4.984394972814846,0.5174123163181896,20.504474790129777,19.470178876873142,11.535245280929738,39.0,2.111821562089048
70.53499993832442,-0.549093422512723,9.394995917322701,-2.44,4.967992568691359,0.48414617261354403,19.460716117132005,2.5328615189808357,0.29464138800633544,0.16609308595109465,9.508228015776652,0.0058122566380468645,0.020046165378899323,0.4630616355784188,74.31758159862699,-0.06480337169815176,9.66605439864223,15.0,4.979284505344224,0.5171671975461305,20.509988079641786,19.479292079475165,11.5403699021603,39.0,1.9499921904908106
71.76535048130182,-0.4287822672404787,9.389072126316526,0.6296296296296297,4.967454280599425,0.4857379145197958,19.5008488005446,2.4558564246498165,0.34256387257873055,0.1570250435906321,9.357698942178864,0.007252528131732645,0.0208109463791986,0.48139977530332856,77.481335190989,0.39940231394434833,9.674460208373992,14.0,4.980330534079599,0.5249439595466953,20.58262462482207,19.476183116038843,11.50660045396235,39.0,2.0959832392277207
71.70991331923621,-0.5177442614382879,9.428138675229073,-3.9130434782608696,4.967906732555017,0.4907324813674716,19.50562298319542,3.393583254988799,0.325891766302605,0.1866292831417773,8.319244549096682,0.007171215318489038,0.02140831981365919,0.41509212981242893,79.4579887542856,0.2518524699866136,9.789267264957173,12.0,4.981704628579773,0.5379502295980085,20.46776108987639,19.54428808413939,11.551470798081244,39.0,1.5365531369522358
71.65338664813133,-0.5815630663525908,9.402082499646351,-2.739130434782609,4.968477672182468,0.48665440370466584,19.38693310986994,2.009250336959852,0.2907743141272141,0.15953097365733868,7.803106356386136,0.0061251785827728345,0.02044242739811851,0.602461504687752,76.24705859230465,0.17900522814167408,9.7323104366177,14.0,4.976418256811792,0.5289636799396734,20.462427682195745,19.476801201521337,11.501568263342412,39.0,2.405321360209026
73.43960256910657,-0.5620045757524662,9.343901239723676,-3.8518518518518516,4.968925789117124,0.4789144053929072,19.542887628878518,2.9947599539358984,0.31074611609761776,0.12689594023214482,8.462132222781083,0.006879247464102619,0.018249520605221056,0.38752156311258323,80.78905415241078,0.15145230557233114,9.712696943566907,13.0,4.977808040219676,0.5236454050590176,20.363438295546832,19.511937201963043,11.52497162680871,39.0,1.5488298806641119
72.40850760738188,-0.5862403913218578,9.346903981222546,-2.5185185185185186,4.9682406042833795,0.48436856684755725,19.483040283063247,2.8767074814196176,0.3146766570574045,0.14859158252349156,7.931981072288217,0.007008999839945055,0.017003331220904427,0.36665622225819605,79.03800715235076,0.16120241551610204,9.778323640084933,12.0,4.977651124989122,0.5397990819359572,20.24578783345246,19.44673439264337,11.549083831340077,39.0,1.5453375465618677
72.6440891489758,-0.6396888408998697,9.335505011649946,-2.9615384615384617,4.968451539562788,0.4824276530640453,19.463257579464944,2.7004361177772185,0.3224314873427732,0.13264351117522238,7.577703981625048,0.006878116465901068,0.014584881687740203,0.5002199870795762,79.78016994943852,0.1480977119271223,9.702941874601983,9.0,4.978192683827897,0.5263731475683541,20.457602259510676,19.530803088084802,11.519059349561038,39.0,1.8707977268014169
72.94999624320856,-0.4589193729745948,9.373470780030619,0.28,4.970857003304719,0.4823093536062874,19.470972416327832,2.623987734255323,0.2852515367906617,0.10834052562830528,9.467924799025392,0.005201874016382625,0.014593531441653438,0.3898710351995494,79.32580342639312,0.002418585912922877,9.550966593896332,14.0,4.979282623657701,0.5085077161653215,20.626116093609706,19.568216050978968,11.559416135765847,39.0,1.7747094395782703
71.57443406037329,-0.37098035591821366,9.369741881022298,0.18181818181818182,4.969831457764892,0.4822331496641165,19.57508691663415,3.7719531861843527,0.3374873118730655,0.13549403317880443,9.94821301283604,0.004752549384905592,0.01592900613180632,0.4166256818551992,76.2697001703607,0.4290792304242623,9.739771911341897,15.0,4.980356691718367,0.5150428955536918,20.35646234485722,19.536493658627045,11.479009053624653,39.0,1.8152962531141519
71.666183946025,-0.5842571736437189,9.319614704296626,-3.5925925925925926,4.967824078247628,0.47725215842056284,19.52231675441823,2.3780696168329833,0.29517749798169407,0.17668132461907432,8.490776081351388,0.005317465544155709,0.0199153099199985,0.4116527485976418,77.84246288770996,-0.11271016155083169,9.627547599364494,13.0,4.975596835245108,0.5096852722960216,20.382047180422873,19.52878207130371,11.545314703386266,39.0,1.8258223283237882
71.7216006736065,-0.5150690545433906,9.33954430447327,-1.7391304347826086,4.970923836621479,0.48036753539143723,19.524520753264333,2.2985846918941277,0.262983675003576,0.12741338202187197,9.474071670958851,0.004998685027498656,0.014502557169176825,0.4698693133840394,75.38073911554343,0.03776312378189561,9.618291373059918,13.0,4.98217115729952,0.5119102584547535,20.43684198361628,19.52354527090079,11.513130280162011,39.0,1.9461443175145483
72.03159865845667,-0.3764104906137388,9.293428272382656,0.21739130434782608,4.969685516387505,0.4749939893232095,19.568629552904305,3.6918455203818383,0.38049247013757814,0.16548587479267474,8.806897108117472,0.007038630110807354,0.01682887471546627,0.34010138867584233,77.58369260712908,0.372219548573651,9.529374511736538,15.0,4.982916204574346,0.5036143191462213,20.245184717945335,19.512889538881545,11.55940754181646,39.0,1.285232748114403
73.39596219316714,-0.5081723630274741,9.38888444158239,-2.391304347826087,4.967592805118235,0.4895708928195975,19.458810385176253,2.9609027263846914,0.34324636694572236,0.14020990497628724,8.580762763474153,0.0071159745302225,0.01794120558990813,0.48253563377259745,77.82608343035372,-0.007051953812942324,9.674858520487987,14.0,4.979898497594441,0.5303884886940007,20.54161122404707,19.498795458796415,11.554679492741167,39.0,1.9682107117783723
71.87092313276678,-0.39317901952290163,9.329925163973677,-2.217391304347826,4.970170346916762,0.47836477720075005,19.46314579427058,2.2645903802870517,0.4039106190162718,0.12948688151250698,9.240536977334683,0.007206434485728318,0.01692536999674152,0.41216072705412893,76.1164770292182,0.22508136793623668,9.554135828112427,15.0,4.984597994070345,0.5142783867534428,20.414696380433917,19.462166760711206,11.539521246161266,39.0,1.7230797758803682
72.5725394831632,-0.4641566663913081,9.357754959911352,-1.7916666666666667,4.968804932175515,0.4824931993453079,19.606552704267987,3.5585806352774325,0.2983696268095752,0.1370629061187071,9.810619954360117,0.00441337309952305,0.017698609598314156,0.5055629317298972,78.27588067454211,0.10557305453681876,9.658431205183344,15.0,4.976958189780918,0.5154646084110491,20.762367207316597,19.59943745549075,11.51868804637467,39.0,1.9083477090468932
72.06490858448525,-0.528449953490457,9.292942897962542,-1.8,4.971187679819003,0.47736593052251997,19.59922885681998,3.0569641760060478,0.34272324175313196,0.13754964099070516,9.015542135667715,0.006217770020261446,0.017885207122605284,0.47133859705019404,77.620850168543,0.30965919979975687,9.551228745133345,15.0,4.980220957269221,0.5183920733303866,20.522306311168155,19.612356000986985,11.577967575958338,39.0,1.9175366325710073
72.88114453891691,-0.6126149668896693,9.361384938692186,-0.45454545454545453,4.969906881141474,0.4837258062158556,19.437022177847936,2.2167563330846995,0.30886857803450535,0.14070405040547732,9.490316944258467,0.005683801036431453,0.015992591011455053,0.43086613514722105,77.14445854713856,0.16961166062896216,9.698047688211167,15.0,4.979216973748155,0.5242322204444058,20.43290715671762,19.454788546658243,11.523781735271347,39.0,2.169727019905512
71.51025237848765,-0.5911608917989457,9.361186168517246,-2.84,4.971460945437104,0.48253129008742734,19.314182106612588,2.3938039246777514,0.2682056495310546,0.10969289360136132,8.554203644992326,0.0047325388115166045,0.013861670954638845,0.3909612116055407,78.42014436842945,0.06465180321931618,9.56957587490196,14.0,4.979527990288213,0.506786823198879,20.433876557126382,19.41094675593954,11.540391246448774,39.0,1.7962298576708378
72.01925061737873,-0.4566150432909165,9.38535196355545,-0.038461538461538464,4.969034718254134,0.48641328143203083,19.524887067019964,3.3683058397186127,0.3634639191733222,0.1588754100219635,10.41995411635686,0.005916474315889093,0.016872055034413892,0.4612452724831345,81.96305808466457,0.2948695276743776,9.68513221945293,15.0,4.979275721892999,0.5165231911270849,20.660272209529897,19.470712774289048,11.510129348183533,39.0,2.092727046055753
72.08885314600222,-0.508183859411369,9.380588222944079,-2.5833333333333335,4.970577866824927,0.4860397823920192,19.36688348393418,2.4551373824525546,0.32323783128248407,0.1173526790381922,9.045793988859621,0.006192743155899765,0.016351024950972452,0.5078048687249186,77.38101976980434,0.07538804862661541,9.655125363697852,15.0,4.98002441035069,0.5286799605782423,20.267054646531584,19.471508056196697,11.571403974385014,39.0,2.087108373267238
72.2949643601288,-0.5726182672861028,9.344522520045619,-3.130434782608696,4.9673458504023,0.4807281506222986,19.402517631870847,2.726015102878583,0.3814564974004554,0.1674273212165547,9.456096941983064,0.00540063095313723,0.021946156230329684,0.5295408294110664,77.80760320733107,0.331221206546052,9.647731317432967,14.0,4.976467962115796,0.5274510754464864,20.492603705329742,19.506526644981413,11.59463237699165,39.0,2.303257126262878
71.77569474556445,-0.48941926823165166,9.316776079684944,-2.5454545454545454,4.970190190662403,0.48045813869698734,19.331386078149276,2.8277420699142874,0.26455692337783376,0.12055674478105553,8.542552698788006,0.005399092603654346,0.015156391003153323,0.6073349423133612,76.11298331807893,0.1079086649504275,9.606864760345708,13.0,4.978315550990709,0.5153793687363324,20.251705846693188,19.40797136778859,11.5362946092265,39.0,2.0654488895638607
71.63856346463271,-0.6314233811520251,9.400465647067039,-1.8888888888888888,4.971854825388973,0.4873120620241971,19.487931736804903,2.6285651690184877,0.3974095770053784,0.13912728964430035,11.179787758315793,0.005416598087884471,0.01671520970297073,0.4123554252963916,77.02670495082121,-0.024435703862517588,9.723065628341816,15.0,4.9815779009316685,0.5234174021276075,20.283922659845402,19.499649743053183,11.516171832056076,39.0,1.7712280140565078
72.37041277821336,-0.48835914745632414,9.375096685426632,-1.3478260869565217,4.9689680777528435,0.4832906032751105,19.36571477664381,1.8297093239425726,0.26189852414798115,0.18906849088815925,8.569961167037857,0.004474361701951833,0.022801926176703523,0.4898672187017223,75.59573038990199,-0.11925091512321817,9.657720442459672,11.0,4.978741840131262,0.5171985991427894,20.207299169728195,19.499199464537206,11.526473395100437,39.0,1.7820351642102779
72.04325194816656,-0.41366007706457786,9.351268821605995,1.0384615384615385,4.9719387824764585,0.48014578020481297,19.48295044079092,3.012239198123823,0.2795960423917288,0.15079278785624312,7.597979332745543,0.006039968991878953,0.01899531082894286,0.39339927913840994,77.25569843345838,0.4276161404811373,9.656344735805007,14.0,4.982902323775531,0.5196629015535905,20.404356056054343,19.558018713314837,11.508844223237517,39.0,1.5333577360618307
72.67041746155279,-0.5018846702942168,9.391455273956034,-0.34615384615384615,4.969779358311538,0.48602525166607113,19.416261205316317,2.747153209075462,0.375407060517695,0.2105009466388696,9.738671160704182,0.0050012087018889905,0.021888447144832582,0.5051577377482197,78.79597413541269,0.07682518907354363,9.725678845122463,14.0,4.9775519879576136,0.5221713548157795,20.323282182659774,19.453955174043827,11.524953413998821,39.0,1.8821932734842477
72.03796061392596,-0.4163165274817589,9.305439961071594,-1.3461538461538463,4.970923364357721,0.4762725492491622,19.645707368220904,2.775635996868553,0.31005580630548807,0.16690523428503531,9.02109624795085,0.006010371595532124,0.01796790713877136,0.39317526578660067,79.07268683264711,0.23580434340393552,9.572780374100835,15.0,4.98141368926418,0.5144213462767769,20.336146425439647,19.578362718723103,11.644297846179589,39.0,1.766289458247126
72.06948290834681,-0.5187983753984274,9.344555794880721,-0.5,4.967807405463531,0.48234780779805236,19.451928909805403,3.529191307845639,0.3717795902246516,0.14086609807882786,8.465616732800196,0.007634772944831478,0.01633682296334351,0.3952580251420106,77.65600582020588,0.1110619075868956,9.571589253379734,12.0,4.9803718137195805,0.5107759157607041,20.15314842046648,19.553611583785894,11.557437479107758,39.0,1.3245579643400909
72.21541493298285,-0.4906228795096478,9.35186920855578,2.16,4.969577360595635,0.4819817337895536,19.37632370836478,2.4779426632861083,0.35995415670249065,0.1500619214478031,8.37462834996276,0.005936405613538566,0.020359272398187658,0.3845001272373236,76.20771026737528,0.41522908505674117,9.608116612542268,14.0,4.9799032272722865,0.5156051605069273,20.00989863272875,19.363699845931997,11.55206627678229,39.0,1.373217507825693
71.46229714939362,-0.6031969639982406,9.408312943390744,-2.8260869565217392,4.9686331223886,0.48814632468099356,19.62899328074667,2.2339030800351094,0.4036320886853463,0.12018452591913328,9.072903633361518,0.006529955143497682,0.016559614666300963,0.44257318970574433,76.09408341833216,-0.0827132606064862,9.620665853354735,14.0,4.9796913023436,0.525547655458747,20.536526864490956,19.555600211605896,11.581668468382386,39.0,1.5814305789493055
72.44095911577932,-0.6103589801074902,9.322060691869265,-3.923076923076923,4.97074039604648,0.4782023833037044,19.567106802403863,2.562932022290567,0.3980987969555564,0.16415930130576684,8.071426701276723,0.00553797174714569,0.016207193917274796,0.5008243929627344,76.86488717725567,0.21247277928533936,9.599828169720547,11.0,4.979035557786739,0.5104281370525969,20.711383491340587,19.565674717955964,11.503754860488645,39.0,1.8180013098378218
73.22663831291939,-0.39952690534992163,9.438530628953457,-0.9565217391304348,4.970558998852134,0.49016715913800507,19.403122699757326,2.422508175277363,0.3265587479831002,0.1835739512803859,10.884685136024697,0.007707319383846823,0.020045391957324885,0.4589343066510295,77.13474979721505,0.21825880014099086,9.790285977463045,13.0,4.988866211359591,0.5293889736383179,20.275831439131135,19.48890962333882,11.50586924500957,39.0,1.7215617836762398
72.42891855718926,-0.50043871027648,9.377942097461863,1.72,4.971881691549266,0.48687926207200527,19.54821526424725,2.2768648703425094,0.24214906513100642,0.16179458753123996,10.133192981484168,0.005134015010842966,0.020083498834657258,0.5001754851405376,77.32665472090099,0.0972647757117473,9.741377422880378,15.0,4.9835512731302085,0.5357490641588322,20.570601325970117,19.577763288465867,11.501263206278985,39.0,2.1691118304169414
70.7482509813312,-0.48179375693098064,9.408001437446678,-4.0,4.972323640522985,0.48513931848100095,19.505804668638255,2.340748270679065,0.2722855105639535,0.1397221497373194,9.945304968128976,0.005308482616733094,0.01352808362950942,0.4898314214525586,74.88784080831746,-0.07734885433121397,9.681581803132993,15.0,4.983068570964536,0.5123144733258539,20.386943280581995,19.475897498930475,11.509190740596056,39.0,1.8420277984580053
72.32834182660812,-0.6254915176676523,9.417829946531471,-3.923076923076923,4.966513214302474,0.48720723361133167,19.461775296508407,3.041031770001871,0.3626281757511056,0.15777687115404782,9.90696366169185,0.005110161489498522,0.021048466365883003,0.5756044180637492,78.23229182601392,0.11740882883760073,9.705703461867845,14.0,4.979101978031809,0.5265377156842641,20.42325524927217,19.522284282384007,11.566533879958932,39.0,2.11983016871309
71.9020617670349,-0.5660487969996649,9.34108648696761,-1.1153846153846154,4.967735602041025,0.480359939328622,19.506830483304256,2.714225259479735,0.43630952663644285,0.2103425757809501,8.772013728447478,0.00747267312660737,0.02426423844382944,0.46645115721298475,79.74958212790564,0.2692641379289251,9.864557384564746,13.0,4.985094407681903,0.5391801321208103,20.332116954235843,19.48870562298297,11.507425591463866,39.0,1.6522239311836557
72.58341896606575,-0.49262420105173527,9.402837749338154,0.44,4.9691641385699885,0.48767553922079754,19.488482133867816,3.471771001015165,0.3722325017195474,0.1673012522320137,10.369493719560277,0.0064934840523105525,0.021622979438592795,0.43372683167874826,81.3241742054629,0.37896489314597204,9.726568100200563,15.0,4.983283010737748,0.5311980774803989,20.509259129218133,19.514836415467798,11.511142585566217,39.0,1.8053651329038196
73.20040361710231,-0.5422631393390465,9.346649041742852,-1.1153846153846154,4.967777462994793,0.4790869914051358,19.607565459381398,1.8234895236217623,0.34159496347579565,0.14520259081221057,8.793909269300336,0.005680039817975624,0.01822369392474494,0.45436826561580534,76.60695102377494,0.06273049779394224,9.67838089338897,14.0,4.977790620989378,0.5318133420874019,20.396708387160096,19.564988684335958,11.5498302863352,39.0,2.1898022634954657
71.26944922733315,-0.5009298664468336,9.363642862293014,-2.590909090909091,4.97128196766246,0.4804416062498937,19.69019755190735,2.3082202618008347,0.23103300535504548,0.11466721492446635,10.764669022945096,0.006966935574576702,0.01785512761825893,0.4978728828481472,74.49407502195773,-0.007666990367598103,9.550395437176489,15.0,4.985310323520207,0.5125811233526326,20.589157145852525,30.220817384034703,9.086887670001108,3.0,2.084839464184924
71.62646756500733,-0.4870005501044854,9.369546380425861,0.15384615384615385,4.970142579745137,0.4821919313616578,19.5629590067856,2.220076569403163,0.399058530700355,0.17245147688637635,9.867165081499454,0.00539335115335562,0.020023905058164815,0.40787263254417905,75.76057815809668,0.26250746362407695,9.814714949821346,15.0,4.981314660562045,0.5345252148551125,20.550054039713622,30.18979527844463,9.119507180997896,3.0,1.782645332922094
71.61126016988986,-0.5594519920245076,9.315109987434152,0.72,4.968721304954602,0.48023634236879786,19.704662103242168,3.0297182591609197,0.3445756963413473,0.19193521777495307,10.42888296990622,0.005448360191873946,0.021946689134087587,0.5114325513435466,80.88537823535255,0.10471464186298318,9.641275918801693,15.0,4.9772551665774465,0.5201142593383994,21.462741326448615,30.178284038047472,9.118756408188041,3.0,2.635382656736546
71.49833865982454,-0.5763542897442331,9.379975782555706,-2.0,4.970607821609435,0.48569347747283853,19.464290229382932,2.877954491733732,0.40239412198407865,0.1471099182715235,9.651624016394658,0.005508806932199866,0.018776441821383067,0.32628450896640754,77.32326890669952,0.317035791251576,9.713083680993122,15.0,4.97967118771683,0.5289302560572979,20.403586711526568,30.169331694008058,9.126102198991248,3.0,1.6540032031503422
72.23104782627804,-0.511328210111703,9.345476058029426,1.1363636363636365,4.968982236353072,0.477928597395357,19.5554228788927,2.9845518944320335,0.29958585303376184,0.15092524814715014,8.030031441948262,0.005278566251997617,0.02139136309229105,0.498897279199531,77.76215161580605,0.1992641604153036,9.681320694576556,13.0,4.978303930708116,0.5280650663910864,20.256849316356064,30.171982408818884,9.119185095871277,3.0,2.0919307688792053
72.42662208451398,-0.525425376306151,9.435260839904627,0.13043478260869565,4.970227890914544,0.4896235647582083,19.328905599028875,2.352190673382746,0.34552604650996854,0.15511777529510146,10.975483936348821,0.006539941527438446,0.015038452392751773,0.37134518006628636,76.95863833552725,0.08527400647714856,9.710635202286095,15.0,4.98134654721118,0.5176912236508286,20.110961308421768,30.128434956632002,9.17565565523087,3.0,1.459192587557066
72.4593889731976,-0.5206471231128593,9.34411298595645,2.730769230769231,4.970078769733476,0.47758014392618847,19.434609503494883,2.9592568999857822,0.28903649916427543,0.15649935452180413,8.97242653187099,0.006822875132180183,0.019033229562013317,0.38508482861479026,80.13562308665068,0.058794785455910326,9.607612026244732,15.0,4.981506354400919,0.505241176084154,20.210459093562747,30.135649330121616,9.180555255740448,3.0,1.682965904761069
72.87430657412948,-0.5175937807787133,9.336810845433138,-2.5454545454545454,4.968976542097081,0.4809533989188742,19.58491880168942,2.6592733506704875,0.3557669622825556,0.1709400638427132,9.73618962581112,0.0061250844056561496,0.020362078562963123,0.35540483129497336,77.0382336936286,0.23086943735441012,9.682648130632598,14.0,4.978715651149136,0.523593741424729,20.09212350137725,30.107432000286465,9.192840099119358,3.0,1.4384052910378955
71.38131656239082,-0.4835545680441801,9.37038908114848,-0.038461538461538464,4.969968869734694,0.4850520189744409,19.592176689495034,2.957069112783792,0.31093766582679505,0.15658971627179166,9.932389786144388,0.005138423966813994,0.022415308241685115,0.5637856058863616,80.06429889540058,0.1945446479868036,9.691735449466734,14.0,4.977083884088735,0.5189420174752184,20.63513442944849,30.187947881504332,9.120800726085852,3.0,2.0785609511636167
71.17902462911415,-0.46500637611182755,9.39167440801037,0.4166666666666667,4.9703510422789146,0.48451603687082295,19.64649647742264,2.599933487431928,0.3658721712512745,0.13149197979802113,9.055001687219915,0.004562145802426077,0.01719013203959154,0.4829711436528072,75.43807964379494,0.21851509136581493,9.682122507584284,15.0,4.979937544598681,0.5243130091148729,20.56794237383072,30.164351400667403,9.141261038382265,3.0,2.0480985410740793
72.46265672084706,-0.6257473005241352,9.359639852483879,-0.23076923076923078,4.971385803378952,0.48246707456325066,19.562730128046674,3.053698610971913,0.3021991387289556,0.13915033022961507,10.670980390067593,0.004759837312925713,0.015738970463048858,0.4952778176295831,80.19934355287886,-0.11917166636162135,9.594421966940352,15.0,4.9802883460472565,0.5138860212087029,20.76274265669464,30.133864175324597,9.172374646739959,3.0,2.2280424034929283
71.67000017809745,-0.5733169998771656,9.385363824138647,-0.8333333333333334,4.969265409977708,0.48400724684160773,19.54591678863682,2.817856710318042,0.3416649339640719,0.1670291502956367,10.172129679778086,0.005764718459842378,0.018462619543138284,0.5275426184041327,78.01694377818944,-0.017048716589227464,9.67612405261266,15.0,4.980950027251744,0.5146924948310291,21.03027616506052,30.146111712123442,9.148464698364355,3.0,2.4079278545764744
72.76929209764464,-0.47022509624816067,9.3439382371897,-1.24,4.971235335719532,0.4800406844067011,19.418870774012024,2.3893451481990673,0.3090839810181923,0.13377944538765077,8.472449468719184,0.006696883094766838,0.018636653532112375,0.42576234842156163,77.4836535895049,0.16185956445098082,9.552934487352829,14.0,4.983516308238254,0.5180245030476637,20.240005566948845,30.090804368943633,9.209380369721819,3.0,1.658890331044823
72.47099315848406,-0.601902899414586,9.383089415558063,-0.5,4.970228479279254,0.4842810514413945,19.524009232411338,2.6243962988055176,0.3616539387286663,0.1436337418236339,8.860022573334675,0.006262569331555169,0.01748309755538067,0.45007933258733884,76.58255620441209,0.44425676137752435,9.6803674874262,14.0,4.982474637327373,0.5177044431552285,20.337777790825697,30.09787183641182,9.213221915616044,3.0,1.4464559210270806
72.31513129197647,-0.5512351051895152,9.336748928499855,-2.9565217391304346,4.969267077947976,0.47967995338876,19.448592690462625,2.1945232988596337,0.39468299255710537,0.15509862411690753,9.897203209996356,0.005218758184340127,0.016753625269419887,0.4216712862064415,76.60900462732741,0.2986865316176618,9.701123218348352,14.0,4.979854783472087,0.5134177726671054,20.082740569843715,30.076956001300037,9.234307415668923,3.0,1.7690398014274678
72.30638751344026,-0.5845637599080603,9.348534777812008,-1.2272727272727273,4.971315311370384,0.4783398830763335,19.33241439108323,3.003501313248868,0.3656425691631514,0.1355717183133495,7.959738564584199,0.004898173512257991,0.016291100671101563,0.3815096946399133,77.06120183947188,-0.006702455713562205,9.646246830390071,14.0,4.981060713122534,0.5049604644654683,19.994953164618128,30.079231320849175,9.214033348517487,3.0,1.2069407738349156
71.8330499117378,-0.6195359804532022,9.380038295712879,-0.08,4.968536215581352,0.4878976245648424,19.690831266218755,3.0375547941664234,0.3956176171785199,0.1491988765967447,11.001527166716446,0.007906549663404054,0.017555841131953947,0.47015225253476317,79.61382625269985,0.23457983973055008,9.68651267733309,15.0,4.980443934499398,0.5182128312162579,20.423952319403153,30.167433694804963,9.127209722837495,3.0,1.7864305193702563
71.26383479913694,-0.4583178419486277,9.334983417141194,-1.0,4.969364438229159,0.47821944400524846,19.530711997675745,2.3695400142012373,0.3809361756236406,0.18028780442911932,9.226615564908332,0.004998088121050036,0.019342569356944596,0.5097291324389642,77.47779493228225,0.4014443985875593,9.71098329413428,15.0,4.978254294491652,0.5126794830238186,20.361011556456702,30.127429406845852,9.18905527442524,3.0,1.8602293993079755
72.22926100288637,-0.6267421633369101,9.396760868593624,-0.5909090909090909,4.970263177044209,0.48473558748543744,19.5510084817624,2.3146814034428074,0.2911912162836431,0.15026294545701244,8.55813855562003,0.007142470244127527,0.018190125048826722,0.41395337136943966,76.33001745584454,0.012592511639506698,9.594638865983649,14.0,4.982678417095511,0.5073062564149846,20.56702062816656,30.120024985478103,9.183196077234578,3.0,1.969318235781909
72.77047994857787,-0.4616901025723827,9.379063257831382,-3.3043478260869565,4.971733742975572,0.48251885590822324,19.541237273733582,3.1047541314515814,0.21067007320930972,0.1314864213490747,10.250916322175028,0.005987998142422459,0.01682079576945797,0.5581622595046634,80.0373854006229,-0.047239003432716586,9.84756859592422,13.0,4.982604627090408,0.5340113238252898,20.18016155051904,30.134151216318852,9.152995321033226,3.0,1.7692236321913555
72.25131014328657,-0.39216370641593856,9.366309867858943,2.5384615384615383,4.96950962699675,0.484215658719999,19.46262205023423,2.71119746512301,0.43669707141939507,0.11428250030433015,8.797861493789574,0.0075252945985255885,0.013045156011344435,0.4692046582133307,77.89922719149774,0.8225733552326939,9.586419445604449,15.0,4.979196970244418,0.5127508697445148,20.610309156964515,30.095083864595615,9.213936468572472,3.0,2.225011203322854
71.58052618881901,-0.6275934197065426,9.327670607300337,-4.36,4.967249311211113,0.477995817910334,19.430598812446515,2.873978196570867,0.40232884184299406,0.15632984075091272,8.385129694882483,0.0064541495918789835,0.019505486390119724,0.41992661647255813,78.34457205364848,0.0661610008273501,9.780207895164871,14.0,4.980154133802271,0.5258527305376122,20.37115082760844,30.183698594899163,9.12229326845426,3.0,1.985370298808391
71.62884978249984,-0.5582504478248785,9.355603143188041,-0.36,4.970394990487474,0.4837546646123718,19.522159158815487,2.3893890584744097,0.3221575550298104,0.18452538719888437,10.574989361696776,0.0052460724695661334,0.01875042141724784,0.4375771269068842,75.40293588549963,-0.03528535683741674,9.728246115635397,15.0,4.984050243382554,0.5175353403382135,20.376656344002292,30.1748189571907,9.12587804180569,3.0,1.7668157160968363
71.30118186459181,-0.5465115470397846,9.379861549304401,1.1851851851851851,4.968162405028342,0.48187106919995737,19.404397612944496,3.0711433567110213,0.31597134344038297,0.1675376570276574,9.684034348452236,0.0059837886829658,0.021357128576945963,0.45429848160243796,77.94704393626589,-0.05004776063356631,9.65135268900796,15.0,4.979225819241812,0.5371685221012203,20.323527229775593,30.14964764773003,9.15659091563651,3.0,2.1595472339643536
73.0695666910439,-0.5198111696561977,9.400669079733317,-0.13043478260869565,4.969036665474336,0.48939987732126117,19.489205859762322,3.4893719610587173,0.4150737223369708,0.1632860954745233,10.355860965303812,0.00594655589472539,0.01920885346994034,0.5643236955656513,82.35572668576071,0.29104938356912624,9.694920323751667,15.0,4.98150092939958,0.5270347501298154,20.430384376842618,30.067955996109063,9.220420372141541,3.0,2.2767867783588898
72.00945397737149,-0.6364843857903405,9.403604305120774,-6.576923076923077,4.967602420015589,0.48554545666246673,19.5636031283933,2.72893023041778,0.3906177646154944,0.15855789674499882,8.526759132388761,0.009235353943846312,0.020817371892933912,0.49840322427757555,79.58737479694463,0.23373527697607788,9.720393201604793,13.0,4.9790120240628095,0.5356545252848876,20.6143919399879,30.094437819179884,9.200231231626432,3.0,2.109238162334325
71.90067103145564,-0.5475856081034223,9.373515405596804,0.13043478260869565,4.97018081851053,0.48693244134224084,19.5137183254569,2.8124667538955785,0.33314833825719237,0.1890396132416927,9.176076398539498,0.0064777778164839895,0.023379244548021604,0.5573271012261549,77.09170931418616,0.22227007532532705,9.684853768067297,14.0,4.9804467116727675,0.5277350298755596,20.24169419137319,30.126493820314323,9.1705546066115,3.0,2.04476192830732
71.88673482001282,-0.6240104848118362,9.35411692528041,-2.5,4.9704030940854524,0.48262279843026085,19.4726419217555,2.249445772166453,0.24286494018117788,0.1330043151811727,9.539392014169456,0.006041517264924183,0.01677978506621752,0.5240263374883716,76.1378094801326,-0.22311482880437927,9.626136355427391,15.0,4.979949957406242,0.5114163045120723,20.680615531048268,30.10637187681775,9.187064725450893,3.0,1.9739901206099368
72.23674097974573,-0.49532301924755123,9.338824675747297,-0.9259259259259259,4.970563163011236,0.47863634008607187,19.54379511892194,2.6220931577445463,0.3379132772459446,0.12716354029309407,8.602006337567419,0.006944891654237221,0.015488832079804851,0.4271402443005208,77.47601253818598,0.08914922701757777,9.621293754588224,14.0,4.983341669312753,0.508209886601191,20.404028932976203,30.13973719086048,9.156203808890153,3.0,1.4674751736557212
71.9787846551427,-0.45513545515605286,9.309592959256555,-2.5416666666666665,4.969209256714637,0.47842639561906225,19.37676663126651,2.876331386384894,0.36877896828834356,0.14014234789366628,8.78909915115815,0.006143880769918487,0.018597100225347905,0.511149574831266,79.21825842646145,0.2568377110609399,9.563170114731676,15.0,4.9799912522270455,0.5157899728305312,20.581586501723695,30.107709611094183,9.167705970031065,3.0,2.351161779845075
72.2871771928681,-0.5295899424737928,9.371247247564101,-0.9090909090909091,4.968399848745357,0.4842878882011316,19.574540756049103,2.7829529314747794,0.38225828990485455,0.14280806553428568,9.999586768321482,0.006598317553067704,0.01715334170119868,0.41312134678064943,77.00218077376425,0.24388397221239666,9.73432171753458,15.0,4.976832751636854,0.5259225682273286,20.36974091095648,30.182549123623836,9.11748980122327,3.0,1.7321917736706887
70.80676282096275,-0.5177450515543934,9.324104514096819,-3.1923076923076925,4.96978492024473,0.4809904054434732,19.59436831866927,3.180577131522312,0.34703512116276963,0.1649181839416901,8.394225262135826,0.00603384062198191,0.02320572615417831,0.34765993501296577,77.65064198266012,0.1614711670788036,9.6141252092411,13.0,4.980313723761876,0.5168966367988207,20.270254950890667,30.14924193361968,9.153993024813587,3.0,1.4745477406016896
72.29540791800498,-0.6365989208826859,9.360284800412618,-3.391304347826087,4.9707837289606065,0.4834690552165672,19.555439990716746,2.6617553315578752,0.22550507995879737,0.16534051245680528,9.192336744289554,0.005325864196088645,0.018926790889431715,0.4820012333211524,77.1190140205047,-0.10108194858525332,9.657687144055702,11.0,4.9797242014873895,0.5059907987039054,20.791814023341566,30.14382444112435,9.158690673121253,3.0,2.006671681723301
72.164298796804,-0.6190676801473494,9.284306431812974,-1.24,4.971414541966257,0.476259736085833,19.61225686333669,2.7653384873078157,0.43661605865461206,0.11068378332800886,7.5274431249927085,0.004913543039159654,0.015424486759294856,0.5414371329915849,77.55928013263426,0.17802351911808123,9.530579083034636,13.0,4.980744707925781,0.5033595260726893,20.69981190223901,30.120968415929674,9.181762530570511,3.0,1.9192431462038329
71.9701839338329,-0.6076963074387661,9.324666249239991,-4.208333333333333,4.9704157036571965,0.47654553858742915,19.48729570347441,2.261175943875707,0.35038568571429235,0.11547286004695276,7.884474018953678,0.006127620706196699,0.013595215696141392,0.36643187346800055,75.84957790636955,0.08087727358018326,9.579805648717276,10.0,4.981905701218497,0.5053919642128433,20.267795512299127,30.11821167353358,9.201595808702248,3.0,1.4810267665402073
71.99974869096762,-0.5008530006851573,9.36214526637876,1.8846153846153846,4.968794142810979,0.483812795777685,19.550019165611808,3.016176018044344,0.4317713617163277,0.18978469209529295,8.728057864315534,0.0067516216343315874,0.02457731730568567,0.4075657419868005,75.77515706070986,0.564632933011779,9.837618091803293,14.0,4.984118535221043,0.5379039890755807,20.39314989445638,30.17516798538683,9.143972143485037,3.0,1.7577425085646468
71.98407783948412,-0.4669899309432797,9.407950088224002,0.5652173913043478,4.9693476717554015,0.486159334599157,19.684850073860854,2.2394220429081173,0.2701061604080174,0.1300038983147345,10.733231965768834,0.006941233742216053,0.012894375973491272,0.3420254671707878,75.23818594638828,-0.07209574094330307,9.587171556635905,15.0,4.9817808242371795,0.5105274997394069,20.11966312012879,30.1527479389931,9.147595054656634,3.0,1.188637185646673
72.20276138924703,-0.41067958887500533,9.356021074720331,2.0,4.9696583368155345,0.48290662747064467,19.438709218129716,2.5414159507052285,0.38214083770658563,0.1458990841023461,8.027729719194863,0.005943221509338688,0.01852005246411775,0.4964168558893873,80.51151327240511,0.5498316396399878,9.680699490517288,15.0,4.981056471483685,0.5186341169514261,20.414801833508548,30.107314434589796,9.18381283455586,3.0,2.0480611103164392
71.79707161170371,-0.46221098868719857,9.394837189773664,-0.6538461538461539,4.970194358649431,0.4869838017788327,19.407161966728317,2.7132604660618083,0.3168710802238438,0.12192304439189301,9.999778104046987,0.0062635851923773,0.016273164824063973,0.48055115274601085,78.50851557788732,0.12801850599383258,9.604722391348638,15.0,4.981279306681733,0.5133498649814847,20.270899160446632,30.140369088923485,9.154277681778092,3.0,1.8835590657786767
72.15081268097536,-0.6305456314365422,9.421577890968612,-0.21739130434782608,4.967463866549227,0.49201399378269983,19.399346504573455,3.4495229079631273,0.40786554357809424,0.10941399698640014,10.392122943925536,0.005941012386269097,0.013795957370062777,0.4037201350378028,79.10738023182714,0.14145413137395546,9.598511811391424,15.0,4.980138845419345,0.5118855525526009,20.41199023650043,30.149486432092083,9.155287899078834,3.0,1.9959734113827423
72.12448010171973,-0.5415876379146977,9.391565538339787,-2.923076923076923,4.968732089973617,0.48414123766019596,19.50965414567834,3.0310364876275533,0.3186736438857489,0.17937304115912003,9.710910109146772,0.006597426776588419,0.02140920270146105,0.41654621688086846,77.91920444419841,0.27879436670049496,9.777973773591587,14.0,4.979344862919628,0.5290947017423796,20.812828619301982,30.151861759336846,9.145171363018557,3.0,1.956719059261502
71.66319996312079,-0.3698362221558567,9.348460502145583,4.083333333333333,4.9718498177037675,0.4840219779866712,19.261952397524492,2.966909271451619,0.3441063929920681,0.18582359574231244,8.225553004037007,0.005164670979812876,0.022819162639156086,0.4485841327640968,78.31390240675262,0.25322658581776203,9.77804720317174,14.0,4.985039732147158,0.5388784339029312,20.516649323674365,30.099711331368884,9.22033399973133,3.0,1.9830425414345711
71.8073069263157,-0.4676827600718246,9.41351369963961,-0.46153846153846156,4.97055844386066,0.48579512158789107,19.45162227659766,2.9548245509226283,0.3733615623649181,0.12668099084127057,10.620121574093243,0.004836294443908466,0.013710888751716376,0.41446740692146544,76.46549952770604,0.3902628098187735,9.701274460483335,15.0,4.977075441100779,0.5104179756378633,20.34477175395295,30.145080705045192,9.160700562991089,3.0,1.6129376853848676
72.05446441318661,-0.5845229519299048,9.372420914500035,-1.4814814814814814,4.969845278239568,0.48418877060246357,19.4548499906588,2.638083064106617,0.38657762455916084,0.135683778254502,9.040527559050597,0.0068879332926824206,0.016106807562620198,0.39948640710224637,77.85884168553216,0.2640213039352808,9.659889576194134,13.0,4.980966934627791,0.5170419560309577,20.709974462757607,30.08558599579271,9.217017113043077,3.0,2.0552168321593456
72.6147197525966,-0.4024227906081474,9.34340481566459,2.8333333333333335,4.972136575300374,0.47811269865144346,19.577071750975847,2.920968701929332,0.22017397139376468,0.1494240229919354,9.072240933504553,0.005466037255881029,0.015651383864079646,0.47466701035879394,77.85135873496462,0.0012439888924343778,9.605616797373571,15.0,4.9805498613892105,0.5101486220536796,20.3444580544759,30.061045552296925,9.21995444847451,3.0,1.8982243837009491
71.69921592786983,-0.5370407845374774,9.395997292479969,1.2692307692307692,4.968511007786516,0.48388612138347464,19.49353397877582,3.057158545767184,0.3161620001938756,0.14709063057046398,8.847240735904798,0.0067103008667994905,0.01790573662837033,0.4522342963068269,79.31057595631871,0.2156532073226638,9.661583306819463,14.0,4.983004068797591,0.5110060233922156,20.336713448366837,30.124910492401867,9.174742530124249,3.0,1.7249468639145924
72.07365871982418,-0.46072123142103555,9.361228626709867,-1.2173913043478262,4.968926170502704,0.4815218226631808,19.628712620012504,2.159801903238035,0.3519656160373642,0.13571291649842399,10.082082780591865,0.006708264541433534,0.013790007215763555,0.4804557967046331,75.76556665650791,0.45642989832644254,9.601380227267006,15.0,4.978442173471224,0.5100774991733384,20.824827620969643,30.14325973791563,9.161081986780513,3.0,2.123638880724215
70.56994027274224,-0.5560343419485189,9.37103445452862,-2.6538461538461537,4.969719128486975,0.485250402701487,19.374171895570427,2.6425744661637305,0.31811530361401263,0.1618107293919309,9.635440621805074,0.005606407768780352,0.018112119002505284,0.4796699971143745,79.24636566471486,0.23889835217377242,9.58981913640603,15.0,4.977285216574113,0.5127703788189604,20.291188592393812,30.142724855529817,9.186355532823635,3.0,1.9268370056917234
71.71150572550165,-0.5333850437579651,9.324399863711244,-3.2222222222222223,4.969739011355497,0.47835896630524094,19.49314554600644,2.103005585369552,0.3736742776095753,0.1576788090653142,7.88967132270077,0.004882487292495576,0.018868966614495376,0.5934784733862438,75.34097561733603,0.1532225346772791,9.668725959299067,11.0,4.977081945409407,0.5223538895894355,20.44555306142039,30.129408723244346,9.180893434449494,3.0,2.4473096565519086
72.8701271152967,-0.4897510463350278,9.342769932674662,-2.076923076923077,4.969881633089989,0.48066303261459853,19.610710549378854,2.7055615058537437,0.3662957219738876,0.14376397983993688,8.965416790359056,0.006253408599613429,0.01735968929540388,0.3771329330333167,78.77312900498364,0.22836404520822007,9.648947138901445,14.0,4.981018265232751,0.5114893960593792,20.530086626335816,30.09612392571033,9.216195625572489,3.0,1.7536635636185451
71.09538516508903,-0.5407449182923947,9.340873889364314,-2.36,4.971881396940047,0.4782945837675353,19.297968237121083,2.4224087897458615,0.3552300021800195,0.12709577537925157,8.849316357775894,0.006121752338760739,0.019215990902921993,0.3995308066088252,76.10610658799727,0.12452383841987524,9.672841654843394,14.0,4.984103761163337,0.5214419194208185,19.997695333911256,30.103473911481338,9.1982687739892,3.0,1.5789522134723377
71.17714146368853,-0.4730915356926218,9.382196254372868,-1.9583333333333333,4.969893444478621,0.48567602265324566,19.478281615703747,2.273433269234217,0.3469064756147784,0.1378331260615832,9.727448991842047,0.006406476822014239,0.016177237639590787,0.4097005054178295,78.19850597064966,0.2482700085187559,9.663223724516623,15.0,4.980833097277721,0.5165735473162465,20.302170433615476,30.15026786071826,9.168389256598443,3.0,1.5616865332325638
71.54102525775085,-0.3813591252203145,9.327308735945511,2.4782608695652173,4.9708821837446715,0.4805667030867304,19.45440372790183,2.935010398865341,0.33173213779143956,0.1563803527803008,8.391867518835495,0.006427347778009757,0.018734589094329436,0.4693732369125952,78.51639056343586,0.14221820613881597,9.547250130311049,14.0,4.984712860003227,0.5118319190327008,20.12994639081056,30.154790920256826,9.154395920302507,3.0,1.7797158165332903
72.0537154837669,-0.43410265885984545,9.417820597121251,4.12,4.968915086571373,0.4872165534987352,19.39729808086323,3.330088273344062,0.30326840890576034,0.17471885111493315,7.9161606855849005,0.0079901353893754,0.022359655024009224,0.33759195624325705,80.41242960076141,0.06317931866341597,9.900020629082684,14.0,4.978335708558423,0.5511962830087836,20.045603786898724,30.14926619427349,9.163953426494283,3.0,1.214253856383099
71.64443356383818,-0.5150790310415698,9.399173684761712,1.2608695652173914,4.9697653516555444,0.4867986182799223,19.546371706740896,2.4303215341406976,0.36575457042412496,0.1715604185315424,11.026518987558438,0.0047305307963427445,0.021559274772504272,0.4601435285608975,78.27715866667387,0.3313641489762885,9.754405430613097,15.0,4.98030472636569,0.5215748110615914,20.35407281162947,30.151892071504783,9.15306722061903,3.0,1.82111405010426
71.68434527934403,-0.45645465117253653,9.418075403026778,1.9615384615384615,4.969844757877427,0.4899222716362996,19.536935437789012,3.498677567636667,0.3142985692031533,0.13530220621031935,8.864279090088614,0.007016930291071124,0.016191629949863583,0.4809053790702767,79.42549758299458,0.13444066379316677,9.622960228108505,15.0,4.983997546695614,0.5156960833618126,20.342654520994866,30.142723042545313,9.16762044184937,3.0,1.9329023475717584
71.89461294470101,-0.6354412246742406,9.40132109186218,-1.04,4.970267448461843,0.48766730003687464,19.372355894633174,2.6419508864570784,0.3608923833434078,0.12623621869816026,9.869062772117726,0.006532377218603297,0.018127766940101705,0.37329918230313364,76.88563897879582,0.031165160749364818,9.63356074558838,15.0,4.983973143162727,0.5202168638226322,19.987092500787767,30.09257889356737,9.212301966740279,3.0,1.4458072841743643
71.91766052490088,-0.5408031736536293,9.396315652838986,-1.0833333333333333,4.967633229802989,0.4829589509967051,19.61346022212633,2.6866664888838976,0.3594271513175903,0.1484546481095187,10.479808628447797,0.006983954021016975,0.01686795142130002,0.3770939116255959,77.6145882044627,-0.004362213586197372,9.654644716825949,14.0,4.97746870657134,0.5119115566979832,20.30041554407898,30.19052027073077,9.112303387285934,3.0,1.686809841696423
72.92414038729832,-0.5792260910966579,9.358277053975916,-1.7777777777777777,4.969631938139894,0.48068076282453565,19.303125626873797,2.9238646480697805,0.2849123772705288,0.15286199445708418,9.206814438162933,0.008261910456524444,0.01664743247168341,0.44309429568581865,78.47963058960414,-0.07586663455922493,9.687764070972358,15.0,4.983965052928047,0.5165383657619309,20.47544662790368,30.09830526316474,9.216535104454687,3.0,2.0066244662793125
71.83497111323724,-0.5384583660964234,9.443610185789558,-4.888888888888889,4.969127346080188,0.48741442687599196,19.418538628242825,3.0509588763386084,0.3607660191324187,0.1325156002067441,9.23091959358383,0.006114717229580512,0.018161436248691827,0.5043226895278421,78.84625360708088,0.1284575864088594,9.83716111319079,15.0,4.97776847845255,0.5244199282668885,20.79001865421894,30.0952701551685,9.22127040001292,3.0,2.2543556921711527
72.56814749895412,-0.5884192469914836,9.356942327523868,-1.1481481481481481,4.96939615903254,0.48216201571598716,19.482764959238384,2.178939453706178,0.2662352152167555,0.20037077199988332,9.70186581407661,0.009423312262989734,0.021635700268101538,0.5643106298519209,76.72885604330031,0.25034153672159065,9.702063587080955,13.0,4.981946806333481,0.5219315317611374,20.448353502042625,30.121216994923948,9.174549048948155,3.0,2.3572724601492148
72.63462356417712,-0.549164388712528,9.30539131458151,0.043478260869565216,4.970175737494596,0.47820300032406315,19.557830108680307,2.9979038644376725,0.3398294558947291,0.18339013357023712,7.782244344155233,0.006559355785891101,0.022743945425035248,0.5569220551740579,78.55650917209569,-0.021221730081680823,9.58221989146919,15.0,4.982015925529227,0.5126497315797892,20.69985431592334,30.127749533371162,9.174192236719119,3.0,2.192027415661542
73.05240066779285,-0.5082549194767475,9.370580373505494,-2.8260869565217392,4.968513447849688,0.4866129573447978,19.588518571699822,3.2244371111970396,0.4243380705015002,0.2049889847884765,10.153826324884468,0.006049794503575487,0.024190944459034552,0.43391188967950334,80.90538951917443,0.575798492336783,9.770004489242217,14.0,4.979324548824999,0.525891776860341,20.469990942496757,30.09451841677005,9.198863747660303,3.0,1.9006641431694788
73.04240594354312,-0.5339841678891598,9.384442150151806,-4.730769230769231,4.967851669092283,0.48643897351596954,19.657842290185112,3.131672767722229,0.35699250087164125,0.16768354145899098,8.662730482260429,0.006580408461232152,0.018619142055104742,0.5581349062650498,79.2774973463573,0.18799418593176642,9.73210828933696,10.0,4.978718395073673,0.5225845807436007,20.592166043452394,30.125831992767317,9.185877787302015,3.0,1.9125217767569218
72.04767982867867,-0.5996239879145341,9.375051874106962,-0.7916666666666666,4.969280267682104,0.48389894476533807,19.48532602338526,2.9365598907094124,0.31308580830713856,0.1712356177294654,9.246527125839673,0.005531502465525846,0.02298973022495208,0.4069075401087776,77.52636448915706,0.007288715794892209,9.699059660981067,15.0,4.979019782652795,0.5241829453044978,20.171249275839468,30.149755312855525,9.146273470725799,3.0,1.8711896662998129
71.80416582879806,-0.5448452508728332,9.391947649375721,0.76,4.969934826483881,0.48530118245382214,19.72869208647502,3.138362508062741,0.4049010052575781,0.14444643987143352,10.94451460778412,0.005858090136739742,0.014228533855845991,0.466135807486568,76.75417122943594,0.051310636735338644,9.592544919570432,15.0,4.981292532772011,0.5079158978652317,20.51997794519408,30.17837636993233,9.11859177830162,3.0,1.6941374632322699
72.87452973189568,-0.5666270116519889,9.408685387688704,-1.0384615384615385,4.970367966181926,0.4869836026928335,19.583892370334308,3.2600224534688045,0.3635779553340306,0.17582422816013246,9.38280247306319,0.006206320623305192,0.019953022553230206,0.4583433417371419,78.75782425908699,0.3052974739114681,9.734678382908735,15.0,4.981140584645235,0.5229740606220458,20.440072932221874,30.14897816818582,9.151988444447124,3.0,1.67352242978507
71.09239535218833,-0.38274266264679085,9.317233937365902,-0.6538461538461539,4.969264280863589,0.47696930287482175,19.44573341088556,2.801036458926478,0.4196538033907857,0.13868750204338642,9.076352654827428,0.005898371810518748,0.018903165963169846,0.4278819751604647,77.14929938287479,0.6074901991704036,9.599399781201534,12.0,4.982654888478836,0.5073284397905076,20.403793428192895,30.173808179070495,9.153999741336136,3.0,1.6549366540990889
72.39161710919052,-0.4975087515495218,9.322757642431492,-0.25925925925925924,4.968569474468745,0.4798111598573037,19.539080141699902,3.1047824352646205,0.34334331486550296,0.1270970058734625,9.792637417950862,0.006248297515065233,0.014224122331122364,0.47899364113357984,78.33231601811589,0.17706181213797212,9.611735311863976,15.0,4.979833331479242,0.5046198370194719,20.538530077068312,30.107355332230014,9.199062456718046,3.0,1.8256680352995929
72.32438931921092,-0.5164574910663517,9.393258572587207,1.3076923076923077,4.972116045049696,0.48468054304305064,19.553759888997405,2.5588781538490837,0.24543094515783928,0.1412281271580994,10.697840295230087,0.006058214975755242,0.018401919050396693,0.4000827777792465,79.12631392699618,-0.049589135991701117,9.811732457902544,15.0,4.9821283729774475,0.5269633259446482,20.45766015442056,30.141988159299665,9.162365446631023,3.0,1.8462784245268153
71.71282348986145,-0.40670551237018265,9.345175499700701,3.6923076923076925,4.9695576670186075,0.4812888768866132,19.413727713139224,2.397477926797374,0.37701858799678617,0.1502299707681223,7.902138127256984,0.006890804210333661,0.014651537739879376,0.2739547642937757,76.56763698685285,0.45834526548879817,9.649766814291644,15.0,4.981181454048853,0.5224219784786682,19.939169254375994,30.12845025198683,9.20012502456054,3.0,1.0741998404930833
73.1155268317903,-0.5732992431477562,9.322503927100595,-0.5384615384615384,4.968870348463971,0.47769803495797686,19.60244310576615,2.1498765669261632,0.3766229021763248,0.16057532859272283,8.536035691434506,0.005810285032404082,0.02050541300379838,0.5593304658290427,77.18770153403614,0.1400903160346878,9.59762172327392,12.0,4.980302309078029,0.5210554508656253,21.20981848464985,30.10967788893857,9.16242671863985,3.0,2.774083698824459
72.88285107805837,-0.5062061880821858,9.34166820883945,-2.076923076923077,4.969985307650405,0.48053555386980484,19.4202615119276,2.9578041225755207,0.3206627487464156,0.16465650037559182,10.517103567790008,0.005375029979350228,0.020363384869569873,0.3951114389443308,79.94525170186384,0.3402572936595658,9.639065382553719,15.0,4.979355443060026,0.5131506878984953,20.26646797965904,30.10486436564134,9.214736791909367,3.0,1.65735298720368
72.05900620872904,-0.4577248571979589,9.401193283350143,1.8076923076923077,4.968546578066982,0.4853354069359066,19.568812373197357,3.2220414535962343,0.3883583925063924,0.1368546313408461,9.957676709141895,0.006605675855344583,0.017917688996138267,0.4968125386580281,79.57690060295393,0.2969219542066043,9.686252759931804,15.0,4.980326118897443,0.5170108751355322,20.535953018739402,30.165028428888057,9.142887612007954,3.0,2.353322579823182
71.52510516366857,-0.5684099185103062,9.365715795271445,-1.76,4.968777574975666,0.4827382578611699,19.438134183165076,2.95867740198242,0.33967377362841705,0.1752673947844961,9.609495304124978,0.005863390794680402,0.02070124628663859,0.3874875826310388,77.12860638614508,0.16661197083249923,9.724219315600415,15.0,4.978575131143162,0.5251768604974645,20.165349119351802,30.152581798327745,9.153755847507025,3.0,1.384626529353877
71.42766198444349,-0.4360472854778629,9.33662934339737,0.8846153846153846,4.9718334034667215,0.47875803077850776,19.56916399841819,2.450715911799655,0.3215491146158927,0.15051914291875126,9.435313875488937,0.006613203840799656,0.017985077302706005,0.35993467780613114,76.56752296596602,0.3147223374350654,9.61392076407817,13.0,4.9821430539994,0.5075959659558724,20.292978467657992,30.145839616697565,9.145592791466962,3.0,1.3540584412479966
71.69847665087005,-0.3903322849626809,9.315182114129225,0.38461538461538464,4.970976324942983,0.47696498769503337,19.57455881865722,2.6184456567659415,0.40747524509368777,0.13460193833376052,8.490161378718687,0.008212865667816784,0.015357174622046568,0.3505186349584588,77.39061250648521,0.4219701471101318,9.54661193166435,13.0,4.986428370516823,0.502266370226585,20.36244671053083,30.15613295729095,9.146153643537827,3.0,1.4307595378905482
72.23480651527339,-0.501537814337414,9.347374914034642,2.0434782608695654,4.971294776732443,0.4787565756908708,19.409373349916102,2.842724125485665,0.34851590736859817,0.14135339954689372,8.809472475296445,0.006169319491593881,0.01699075663675014,0.4052310543722201,81.08722115039768,0.10249663957027666,9.552830674678345,14.0,4.983130938021063,0.5095814348538792,20.343901285828487,30.131953196638822,9.189662377036758,3.0,1.6667929931934822
72.04190976115075,-0.5633228936134287,9.300552413775643,-0.96,4.9718565384580025,0.47679358389763316,19.45314679070927,2.8048123863854633,0.3746018984265236,0.18055048610720956,8.263074488348753,0.004595507396290473,0.02070708255427051,0.5314571988545355,78.99466462634959,0.349650110922642,9.646883357665745,12.0,4.979420124296443,0.520150964894654,20.538980568238685,30.112240964028288,9.195208855653112,3.0,1.965218828815651
72.48924287452334,-0.45893378653548805,9.378242196614973,0.5925925925925926,4.970234203537986,0.48264889458624166,19.443270677768307,2.7217461032872845,0.35074144660414336,0.18722689216891572,8.811857580510729,0.007211194374008312,0.02224639537442586,0.44095530108903347,76.83156528948199,0.30101043524863225,9.963122486521437,14.0,4.978817203733357,0.5366308396757677,20.23020019820695,30.134451976127497,9.161673414695441,3.0,1.7059068708644887
71.87481481855556,-0.620457259296503,9.40243748638733,-1.08,4.968897296219496,0.4859657832852531,19.562507728312358,2.8360967192904623,0.3319317712847069,0.1500135509404533,10.818206875448444,0.007182922895381585,0.020611506865291535,0.5077174922639125,77.13453031060152,0.08313956706334047,9.808793363427485,15.0,4.977292040281287,0.5357709655503864,20.711138364817284,30.174284597498424,9.12977945838687,3.0,2.1599681894258147
72.38223649155869,-0.530041990816344,9.3912948118082,-1.9583333333333333,4.96667973228767,0.48274838147530436,19.578163674700658,2.655400384569328,0.37814608694852014,0.16501611283034057,9.244273753098305,0.007162139001829157,0.017216062754272805,0.3982146542862196,77.05479020563854,0.14491596394375916,9.796846327235917,14.0,4.985206788581017,0.513151371625381,20.31190869423937,30.156315322381047,9.155706415927092,3.0,1.5951434181194983
71.41494334620972,-0.48174283580408256,9.367291082107583,1.7391304347826086,4.9690868872954725,0.48577157260985404,19.481603745914587,2.358030843017789,0.262663928641299,0.13796225223160372,8.793364055796244,0.004438961152379685,0.017495637529934136,0.5962091010446431,75.77026764018515,0.14745570195991253,9.619560961343852,14.0,4.9772401391467,0.5168574526476679,20.72395195400899,30.16876413913285,9.162839810739687,3.0,2.9749530426766775
72.43608419584874,-0.6256350681626172,9.369221213549421,-2.2083333333333335,4.970712940963179,0.48275773077019757,19.39661119334576,3.0095082414310332,0.30574077094437424,0.10062411713527981,7.984250991100471,0.00514976647363671,0.012894288145541815,0.45191487497987504,78.78667006902788,0.29542910052521876,9.585768364600746,15.0,4.978970629653583,0.5031500812823957,20.22620319921028,30.084596201102755,9.235519112445452,3.0,2.1044665439833032
72.62292635247569,-0.5152614542280214,9.356434842115886,0.3181818181818182,4.9702804537120935,0.48456602902626694,19.50653062955576,3.0398256653733435,0.3652895310386699,0.10680326903140447,10.033518206656415,0.0047565458094528884,0.013612564853019803,0.40058702395465234,80.81657467802353,0.29438997099225905,9.505439966787568,15.0,4.978984697767713,0.5070184192366711,20.30296308279572,30.104987736137513,9.222113885023319,3.0,1.7658604685706472
72.10666140229816,-0.5102344061815312,9.418580635454624,1.7826086956521738,4.969291722170488,0.4886824118093984,19.46619983954595,2.086898502585227,0.3139539960536249,0.15826123291171865,10.333384149315059,0.005424737892605206,0.019166425184795225,0.4375931157802261,76.13638452236846,0.17913066719085058,9.633635881575405,15.0,4.9810290248158235,0.5170606285713683,20.644507162076543,30.087858585944055,9.217752713484133,3.0,2.2050135181472896
72.4076781359047,-0.45369068819049624,9.39969399499649,0.38461538461538464,4.968727990898518,0.4875416198979391,19.448439219879717,2.7803452098045844,0.2853471421078263,0.20261350126917976,10.374068718451209,0.005866535564283521,0.023028690278167424,0.4262517307946341,78.55601548213077,0.2484626591204473,9.862066719565131,15.0,4.975894146199922,0.5280364577676917,20.424192793756156,30.093298915949138,9.212159710790283,3.0,1.6252497637045238
72.53889718467717,-0.3893322889443001,9.38121865443738,1.32,4.969937176132067,0.4855150293888042,19.54512420945762,2.6424674657424365,0.30786276816507835,0.12677511683138876,9.302558787774467,0.005251829077567438,0.01780618386802157,0.4604557261227103,77.20357006650607,0.1511072463398513,9.6501453169689,15.0,4.980422614286317,0.5147868349155655,20.535218360262142,30.13780619672277,9.186102175819617,3.0,1.9661428628310844
71.63867996423144,-0.552505803145718,9.42028920243533,-5.173913043478261,4.967784089937583,0.488219735026337,19.571617725289325,2.2531402961882576,0.25069842341794146,0.14252582131585737,8.249649130420472,0.006601334202922896,0.018651982543609003,0.4632870967903048,75.69120984850204,-0.07999555142839787,9.64052453909482,14.0,4.978458696196235,0.5247420933837872,20.34135730427052,30.167111600281636,9.114312697096537,3.0,1.8084657769034287
72.03765528302823,-0.5005178879832796,9.348036795952321,0.4782608695652174,4.970330369233145,0.4798292116514767,19.681363602833418,2.6167851875843917,0.29832185284947466,0.14106712658066137,8.505085768641434,0.005646354978832793,0.01725142498910846,0.5433956946871077,75.92613017296523,-0.024070927977625,9.63269787843644,13.0,4.980158929918807,0.5154074129564583,20.715715078629476,30.161221095263855,9.135597803549329,3.0,2.1922503308315555
72.11695232587837,-0.4507948986209478,9.36145982245682,2.269230769230769,4.9700666753627605,0.48530208025065047,19.792903396248985,2.457687577835029,0.4566905330352378,0.1335160754881114,7.798213268275931,0.005578784058645695,0.017694792451388257,0.42233438023593367,77.66698630999359,0.6063352836285366,9.691145545864126,14.0,4.979367379254645,0.5187104075251743,20.459522108531644,30.1910151211681,9.095391663216695,3.0,1.5363348055620385
72.07034288031899,-0.6290333722553534,9.34231647597005,-3.076923076923077,4.970765570493324,0.4791907372224707,19.40095331685632,2.5564383169581157,0.2640203618897689,0.13993795840285875,8.761467548845197,0.004871952273304255,0.014531828230408054,0.4315431304443997,75.9874056166143,-0.17852090535268506,9.56943610085535,14.0,4.981776573312641,0.5040835786156271,20.138878441565545,30.108923372526107,9.177474004160336,3.0,1.6311121547369432
72.2106110520669,-0.49173744497523025,9.40293559731086,0.32,4.971153185631195,0.4866242314341964,19.532829316151044,2.687462371553017,0.42878931932321995,0.1435552430832473,10.212619644341991,0.005057408732323237,0.01498135310330685,0.32573604791168076,77.77906854999281,0.5692763207393259,9.740108741535249,15.0,4.977323960625621,0.5269676182048901,20.062921462738665,30.127936451104617,9.161926587114516,3.0,1.110635583192451
71.17610894761789,-0.49599556219793667,9.36922767948532,1.5454545454545454,4.970243753103342,0.4812464175616322,19.447774692744012,2.6639841423649546,0.30917400163389736,0.15728025759422506,9.722173684779797,0.0059610267435550295,0.017573902945102447,0.4802111767585224,78.19465313825035,0.2035582516583374,9.694966349984806,15.0,4.981953362278475,0.5083240575349771,20.24383916164252,30.155194382518427,9.150479091535514,3.0,2.2239568574164466
72.17888058233775,-0.49335466177802667,9.371398270735506,0.43478260869565216,4.968635772573799,0.48466288989130585,19.4726825783784,3.0683637409272406,0.3499093082965719,0.1634959711266196,9.925049937259201,0.007112133570288326,0.016551423681999432,0.49227877834644124,78.1828824621355,0.31684801651117656,9.6986903612708,15.0,4.9823733455302746,0.5099263066365469,20.99361988946648,30.137367517165583,9.172610705880478,3.0,2.415955796678432
72.87301213463415,-0.5952612527254741,9.392887117871178,-1.4782608695652173,4.970205116970134,0.4831954446804524,19.527089510460904,3.1313449363716197,0.3813839103117768,0.12046968976810148,10.957901914451037,0.0039539054269430345,0.015652096098921535,0.3344247062741313,77.42101712418122,0.12926482844946197,9.662680474110589,14.0,4.977970841144793,0.512502201607108,20.393532726467598,30.119780605012267,9.188201918567412,3.0,1.45438116268965
71.9904648916064,-0.5256950442975159,9.389488072713247,-1.037037037037037,4.970393315075121,0.4849954892944285,19.573504500062523,2.50291779466941,0.3616724812920471,0.1381954343063373,9.639738283989532,0.007018355602930235,0.020858538803937947,0.36695682162840926,80.49571729477704,0.27988424553011426,9.7768569431279,14.0,4.981292732820548,0.523631190474101,20.339423265824728,30.10882494684648,9.196596845868196,3.0,1.568352894095188
71.58106559010552,-0.470269154205429,9.341179559771252,-1.6363636363636365,4.970637240379657,0.47915091678996136,19.519468792643053,2.2848591225821018,0.2927427745658291,0.15568273293566598,9.407663484171026,0.0066446363142204454,0.019593425798334927,0.3492214846955632,76.1843339147614,0.2311445985617594,9.594681365049682,13.0,4.980809787415437,0.5149249251177581,20.142326636229622,30.09246309645841,9.205698938061794,3.0,1.3076646620936536
72.03226401557652,-0.45098038086961323,9.419444272354017,-1.32,4.969036857101602,0.492087778339746,19.503398887394233,2.395526647933221,0.354795588439456,0.16972015657293663,11.069670275125631,0.005204564400945311,0.02038697962593664,0.44740282962265987,78.95872928755804,0.2618894811158974,9.700070342536215,13.0,4.977128681242393,0.5276872489944607,20.117550835954923,30.17586155513616,9.14191926128691,3.0,1.5215632274586781
70.26505039823638,-0.6146027133210132,9.366304684495608,-0.782608695652174,4.971292993781037,0.4826931961445233,19.482724373076945,2.113830289845176,0.2810299926954956,0.17893650550041895,11.115819208361021,0.004384245672574976,0.01746288597458009,0.4208187106856047,74.17626126618752,0.02003576900685855,9.64471280706774,15.0,4.983852378398935,0.5085820789950726,20.322672397244766,30.15351603470549,9.142983965719596,3.0,1.6981282513943086
72.31107150496636,-0.4611965690302808,9.386826209045516,0.2,4.9694669254735455,0.48557212900633034,19.426443315893938,3.2527865596154966,0.33502883134711736,0.16801669044953726,11.562006746235706,0.006547338749841978,0.021553296333105914,0.4251188201586745,77.94126029003556,0.5417040203705643,9.760837030006304,15.0,4.982926229139308,0.5314941912351034,20.248562631044962,30.097553235595203,9.20599309852685,3.0,1.8712567334778605
73.12213906318043,-0.4401581729435231,9.434789871913338,0.8181818181818182,4.969845579311511,0.4897598516787918,19.364337325428075,2.629772316110631,0.29864033075170526,0.13900795323486637,10.088861381094604,0.0064499437603347245,0.017913179381597977,0.4618962104246872,79.05395627590886,0.19054828212738872,9.699682738973097,15.0,4.97961504098613,0.527258616535578,20.683647930053247,30.095754568646264,9.226794584012625,3.0,2.0789624398364666
72.24187279733823,-0.4943214219744276,9.283721431840428,1.2272727272727273,4.968930807378709,0.47474584166006645,19.49779698351945,2.632561310873749,0.3876806026824611,0.19416264068629266,9.802280894965296,0.006495218429606406,0.021541655663806582,0.3756191366418076,76.74639049352233,0.1745757641133654,9.60548776970385,15.0,4.9830205946150485,0.5183864381888759,20.47012222806158,30.102095982600815,9.186792224927352,3.0,1.6631301950043316
71.30844965818913,-0.5039474088746956,9.39491668100252,-1.3636363636363635,4.968376831513232,0.484116689486441,19.46545243532668,2.4978611651485516,0.299952565719902,0.1910660283657212,9.192612916434857,0.006641235495161769,0.02171886040280729,0.4851477386505858,77.32009263963545,0.08976114343723585,9.761598667843463,14.0,4.979201562590616,0.519225725269539,20.372627402816555,30.18063471629044,9.135533857927335,3.0,1.7575369406754646
71.50756049511773,-0.6197188508091792,9.372014048408035,-1.9565217391304348,4.969309469683695,0.48600105815975736,19.559808340919076,3.270026169200983,0.350481035186274,0.1486347017941883,9.773425641568393,0.0057141701402030854,0.018359078938826597,0.5613989962875123,79.58889088975349,-0.03234863684535183,9.596070011851989,15.0,4.979434277232292,0.5196977672215098,20.36570712340038,30.192549591392787,9.103979372384,3.0,2.13201056789293
71.32860320625504,-0.5791547958457585,9.364636367595075,-0.3181818181818182,4.9706001390397985,0.4858127732107643,19.472787835109436,2.3803285189062295,0.34939943673729645,0.13381142618560918,8.936067691391106,0.006943629629704996,0.018464951166100703,0.5856084247542028,74.92773853127349,-0.03722318422245752,9.700380282975907,14.0,4.981735908021873,0.524988558784299,20.583789902473733,30.142017045624907,9.137334659260391,3.0,2.249849822380895
71.77490139251162,-0.6132445745691073,9.423789860194672,-1.7727272727272727,4.968003183360772,0.487340603961213,19.47437609476353,2.7751920664125223,0.3438849138258982,0.13323680137959856,10.013317578386289,0.005358856731180711,0.020900271461581695,0.49700767579817934,77.09279210321648,0.2983990631296023,9.682795571522604,14.0,4.982516652732944,0.5347294738444582,20.517268764009238,30.114927383303623,9.188600368786172,3.0,2.16267199291514
72.05959259835909,-0.5075460994587153,9.345883198788222,-0.64,4.970509135110647,0.4814426961443247,19.557908278605993,2.450606593025562,0.315087841251685,0.16556760623370684,8.880900855206077,0.0073405164983571325,0.01738184877392485,0.5413977328403013,77.84623480040707,0.018658895390069263,9.586021520706362,12.0,4.986254806529236,0.5138641093383245,20.33336141090596,30.105430962083695,9.207447248252063,3.0,1.9308397437604263
72.89762933652405,-0.570633029188825,9.344548111126464,-0.2608695652173913,4.968087474623422,0.48066817398622286,19.43077044668834,2.3302888439912937,0.33121844084550495,0.1558610464979527,9.939894983717613,0.0062433183529795695,0.01840859620393401,0.41120690138973554,76.95913932626578,0.17861711111697565,9.63542391309031,15.0,4.981481767169191,0.5206525730299009,20.14490064929902,30.12349276081522,9.198755693454816,3.0,1.5610081315880286
70.52863997675168,-0.5303892377248647,9.365134300800598,-1.7272727272727273,4.970451399239647,0.48434059153084147,19.459402186922986,2.8370945362231867,0.21790484407679162,0.1802154008172976,8.534325441638705,0.00811831625800473,0.020841898268379115,0.31441154028596346,75.38307012974823,-0.046907996313904965,9.717807873448812,14.0,4.9881502284532075,0.5330362730189773,20.1106699220176,30.163783713149027,9.160965376962091,3.0,1.2664213968629205
72.27104089081676,-0.599269624638491,9.361052093234036,-4.230769230769231,4.971209665300464,0.4811862794015862,19.54451745633282,2.5027627830860424,0.28518139088746747,0.1274038804831712,8.83745391591811,0.005993063287807753,0.012901243675938692,0.4567206050238654,78.24844849875595,-0.09552907395859278,9.666016311042126,15.0,4.981840640160945,0.5090906266301177,20.45007015954711,30.120654111629555,9.1695505778716,3.0,1.665112700228505
71.82612873737496,-0.4764990300789216,9.388913530505993,1.0833333333333333,4.96985781182185,0.4866695419256937,19.61195665021787,2.4285907713309105,0.26196043427059884,0.185626094398693,9.045793988859623,0.004240420138325182,0.02278451655590187,0.45992197984984734,76.11661162956405,0.19140693077148718,9.730877910077664,15.0,4.9800204575645335,0.5284207559357056,20.408776495016376,30.14177094514758,9.162447173985873,3.0,1.904775231979304
72.1631846166989,-0.5802529780809685,9.340381493412888,-2.9615384615384617,4.968089279753479,0.4797755810182735,19.321348798742886,2.7640686955073037,0.34199083263530816,0.16316296519262477,8.26243011947998,0.005110811740839996,0.021355330542696022,0.4399060221366043,79.63885929159973,0.03780905906325094,9.643816249278787,10.0,4.98066586471642,0.5145356265008489,20.430437949190882,30.109183312909757,9.208951164310948,3.0,1.9111649833343733
72.04679232729708,-0.6838181911133125,9.317975268864172,-0.6956521739130435,4.972310492042087,0.4790149496198519,19.57161567953039,3.444261238516313,0.27967436761417125,0.13222639300536262,8.863382329212682,0.004795677902523212,0.01603799770840901,0.5441461075222634,78.88512399743144,-0.16563069479231485,9.503986311687465,15.0,4.986611572798725,0.5123587652734,20.3948761469743,30.122334512335986,9.184883688002627,3.0,2.0390692307878844
71.2991188949216,-0.5267554978999676,9.330497153318586,-1.3846153846153846,4.967910156304817,0.4819271162137752,19.48965965067196,2.7229339718674517,0.3835326487999639,0.14766007012049626,9.35651530743283,0.007500027153620541,0.0195470709389454,0.36749428211666485,77.14242704149967,0.31048490330795886,9.650079305367006,15.0,4.980089283077362,0.5213707453186176,20.171031884092876,30.14394790175531,9.149380767143853,3.0,1.4516008257802753
72.05759065171883,-0.49613512550807065,9.41302713072333,3.3333333333333335,4.968574507631716,0.4886166119236503,19.24811537204761,3.013888869597671,0.44245576533189507,0.13665328864021697,9.902300518341965,0.005439305756690748,0.01601421866523717,0.4211546078689888,77.64755006707713,0.4214705267193134,9.64801234188549,14.0,4.980226379900396,0.5177924341919347,20.012987657000522,30.069244427163433,9.254751732823685,3.0,1.3857641622241808
71.8252599954368,-0.4471020262524459,9.374797094004725,1.2307692307692308,4.968949530675203,0.48507532653980967,19.526679257725167,2.7999775284470543,0.39953648819416165,0.1717640737415672,9.652850086523637,0.006211291940494895,0.02147578342131606,0.3381918911790687,78.23614019636582,0.6663567941939519,9.815531185404486,14.0,4.978730652454095,0.540256021428549,20.15253873103284,30.140496051703046,9.169515807990308,3.0,1.3023488889843158
71.79104618542415,-0.5713850895841421,9.39480235032856,-0.6521739130434783,4.969180452577795,0.4890087484888959,19.384170728428636,2.728975847818897,0.40506118827814197,0.1396199662242966,10.403213114234902,0.006637490764917317,0.01341828978200127,0.45859355160430587,78.18330338835608,0.39463905686281764,9.587295897645994,15.0,4.979741220368205,0.5110676182745086,20.142440644783246,30.134483136179767,9.17958146524621,3.0,1.7708361915993756
71.98251992144313,-0.4991657117435222,9.38568284614728,-2.1153846153846154,4.969437736991234,0.48595421782461173,19.611751473931864,3.033771030726336,0.3758574615758988,0.1446545605147295,8.581406210195313,0.006651712923562758,0.016647328333210296,0.3841895605110399,80.33187957098939,0.36703075360636794,9.6987472176583,11.0,4.987344000882347,0.5184484842944789,20.42374256666065,30.161207337696197,9.133145418445839,3.0,1.6140761031443027
72.20993075229602,-0.3815767569421276,9.360933168578187,-3.0,4.969910723283007,0.4823269404565991,19.58154640849913,2.8509541049917417,0.3538971815071039,0.18151142382075333,8.32165848854662,0.006029136055719274,0.021866883592260047,0.6072811331661198,77.578608402024,0.13243695435328096,9.691697383314464,12.0,4.980956448422771,0.5168577280671578,20.752445200782788,30.12526249818654,9.188689064405727,3.0,2.2305417555017897
72.77958848695435,-0.5378612737311919,9.39727486916426,-2.6923076923076925,4.968491413567145,0.48747707568208387,19.393461379082886,2.884862545462784,0.3948328612642162,0.18019460490276124,9.088324000391639,0.006829741025320477,0.023500852404502143,0.4506208732080345,80.4802972503164,0.5915542605705055,9.923414062508392,15.0,4.978796198541486,0.5364016631496042,20.459516514609586,30.106464994124032,9.18532442769687,3.0,1.8449698887968893
71.44699911520132,-0.5057347833781781,9.351800013381547,0.5384615384615384,4.969119257856695,0.4790825479178435,19.34697517303619,3.335623327127892,0.32526606569549177,0.1475716169027219,9.385876333950549,0.005141671251691355,0.018465611702208992,0.4393473565480129,76.08314573541091,0.08200765738923876,9.716392276684939,15.0,4.975809284260341,0.5216160602334774,20.11160593580964,30.140921723147123,9.157928498422429,3.0,1.4417160984233313
72.75343699259545,-0.49976653974412494,9.389727046526591,-0.7037037037037037,4.969217340482889,0.4860906903558956,19.556238880366465,2.1968639490010333,0.3861639128316,0.18795195716215865,9.5367313866879,0.006158241524608261,0.02440075305854813,0.4384014478415461,78.78778592321115,0.3050230860776695,9.706852455912133,15.0,4.981317236869929,0.5323896380918948,20.66806299412091,30.12110352150727,9.181414862119897,3.0,1.9197368660590222
71.98714780914523,-0.5741490596941635,9.35952814485576,-3.076923076923077,4.971812059760811,0.48354705379924756,19.469829589904897,2.10075158721319,0.34534112452982596,0.13757308622200207,9.24422096781417,0.0069973982747272515,0.015714089039060394,0.5089580237037125,76.21667149151816,0.11258239363045985,9.591134119152725,15.0,4.983715602906093,0.5197199774305588,20.34428833402504,30.109386520608062,9.199060359446348,3.0,1.8629147761859919
71.61362796546531,-0.3604325377434276,9.403043285294594,2.48,4.9684012013725045,0.4849114590751364,19.514110720365185,2.522364364144865,0.3683934277936795,0.18220613138852104,9.466234731930113,0.005769989479406871,0.02036253048316338,0.4228075733002026,76.63363722360512,0.33833480282758055,9.8712282141169,13.0,4.978031389518762,0.5320482192252106,20.29348714903857,30.15333772671029,9.152444870826509,3.0,1.5635641563248086
72.26568568970902,-0.4541317328953657,9.372514723963283,-1.1304347826086956,4.967497496314827,0.4816353434777603,19.537755421037527,2.6252299976600915,0.3847931090955176,0.22918727579460893,10.135192016053194,0.005957444498265609,0.0262473008835669,0.4616208038173775,77.40139042128564,0.27211923258944815,9.66489029289283,13.0,4.978380854597538,0.5217562138666627,20.497341911811525,30.115055311136445,9.198980291314507,3.0,2.0247802646676227
71.98954598267062,-0.568107041285523,9.397119920454186,-0.5,4.9690758701422535,0.4870139108451212,19.581343575931847,3.365608439409739,0.2865317224655207,0.14175628115943864,8.993684652930835,0.004926121673849644,0.018721581224594996,0.4204935235000147,78.86941298663943,0.09872211005737896,9.78994770650243,14.0,4.978073266364916,0.5340910174007802,20.622384940914614,30.206017422809428,9.115417692692294,3.0,1.9228934200938852
70.9189518984446,-0.346349075353053,9.365880540456649,0.75,4.970185633059281,0.4833884283707037,19.452736713427104,2.217022386976301,0.32108529382603146,0.1509305913230745,9.760677913615085,0.005936947674102489,0.01965063621481535,0.470426781875595,75.85829943990136,0.4448425973263884,9.693928787947359,14.0,4.981881514746616,0.5287517541489001,20.337257173497473,30.125200573606804,9.186328373927383,3.0,1.905795377347797
71.61839677260924,-0.6187949820278565,9.36488247750486,-0.7407407407407407,4.97040986831653,0.4835487557392874,19.618471770953633,2.6683603491093324,0.36665533907878145,0.14182922468794715,9.916662343948984,0.005678206883300953,0.01721256100940251,0.4185810448098589,78.8974412448824,0.11197470438909773,9.64431216018173,15.0,4.980346585344682,0.5164735859257191,20.680204645458893,30.13905574802869,9.15532127168267,3.0,1.942662433194652
72.49854960192991,-0.510217419533185,9.32857369593272,1.0909090909090908,4.969532255463945,0.47975082438905636,19.61371767190209,2.694013188113888,0.4092539817324947,0.19491749516806472,9.149809192789913,0.00548135081066495,0.021905116588799102,0.4065152075363996,77.36858270549442,0.26285823752580995,9.656555698866944,14.0,4.981265601266002,0.524203041519064,20.26436446216211,30.13776119070976,9.167692293014818,3.0,1.5103154018247373
71.32459135261085,-0.5534766083770066,9.346708305718845,-0.32,4.970943222215913,0.48337775286116313,19.610353189875998,2.8217812130763473,0.31738877259499876,0.1276454674801782,8.2059490615041,0.006324186872434667,0.012891970999473621,0.5862011027466987,76.4148715046629,-0.041856850637874476,9.57973798981778,14.0,4.979066494030395,0.5043070142591022,20.629724540568755,30.126499937753472,9.167714695951119,3.0,2.1672063528305365
72.03679312018696,-0.3639273565146785,9.347968867088579,0.6666666666666666,4.967412133654028,0.48149060092895934,19.60665849488705,2.7123375441619584,0.4072569528007385,0.15639237790840307,8.232726023485645,0.007770994435600796,0.019397022539674704,0.48529270255274903,78.00436899371061,0.4913250128695956,9.63387693215218,13.0,4.976889544134837,0.5206381822474658,20.82714481011466,30.107135807403047,9.185565821552633,3.0,2.1665964365846833
72.32958452273282,-0.5061068280853414,9.368418988799695,-2.0416666666666665,4.969097143834328,0.482302082388999,19.44911159379936,3.415126769985942,0.3251273388109359,0.1448502040464367,9.493327334970013,0.0063333612172582696,0.01777898303479054,0.509237810689212,80.07202308456667,0.40961321864221145,9.666204522491647,15.0,4.976787279717085,0.5059355763662147,20.429623267937142,30.09939384116157,9.20406996164551,3.0,1.8803765230133607
71.91210507873934,-0.4539371490148422,9.360493862137531,-0.64,4.97041082097602,0.4819750411261363,19.507152686752722,2.770738774835221,0.3464365767903869,0.15763219303441306,8.67585154322041,0.005546844901977178,0.017053141252523964,0.49116411278461874,78.4657407940258,0.22790713154497744,9.630973560845833,15.0,4.982456012977552,0.5077279787860478,20.389949503947708,30.153163286416707,9.129987999726884,3.0,1.880450721932366
72.33325560329833,-0.5521948431401207,9.406422831210927,-1.7692307692307692,4.969954094359985,0.48829681487344856,19.464397110625313,3.345328031179142,0.4901465847272912,0.15385195497329338,10.587756689496427,0.006784701036600732,0.01933350278305699,0.5584399684120386,78.16467576117593,0.467440387998607,9.771168981280297,15.0,4.9807829285295595,0.5609474956264878,20.469633678136763,30.14487645818626,9.1566731663645,3.0,2.156895374339353
72.53180966567268,-0.49630817214830664,9.318512456461109,0.037037037037037035,4.969813578407242,0.4761377614927757,19.685492716577738,3.0837175709762525,0.31121717076932726,0.17313791540520498,8.284217397407986,0.006197076093000464,0.019851000008798393,0.4794997571022939,78.07963350349384,0.19126722412560837,9.730991616403198,14.0,4.987007497495368,0.5198623919732983,21.018675043877323,30.187446074980333,9.11501068778101,3.0,2.2446183574901077
71.90089749266478,-0.5438415317477916,9.407902560938643,1.4166666666666667,4.9690545603453184,0.49048043831489835,19.44103055760432,2.9914673007565677,0.3461711837407151,0.1450948006646711,10.123885398183623,0.007303427143396012,0.019381713398498493,0.4598321821972342,78.30962754731922,0.16640654350937034,9.710381273735708,14.0,4.982628609324839,0.527802288258248,20.166205480549376,30.137742288657105,9.155563964260079,3.0,1.876220047781537
73.12087583713642,-0.46911367656307545,9.379135575842966,2.4074074074074074,4.96871796225434,0.48625265653022465,19.510264036090152,2.30660573814121,0.4051413310560663,0.14226738648330198,8.912160893800232,0.006308833596005426,0.020353930408355217,0.4568750859041647,77.30322263433091,0.33044133417427746,9.641025836710064,14.0,4.97853005127458,0.5243272322506158,20.72103969176978,30.100678438666847,9.210828050722661,3.0,1.9709601365286993
72.06105423564408,-0.5007189525419501,9.390039832550276,0.8260869565217391,4.96873521159232,0.48864076481415947,19.529880677525536,3.241899807877333,0.4300979829925028,0.17095110506252373,9.005564337448087,0.007537662527032966,0.019760224308998164,0.4713486491288086,79.514059708436,0.4858332523716278,9.73107353381417,14.0,4.982553083423358,0.5295772404265284,20.557411455426294,30.15790303265944,9.155722681680938,3.0,1.9992828865831456
71.74144842633252,-0.41728043358443223,9.297432003699885,2.12,4.969283238624822,0.4778730443407181,19.3318137756427,2.622858828529214,0.45257170413824654,0.17475482614109356,9.957188358166174,0.00698232587676552,0.0201228836383958,0.3888535966930284,76.94197726074879,0.4178646480905477,9.63697460045154,15.0,4.982559878541133,0.5095012700959605,20.317703127727484,30.13532217702265,9.157367327973992,3.0,1.7522854184837442
71.71700813882322,-0.4679750542266958,9.40227925887456,1.0,4.970624507843629,0.48594787968535225,19.561358270686473,1.99033451811628,0.2977602450845001,0.16862518473376267,10.171604517554664,0.00565993048560394,0.019480458583151773,0.3674266571148055,75.88162711870598,-0.02142510739391046,9.752802326156178,15.0,4.982751836566861,0.5196287411848343,20.216599278432113,30.168167994051803,9.13569413056782,3.0,1.4711862393455561
73.00912184547505,-0.4310075275059034,9.387891170228064,5.076923076923077,4.97015149809554,0.48655600741049787,19.64740208242633,3.5737889199392394,0.3863220400475749,0.15853932964602552,7.82954501538429,0.006091384547173691,0.016465156698123436,0.4150701094528267,80.39345038374418,0.5657601435775337,9.806454762387329,15.0,4.977754753055784,0.5176985618190446,20.26162418611652,30.189376979057535,9.129448394616603,3.0,1.486370886407471
72.21863972999309,-0.6108096095966988,9.350474930586266,-1.04,4.968306490109946,0.479190285302085,19.69864982475537,2.8353802560295174,0.4799318953730879,0.14890248556890684,9.993918150555368,0.007258084073387322,0.020827713372316755,0.4303788018623962,78.8442153849197,0.1977790648075859,9.739132027631074,15.0,4.979425744972671,0.5234790400588443,20.50356364016259,30.147552555784003,9.177972275791083,3.0,1.7547737875710965
72.1685862753552,-0.7068815206422798,9.298962505535474,-4.615384615384615,4.970982191663468,0.47699681653898635,19.419200125983682,2.977292906743849,0.3288563392176136,0.14701351953264422,8.100697610400472,0.0055048914657524674,0.018654488675470784,0.34956745078777124,79.57170387538886,-0.1272792818232753,9.529756223143547,14.0,4.982190820244279,0.5106405617362091,20.40044072680942,30.131978072534807,9.174520197195696,3.0,1.713968067289283
71.98620091289871,-0.41822002662219054,9.35938160948737,2.56,4.971603637936329,0.4824864133068779,19.444465461588273,2.974692281596684,0.3366930192427757,0.11596438953776246,8.527977485898987,0.005454590354608541,0.015086689509053213,0.5212093386384011,77.78429844595065,0.34257605910236677,9.605549464007861,15.0,4.983832937030034,0.5190356854433451,20.56406541934385,30.12410711740945,9.178143452683763,3.0,2.576377988007909
71.54509158097972,-0.5932378507096544,9.349731429787104,-2.56,4.97235968348791,0.4815819416785093,19.538627009032208,2.2240703404172706,0.33180878798066793,0.1703302352874597,10.162991685522526,0.005302225529146346,0.020503307859567,0.343706973120663,77.14384971719393,0.009416828218447915,9.67621855942794,15.0,4.98025486608762,0.5114829583877972,20.101101486259836,30.148799443809885,9.149277005980288,3.0,1.2604946774765011
71.61725449638364,-0.5910963359001806,9.411730686081532,0.7916666666666666,4.969243579244986,0.48906204896701766,19.47117171965014,2.3771461344618268,0.35363925736154217,0.1573249766782818,9.119480827084159,0.005907712995498488,0.017322625541164455,0.5263675928678313,77.64533497012292,0.0617589312397715,9.71391144608102,15.0,4.9821426182004895,0.5187221806825612,20.72084588745331,30.179374900287804,9.11705170728081,3.0,2.0889497055154003
72.18352123851503,-0.481952592085712,9.366186285922135,1.88,4.970757540474596,0.4825515818765734,19.50156534241586,3.155983178101773,0.3642202960826942,0.16721024505527332,9.300838671861802,0.00561384017584366,0.018107342223093407,0.41829545812751906,77.46250074652778,0.4221369902854869,9.73336002060712,15.0,4.979556254717102,0.5219833150229884,20.32259216129144,30.114909633159616,9.19380826190944,3.0,1.700555984840392
72.68130373153049,-0.4622611887512909,9.361048951871808,-1.826086956521739,4.9663476021598285,0.4859820347119655,19.432244032114134,3.466658638934732,0.43763041919495754,0.18636421725896218,9.743011648994296,0.005183125817931708,0.020482586239886972,0.3796341520108833,78.15909970456644,0.5729385704702956,9.712921072681992,15.0,4.977870780214081,0.5271565489035986,20.02632509871787,30.13761470517504,9.156485252158703,3.0,1.2890529127431591
71.9783421747988,-0.531577560074183,9.34025707980882,-1.5,4.970024985022233,0.48272074003107046,19.56920869592564,2.1853821287780026,0.36738154868290895,0.13284680172898805,8.301606270274847,0.005937017066012535,0.01597946425032349,0.3834785376205736,74.48115714290657,0.05386793931203204,9.637686405670852,15.0,4.980803088914173,0.5269460329790979,20.305492959412938,30.133098173834554,9.150282022145891,3.0,1.5065384610912318
71.34137624975396,-0.6114297990738171,9.383030771169059,-0.20833333333333334,4.967529416452581,0.48218413654981895,19.481041769410616,2.645042675295779,0.36903979111960855,0.17355991616942099,10.189779056595006,0.007017067408362489,0.020131814158607625,0.40894203448231414,76.36803162798574,0.19250612074914586,9.618424668119186,15.0,4.979064760940506,0.5172390768472558,20.399634522892235,30.115196689786103,9.199576300404155,3.0,1.678940630500307
71.68232542575828,-0.5185208412714775,9.370147691938286,-2.1363636363636362,4.970551429664422,0.479700872002114,19.340854394997,2.5924239047570814,0.30776447370297694,0.169117433266846,9.2505304739559,0.004893399522353611,0.019429793934336803,0.4583508342627229,75.8197635311667,0.3502034055521579,9.677091351544583,13.0,4.979381619390081,0.5073959688128697,20.263362729488982,30.11051071357885,9.208356602481848,3.0,1.6045652228076506
72.22078607838101,-0.5545707240013356,9.364158863150871,0.125,4.969306447710147,0.48206907553472406,19.598416264251917,2.39679599549493,0.3151032796514929,0.1665640692944284,10.092540562217225,0.006767265628919828,0.015836757961037787,0.3996908511072665,78.55831706736828,0.02379765962154723,9.655916320118683,15.0,4.983608928423969,0.5091894867537209,20.778959906331558,30.12336734779434,9.149821822328821,3.0,1.8734780836085037
71.68740112371901,-0.38070779187134746,9.36862117938327,2.0434782608695654,4.969393679150315,0.48511739257571135,19.42632429423937,2.987145050540484,0.3424298783886783,0.16551841137351248,8.38983992628333,0.007824944262880594,0.024849871430479512,0.43909226426297726,78.67126668796092,0.3444650169126313,9.760509792600024,15.0,4.979464661409557,0.5414494171913394,20.144568033292785,30.104789257244306,9.201516967040414,3.0,1.6239641931187379
72.47237251663233,-0.4634012976342538,9.373349522766574,-0.5416666666666666,4.968562759048897,0.48480255323578664,19.470457270085188,3.134018674662008,0.41146675896797497,0.14545862269008225,9.331752098197969,0.006347844580283178,0.01863566557880437,0.42305747834257634,79.35154452316847,0.4666617512412753,9.605713145283634,15.0,4.980765798691764,0.5258312951141306,20.383292472539644,30.097327192913603,9.19903975284697,3.0,1.700685160459134
72.59741498594049,-0.586049233968331,9.320710586139613,0.5652173913043478,4.970372090312429,0.47602746971534476,19.460578699368003,3.7164707938158363,0.3370242093187673,0.11327175080261091,8.318790082157493,0.0056447903744816785,0.015242924734950376,0.5028284762216381,79.55630013559183,0.051760983403752014,9.505350906638144,15.0,4.9812150116659275,0.5089686556709637,20.47896344678096,30.084915814277117,9.214285526192965,3.0,1.7399880903434095
72.47307284710267,-0.4238619940937952,9.367327292820159,-2.260869565217391,4.971039817189234,0.48444873341000283,19.4951984585577,1.7996003874426965,0.32964192159551614,0.13927127408936044,8.945328590481314,0.005817109005924932,0.017089301550503408,0.41448962833070513,76.84572117813047,0.6350135287458187,9.709998564711487,15.0,4.9834814453961815,0.525745706279475,20.289183424077663,30.08139446667351,9.222916615791563,3.0,1.6592894025777802
72.86177456858915,-0.6629868560473282,9.440663291285373,-1.7916666666666667,4.970920661335216,0.49235721717183273,19.503078595447104,3.4482607898075295,0.3361846348303635,0.15586260790611609,10.980965222703432,0.006461874712208265,0.01856853831115913,0.5149311013710686,78.35883589399513,0.05838524134317913,9.715502953400758,15.0,4.981843679802779,0.5311189219320198,20.556584179923767,30.123840622655834,9.162608695987121,3.0,1.8988269078731612
72.47066021501603,-0.6667805038493302,9.386798703458497,-2.16,4.969064238579914,0.4841367832860021,19.484173140003207,3.047860653215893,0.3458209449303667,0.1811605438486405,9.710530366565978,0.007458297632940419,0.02135054329222734,0.5179049083351749,78.50460051840024,-0.028554291890186878,9.73075568062142,14.0,4.983083437684703,0.526829058764394,20.563240017387127,30.132868836209227,9.16066805715112,3.0,2.33400899218012
71.60837351643556,-0.5230348134707608,9.430889599832977,-3.0434782608695654,4.970689965786435,0.4913142945297842,19.432446642463216,2.9254627137139635,0.30410008678076683,0.1161484407491912,9.68404452367315,0.005706679536901042,0.018551433810597436,0.46794691263434524,77.82620653575651,0.36543683112132685,9.677029242113806,14.0,4.981746375851188,0.5198779665298754,20.35871818740153,30.114521262823935,9.210253334091343,3.0,1.8056452048550398
72.14025356473958,-0.4379985108847179,9.41982284232713,0.4,4.970146082153421,0.4874384653198935,19.416039929861945,2.801228183094305,0.29836402036785986,0.14004390432042177,9.090654541890808,0.004128525409778261,0.01536407768809637,0.38034061999868235,77.37148443999246,0.045436881814375996,9.689880507252248,15.0,4.979037551465213,0.5181118558874425,20.384187204417845,30.092663998358947,9.206172185170763,3.0,1.6055246917342352
72.79575675806213,-0.5376261491762762,9.35450765071962,-0.4230769230769231,4.9673582638341,0.47948207110698615,19.62542218426981,3.2460302312618174,0.4643439941572834,0.14926369468613185,9.703976492310439,0.0064015099543283304,0.018734187478809252,0.44728527795967,81.06739717274917,0.32313236415054936,9.761605932932415,15.0,4.975549811414117,0.5213865379284867,20.562231686700038,30.11054383112156,9.1877445226847,3.0,1.7561531701779245
71.6078896860166,-0.5882974825247049,9.36336716956524,-1.3043478260869565,4.967557533284819,0.4842123219409038,19.52482282190531,2.5895564491937577,0.2897033264926996,0.153513285957854,9.261583969178679,0.0049428415036281625,0.021556473826126663,0.5623470290210109,76.23969926631196,-0.061050707925027536,9.672064821493647,13.0,4.976359539856819,0.5302995601633059,20.663123864938946,30.189115567383528,9.12441258576891,3.0,1.969650919485467
73.05038740092635,-0.5467126047547962,9.378337774185121,-2.4,4.968424706643939,0.4824302562370702,19.566212963513607,2.9221248497679544,0.40046287469310754,0.13473090527333384,9.658157174119708,0.006797438853650711,0.01726400042242222,0.4377273758978706,79.52534689020814,0.02600534264099652,9.69917078694052,14.0,4.979589355081538,0.513612119688997,20.35733088133444,30.11198612039124,9.167210891263858,3.0,1.6277900855362404
72.4498450431463,-0.5891535666894115,9.402533090587333,-0.8888888888888888,4.970058232427494,0.48808250458869684,19.581338908623344,2.8515494035225357,0.31143597927281325,0.15917682191657026,10.049261381862234,0.005903760191918782,0.02009097794452714,0.4548796903748499,76.4482616010976,0.06412422962004594,9.705044077475376,14.0,4.978910775325295,0.542124231975582,20.542561522992546,30.158255107803146,9.154781906147305,3.0,2.0110581364662217
72.0478493184539,-0.6087836302838663,9.408173576025955,-0.6923076923076923,4.968987528488079,0.4871501599390075,19.69982230823287,3.0485308648180034,0.3178223549476293,0.13623386839215437,10.294768016847687,0.006128925050090993,0.018210688714813867,0.40654614107993553,78.43884193227194,0.12842164408878132,9.62260341832019,15.0,4.979132047351946,0.5220702149939331,20.39478925674392,30.132409505943837,9.160048423981918,3.0,1.4823984913206516
72.31347496194171,-0.4733250074389507,9.337857692322522,0.21739130434782608,4.970176744505216,0.47851989312908666,19.59272578139296,2.44000638433807,0.3995790585955891,0.1632187507711011,10.270076930151436,0.008243491023480671,0.019164648978891294,0.22257913634570006,76.24535902848484,0.6370877842970113,9.609438130695994,15.0,4.9858473019897795,0.5165217548620031,20.179242349540935,30.172417910810577,9.168801159777377,3.0,0.8962006757374965
71.79651124986054,-0.5223667250447322,9.377297156997011,-1.1851851851851851,4.969314959989871,0.48230289608934407,19.576337537125543,2.8774072657486665,0.359663623635344,0.13653364198773094,9.59180605956068,0.00577045471191311,0.015111540473065605,0.42937598753573947,76.20719446030982,0.1716932773732326,9.663810873511125,14.0,4.978624771489674,0.5182128353855063,20.350004662678124,30.13326063584097,9.172122479267355,3.0,1.4620948093613322
72.40113715208228,-0.43863745217229316,9.36859904213846,0.0,4.967331133092414,0.4830118770882732,19.44597091085976,3.0261742130560054,0.3573171013261181,0.142751834597291,10.43595184490092,0.008546645816757778,0.015068808603939336,0.5808001879699277,78.04906392358,0.11521128965753524,9.66157603998294,15.0,4.980072272625872,0.5071362216194202,20.23335738709479,30.12976256630229,9.177148217844579,3.0,2.1670659032457564
72.06815897700143,-0.45782495731686446,9.366608476100776,-1.1153846153846154,4.969477711531218,0.48183281337555844,19.37629284262165,3.156844893665901,0.31497023935766255,0.18275597179360475,10.503944032442595,0.006196501565141766,0.021072223180592334,0.43270996509460413,78.59904552420568,0.1304743634938288,9.771233847215946,15.0,4.980627070630431,0.5274549803445739,20.2406854854763,30.093792653960897,9.200754665620446,3.0,2.1981429777485637
72.02224271497194,-0.512252893469512,9.339673818512454,-0.6363636363636364,4.970279971595787,0.4830458196675529,19.383802942150325,2.429941278087924,0.2892635389502612,0.17329339048942666,7.492696168120565,0.003177351058023622,0.02163738208696676,0.4630397132373084,77.95469212156164,0.06809363289849268,9.608774628459221,13.0,4.976707084631317,0.521017779277412,20.005633928343567,30.084163319696074,9.226698098842833,3.0,1.7261262963228674
72.34260936141584,-0.4067371362914864,9.33153038282631,0.64,4.970753356655127,0.4806301489026313,19.587771338831168,2.8112980732207062,0.2996162506886075,0.13799070049121276,7.974358908401353,0.006080195234785369,0.017509256166614025,0.521047679686102,79.34301879195176,0.0894704778303782,9.647625855256889,15.0,4.9817641271051505,0.521388890135093,20.566835242807436,30.141567803215054,9.156660200362868,3.0,1.8546545978372038
71.5974929889797,-0.478714070922391,9.42844588573923,2.25,4.967347261205106,0.4879056023179516,19.598503307787592,2.841680292964769,0.4139262519034059,0.15741369828243348,9.544850269473413,0.007929029528352918,0.020601487909100016,0.41524233755162404,76.38800969484534,0.5023048583385508,9.77770212581985,15.0,4.980653853913919,0.528267944115292,20.48938550409702,30.123698551103846,9.171173762570897,3.0,1.8910044474920156
71.91179149200714,-0.4336670120325693,9.387398114325437,-0.5769230769230769,4.968260109895296,0.48671473320531905,19.469682716789695,3.147709693982465,0.46869186448300343,0.1669081891736979,9.030602147582906,0.006209878297974948,0.01694094423221143,0.42280094301769455,78.3008868197658,0.741708546917848,9.720389380755796,14.0,4.980398242753981,0.5207701318769836,20.590903559155414,30.09391880455852,9.209915583318304,3.0,1.7536168076500545
71.92021944913947,-0.3630446579700904,9.378016895148406,3.76,4.967791031009785,0.48388842732825954,19.42981332676132,2.719793463344376,0.3777732399784123,0.14530312596860104,7.43655834375015,0.006410537434364918,0.018919885701477863,0.41374185622890575,77.0647639040074,0.602354012930523,9.648676456919988,14.0,4.977753688350354,0.5252956745107273,20.271381738469497,30.089329614927262,9.213349027796466,3.0,1.697790973945196
71.51063836834186,-0.6224914508123048,9.349403378321917,-3.772727272727273,4.969639410492264,0.4819998044757798,19.550313694054548,3.5386942865838473,0.35532670943696765,0.1114272319509634,9.090113601559455,0.0053805027499104945,0.014066525752710647,0.40587729506769893,77.58979420809763,0.22109022068696937,9.569735183717643,15.0,4.980956089563587,0.5102030773725353,20.224265677784715,30.134767694631876,9.165123475299914,3.0,1.4895273951141057
72.30625705323695,-0.5081060211440285,9.382105776039838,2.227272727272727,4.968947581809649,0.48426294673522036,19.562672104486577,1.9960395906786224,0.2796447954572255,0.12885410639064096,8.831409947052201,0.006813636526921052,0.013021123620375738,0.38695304044284284,77.33271808883407,0.05503009081725141,9.652516401886125,14.0,4.98058220010077,0.509445407115991,20.35230684050845,30.098044120670657,9.197468452193718,3.0,1.5414380043518854
71.89700973111263,-0.5648772092548733,9.363261943640858,-0.84,4.968865158851657,0.4828964571651605,19.562075904116192,2.899806800848393,0.34905010093523586,0.16336289494667142,8.068110063701411,0.005268790476285507,0.018989551471129826,0.3583444775978026,77.81361773895964,0.1226187322564336,9.655092271402914,13.0,4.977623011136302,0.5285454304752539,20.34108725408976,30.172131244509146,9.128555333882087,3.0,1.4322102213901147
71.13159902992756,-0.5829344101077971,9.34110753592111,-0.7083333333333334,4.970926813135091,0.4803736828104517,19.52760246273505,3.012527951576185,0.3058041056903074,0.13646969067028367,8.01810018368164,0.005203275078155529,0.018431361599591096,0.4347927574792544,77.60937799566199,0.21334417289886554,9.62902796206359,12.0,4.981061060112611,0.5144355315831431,20.484779854610828,30.140755002384587,9.145585079037362,3.0,1.926773396896074
72.00110845154927,-0.6427402310833256,9.344710380535037,-1.96,4.97015417957262,0.48433925912525416,19.69434476901559,2.699988270756814,0.35229805771995465,0.15638676189431883,9.271375302510409,0.007134111476002666,0.018720575400005185,0.4779103167698951,78.20033764398137,0.06063019571139283,9.634341126100109,15.0,4.98516858166492,0.5214764937503263,20.519309339971596,30.167740486678625,9.136554708544859,3.0,1.8475443226758763
71.26594572862422,-0.6607320537856148,9.343171543787767,-4.166666666666667,4.969742177831891,0.4786855421061615,19.582953915857086,2.3410729728986546,0.31288855983055347,0.17061210676976518,8.444261693928933,0.006506430679699743,0.01847709357449043,0.43131973737079804,75.26393861174026,-0.149644118555611,9.67628372318516,10.0,4.9790105481497715,0.5114238127751803,20.281148404857028,30.188955751140174,9.132650645440611,3.0,1.4032710848715944
72.2690008800302,-0.44908478284154446,9.372759704402712,1.826086956521739,4.967940180987576,0.48698395939505545,19.31453372413768,2.518005217240591,0.326269158549935,0.1933650142320562,9.044105329430316,0.006613274302818784,0.02164777136501291,0.44933419351732923,78.32757858962756,0.02955768260256364,9.649456475516198,15.0,4.977603093723319,0.5241073546861686,20.4551847333865,30.03661178324708,9.273625811079631,3.0,1.8557780606856618
72.05308333370036,-0.43101831505295957,9.379817486291227,-0.2222222222222222,4.969665082620464,0.48522834705981155,19.476690733443498,2.6070796951828816,0.2969433227036783,0.12789388524049872,9.708084959467904,0.005201525304059752,0.016953967656018056,0.48399251201784477,77.23139247688479,0.05828334893394693,9.67840257808267,14.0,4.979986432226276,0.5194601048777909,20.455311246424223,30.137157023445226,9.152392161766683,3.0,2.263049081702704
72.42842565784017,-0.5269033307290412,9.406195674398818,-1.6153846153846154,4.968686294481069,0.488197203926197,19.572470717705986,3.0846766427075005,0.3411100666608046,0.1546545263517443,9.675810135339983,0.008110308639125315,0.01909483085844892,0.3313663778600738,77.45146911720379,0.06451280974529672,9.68227416496337,15.0,4.978920175643207,0.5225804362679382,20.239787580984142,30.115644348459,9.18645429086854,3.0,1.2870953886644756
71.62590346078595,-0.4545329571130737,9.378903800728638,-1.6666666666666667,4.969829380216947,0.4813266866853543,19.37440066777499,2.1838264602169963,0.4417305532559787,0.16566994420204426,9.159087776022723,0.005501984136458394,0.017020049272304303,0.3701880726727188,74.820672871679,0.607540980489771,9.740672875530725,14.0,4.978628419332795,0.5174223802491039,20.10266594976291,30.113879290923165,9.171513741786121,3.0,1.4902019050560789
73.31689128463556,-0.5287340434762817,9.308205043924563,-3.5454545454545454,4.968522965904973,0.47920311569909707,19.536528384483773,2.8107090248921818,0.3054625211856166,0.15788846532800135,9.82449292111429,0.004962121421253614,0.01620253283131279,0.35272294350400774,80.93304197119275,-0.06026854303127793,9.55248817373355,15.0,4.978427049429479,0.5054080942481595,20.26139372069296,30.065908949403514,9.214628211765492,3.0,1.4659513384219984
72.8043635015294,-0.5229897963418287,9.335199584950205,-1.4444444444444444,4.970443651527513,0.4789085442212408,19.557441178871574,2.6430174292493724,0.3120184078071881,0.1777800033241115,10.071350394333031,0.005464294916584158,0.019473641440303044,0.4119200218799105,77.45635867101481,-0.051821786677761605,9.737293523100503,15.0,4.9830791564099925,0.5252099295979349,20.33808654155777,30.12936807245808,9.175717435364662,3.0,1.7941014664745438
71.72336982285118,-0.5064339899470479,9.36060719191375,0.8333333333333334,4.971442200810685,0.48298615571132614,19.454691174174737,2.742822244133125,0.2982641945518376,0.15873555037039996,9.498537899183338,0.005540798152151414,0.019349137559565542,0.4331356730466237,77.99879137266979,0.23111226418243103,9.729152121124418,13.0,4.979188560063971,0.5326612931222723,20.30588424076873,30.100664640026054,9.18667626367272,3.0,1.5307084095741281
72.5377429593703,-0.5480580760400614,9.402243171810168,0.9565217391304348,4.970875599078263,0.48716235539233976,19.38351758578536,2.6808316382959734,0.3242509710613849,0.15100296147042827,9.5666006904891,0.005345234614012871,0.017140533673853417,0.47106139022355287,77.01502976106539,0.22339997407335677,9.621473960340213,15.0,4.981464476497347,0.5230463581728053,20.382350309769713,30.135707011875866,9.177674894266898,3.0,1.8588782282233822
73.29202773742574,-0.41591011462185334,9.388650583664734,2.5833333333333335,4.9690113224597985,0.48511605663894425,19.446049138978655,3.461263709250653,0.4379669005316819,0.16564856326317767,7.729363205048366,0.005696757695068658,0.017476371653907998,0.35881278102439174,78.54598314376001,0.28659430028599986,9.762479610717808,14.0,4.984518710135947,0.5133966480270542,20.034887711196248,30.09738801836827,9.204394597697497,3.0,1.173392242163974
72.05161272573802,-0.6175929558124922,9.347618613131061,-0.375,4.968406989441713,0.4814967378469197,19.596564153546545,2.5327999665545318,0.39981778104125015,0.19874538143052523,10.443548646572836,0.00687083769030489,0.022652872667454825,0.3602174813077719,78.07346687308751,0.10207342703260158,9.770730668325953,15.0,4.978696986756849,0.5212684796378828,20.189632392873992,30.106759523321546,9.203825690859402,3.0,1.1503190833347112
71.81049534125283,-0.5717186182611945,9.370544986812423,0.045454545454545456,4.970718677745395,0.4857953804524572,19.49495998166142,2.339676555811483,0.3482578983044744,0.13219091521991125,10.11963560576113,0.006702288040356969,0.015463905528003407,0.4562450430380841,77.04202446090562,0.2088631003914443,9.662581830264614,14.0,4.983923857961039,0.5244321401567932,20.242659706150853,30.129179036851518,9.187785433308337,3.0,1.5279176945293607
71.7023254727274,-0.39051346742339726,9.33832633681343,0.76,4.970168664053233,0.48221193971621673,19.5108314604375,2.5961693547916265,0.43049924704585496,0.10403651826966274,8.169602193497552,0.008233177715065302,0.015899923203309387,0.30268614852815684,75.52860320345931,0.9108523925774632,9.497053801984364,14.0,4.981466706625941,0.5169937582974587,20.000953969813025,30.142042799175222,9.138143466901377,3.0,1.0435536550064377
73.21519026189118,-0.4784529596946035,9.386548124681163,-1.1666666666666667,4.970106743904766,0.4861900029466015,19.53361025676574,3.1629538458980235,0.2995449758905239,0.1417040271973656,10.84230397819373,0.005614685469788232,0.018433522868667108,0.4384385618806844,82.2646537278612,0.18865948140874522,9.694170745599868,15.0,4.981806921033494,0.5130342756122928,20.660762488622833,30.10270133632814,9.188224858903604,3.0,1.8557324162716604
71.74394410303589,-0.4604371708763359,9.325769749495382,1.6521739130434783,4.9673128681352505,0.4821510203383613,19.542930705929564,2.121115827477936,0.41325648500634055,0.1910696373693678,9.172779653869917,0.006653672018743399,0.02177629205758052,0.4375015747129665,75.60137144836045,0.1994503380832281,9.664034053464402,15.0,4.979951722262301,0.5236915559320662,20.505579256380045,30.13449617372151,9.191031168722478,3.0,1.727440042196804
72.01173467195125,-0.546905156662066,9.303620592743172,-2.869565217391304,4.969402537092908,0.47770258772964774,19.675212276546766,2.427227656892134,0.33112239071799293,0.16639453800950488,8.598808551573658,0.006186973150290246,0.018622786013267174,0.3942086358817771,76.56300617472085,0.03490840829302366,9.715515796027457,15.0,4.977166061965038,0.5236647697494828,20.81725422737101,30.16779044606874,9.138383745110847,3.0,1.7135248353483696
72.05459826144595,-0.4754076632682037,9.384650872724377,0.037037037037037035,4.968988373718359,0.48554210607967496,19.552111901646,2.3342247777077647,0.3684601113360414,0.15702173310755208,10.560167933153622,0.007465519484590954,0.015225038211368225,0.44770841012590057,76.89287086710779,0.24188377140026884,9.755430147644903,14.0,4.985865946807278,0.514809252963799,20.218481775081848,30.122822965315155,9.185189512431734,3.0,2.00535852824315
72.6131984409965,-0.4709627483374144,9.392115707890282,-1.4814814814814814,4.968790580953364,0.4857676267593207,19.472805134999028,2.5313220660948486,0.3215124093909223,0.1597922842993175,9.538888709132348,0.0055910158889109106,0.021787146967260394,0.4800014567612745,78.03593133549428,0.16823661038755633,9.718292867693076,14.0,4.9787867346536565,0.5172837559505731,20.656143635795672,30.105421858200685,9.198312090263721,3.0,2.0468595927002795
71.56727537711035,-0.5408817529875586,9.310855924365377,-1.16,4.968514107310813,0.47574073018372004,19.402410235886123,2.7853353677290538,0.3418532193085147,0.14790521581941582,8.264042594275516,0.0050416004998684255,0.01742100366291177,0.3661836957636756,77.38447434030641,0.13383477344153705,9.64327696698953,15.0,4.978576399314667,0.5169209205550325,20.141458400912775,30.14342607792061,9.16652423722949,3.0,1.4156962230922403
72.0464689787596,-0.4960158860905227,9.361237135821156,0.0,4.968443996199507,0.48190362567991757,19.463764821828498,3.431919680780391,0.2630179125381702,0.16992777892560876,8.699425268372618,0.006859636197097404,0.01874386989446766,0.44818820974248,80.28609954057096,0.18993259254121098,9.701220874542104,14.0,4.979557775588684,0.5115294156025478,20.433826440941417,30.176933977100173,9.121946588918586,3.0,1.7430045099980873
70.99426773643744,-0.5365945195131985,9.393656705056127,-0.6521739130434783,4.968111440983338,0.48836232327002355,19.382620371028995,3.1179522868784466,0.4341238995781456,0.1349228273103656,9.392914515750105,0.006708691623565857,0.016861610348488525,0.48617878693339683,77.548523941145,0.4635045818046073,9.756084720494599,15.0,4.979980729749271,0.5345342952671942,20.091034897844462,30.106273406276888,9.212433698892943,3.0,1.750518493464309
71.40298419085421,-0.5077986929963996,9.403285252882256,-0.24,4.97127295572293,0.48584775445660133,19.563926291981694,2.5738621008786553,0.27526695310883925,0.1465168161199135,10.064909338886267,0.0056473840801673164,0.01739920151100553,0.3189336366422843,76.72543936090986,0.12970485276822608,9.646462852520376,15.0,4.983766762690675,0.5135914326248548,20.16296447580496,30.111257260247527,9.169595336322532,3.0,1.4917940127248386
72.36716359117203,-0.48935592876354506,9.412482267711644,-1.0740740740740742,4.9697183551034065,0.48513928086338703,19.532086814351562,2.389659581660148,0.33013893408642864,0.16651700389436352,9.37263916319208,0.006304681115415944,0.01889572800466485,0.4393366238216742,77.89733856285591,0.2133314899555272,9.702523084401992,13.0,4.977846725755929,0.5265297917629965,20.651431778973794,30.135835246538093,9.156677697215246,3.0,1.8347136042569119
72.52275090566678,-0.5591116492482632,9.339364825251478,1.2083333333333333,4.970410179863606,0.478269612888772,19.490151899811554,2.4321862386309623,0.2709971734430301,0.12766617747990844,8.6457078304144,0.005280219774431143,0.01432254760312828,0.41773216591119744,78.02636170492323,0.2498042583516784,9.655665953698417,15.0,4.97735736582003,0.5042274563558631,20.114875208277603,30.118808980746465,9.214039250038674,3.0,1.5660454385025382
70.76512399364283,-0.5072942339619686,9.444755443050587,-0.04,4.969987111747802,0.4901679927052953,19.41169538150907,2.677015157282575,0.3398000360480042,0.11987199960751617,10.223424083935871,0.0053498334468588425,0.01571666897825644,0.49682886614349053,77.16992832176808,0.37806598168837025,9.75006732478993,14.0,4.980218713571446,0.5301359874868915,20.72998221032691,30.113301598282327,9.197848018421299,3.0,2.3368077437923915
73.10791147073348,-0.6133325161111283,9.430379427272012,-3.269230769230769,4.96710076364934,0.4917888365213487,19.522284697477968,2.779055643470599,0.4185642658108197,0.16500772657493304,10.653846153846155,0.005891879390817824,0.02065744179306736,0.46022718900442744,79.61125601634912,0.05003054274622265,9.773036467753723,14.0,4.978420336776545,0.5333236440080495,20.64347878291604,30.114333399214836,9.188519430343344,3.0,1.844215075290684
71.83673058614109,-0.401212719460143,9.339368195402345,1.6956521739130435,4.96860758932759,0.482710166756576,19.406542427552527,2.824757232649628,0.3069712193770836,0.20620163820751722,9.148222838147763,0.007001934927035646,0.024771043611766685,0.3577809607243929,76.80594921345505,0.23679041839599824,9.756362838537001,14.0,4.978855361376388,0.5309929414920602,20.050566464996965,30.136761899516742,9.158797133357597,3.0,1.3922280703518375
72.1537027163297,-0.34947622274594853,9.369801515808799,4.260869565217392,4.968625541472506,0.4828579036502706,19.539587669831185,2.606978547485104,0.3047923771178469,0.19110588258882366,7.847555095887302,0.006126829664819575,0.019398788019245976,0.27709748364825393,78.47281429087889,0.17112333830578996,9.745602789694528,15.0,4.979386543911188,0.5290433285947088,20.056187643579054,30.143133023042104,9.148864641885284,3.0,0.9803949838340777
73.05095970738385,-0.5359419466384687,9.377960966672623,-3.5416666666666665,4.970240684229598,0.484877709897849,19.47417449167759,3.059310885342772,0.21644495501730504,0.1601174049123713,9.86567773760233,0.005650943459267781,0.02007526014631582,0.42643108320348855,78.33894477454868,-0.046364394170690826,9.67701357076036,13.0,4.982670986943383,0.5304941469977376,20.285592413471424,30.0982282423229,9.184843752061493,3.0,1.568679067511038
71.56308657509965,-0.4632993184759084,9.345749089075191,-0.13043478260869565,4.970763973372056,0.4804427982067105,19.47666001916562,2.973800179892764,0.3117000903752323,0.1125828763219008,8.305599723529049,0.00614032017801018,0.01481810257071345,0.5887499864436199,76.16760772505732,0.25112915098790456,9.57801420848546,15.0,4.981056718851948,0.5151438129062067,20.715248351330438,30.09595154514819,9.197655531575021,3.0,2.109465108886482
72.49593162937714,-0.6779720227398746,9.384647448482987,-3.740740740740741,4.971556947113782,0.48598207423187706,19.52267432938311,3.140295515651045,0.2985537533790046,0.15103001104174527,9.766126616060882,0.004685223289228802,0.016281331640865763,0.46373216689791824,79.60441010789215,-0.06853275834934502,9.705084384012679,15.0,4.980064567750756,0.5183667177628666,20.43468693057313,30.13150523198602,9.165353700069788,3.0,1.8178342177972944
71.8427376613762,-0.5241052389592682,9.375395538093542,1.5,4.968127465163726,0.4856158825097559,19.45381586159059,3.5171731178178365,0.40041706543996697,0.14454823676016434,9.03234926989282,0.006367948288137053,0.020538685709120215,0.40308024241665674,80.59112166544384,0.16086937143996993,9.711038760635383,13.0,4.976627378000168,0.5291351079888718,20.24034441586491,30.094044688746386,9.2080496094369,3.0,1.7163062207104183
71.95994393214866,-0.479332551940693,9.358312320790327,1.0869565217391304,4.968613829719297,0.479451015407313,19.594839991981363,1.9587489118627566,0.31911199386637956,0.1670851837292491,9.31997874357653,0.005753062721686024,0.02082744392807937,0.4783665198525121,75.87502464593166,0.17007610274434837,9.675726406415535,14.0,4.9774217050247245,0.5185901837350048,20.42893627365227,30.13293434571252,9.195769159993771,3.0,1.6376298809516285
71.59845080529253,-0.6556663137802466,9.407366944602945,-2.8,4.970584269703725,0.48739537830916274,19.500650652386334,2.958460525116536,0.3511153686724723,0.147941568725633,10.665833300778706,0.00561423386528579,0.020685283188933538,0.4983390238731222,78.49110036622801,0.08630942305911837,9.6558331132218,15.0,4.9800997826206865,0.5177177395438856,20.600081381401733,30.098505877918083,9.217279192535162,3.0,2.284129966783585
72.02417772526168,-0.5121302226657438,9.40989937623292,-3.0384615384615383,4.968560181523413,0.49012643073618456,19.503690767475373,3.269393770599874,0.3568462100835335,0.12711879235243384,9.815532311403851,0.006973364648863896,0.013755995021190518,0.3232262284458852,77.42334627029888,0.37849960639763724,9.627625482837106,15.0,4.979009175121096,0.5159727875107264,20.15779419406266,30.1283982558561,9.180582007897705,3.0,1.2281852596313065
71.94032528373076,-0.6792076676938527,9.352133114088154,-3.3333333333333335,4.969992150208487,0.4817108384775417,19.609809702402163,2.3253195079175026,0.41384689189343077,0.15410739561034922,8.844332774281066,0.006445575368089426,0.016910235012422007,0.557510532049664,76.31437710997142,0.21151473097094753,9.677992158395247,15.0,4.981196723830841,0.513581893654895,20.600208382300913,30.127151571338704,9.176421763020942,3.0,2.2231322403121645
72.45086240503397,-0.4184003417168691,9.331406147353645,-2.5217391304347827,4.970420473997958,0.4816795782201625,19.513212853891666,3.2298916146353873,0.31710035351821275,0.13624582562658175,10.07739426817741,0.007086617655453265,0.016766847312344027,0.4871286298505629,80.54290420001432,0.22869844782129922,9.62262714280869,15.0,4.9830131111541025,0.5166622152295625,20.513669608471105,30.14672539691728,9.160871955390379,3.0,1.9870142940369995
72.69065880138481,-0.6110080360599494,9.38258601362245,-3.8461538461538463,4.969272315116028,0.48508724790448426,19.464136433521073,2.921315108908183,0.3913511688509492,0.16859140607749987,9.209912334387369,0.007364454422743649,0.022391215898019075,0.5099023101230749,79.82238354398432,0.03927038511964753,9.672022181040067,15.0,4.982677196575168,0.5280837812792526,20.280651084019173,30.085277029411007,9.213232870460965,3.0,2.2082196135097085
71.97401508367254,-0.5427366991458454,9.371979626619067,-1.9166666666666667,4.965227709214427,0.488235425821955,19.475086375907622,2.691236050742509,0.34745914209009143,0.19291115056105476,9.420353260656182,0.006851179595081525,0.023823930901767782,0.4494778390273411,79.83895808980073,0.3385200108243396,9.847039007518756,15.0,4.977474545618744,0.5429475133075888,20.087318251472254,30.151709722580748,9.164002839154746,3.0,1.5747936661833677
73.07346365958531,-0.4449883914281565,9.364331305698338,0.4583333333333333,4.967651959948931,0.48327281186567,19.646985752441253,2.5917146566082976,0.36564926470826165,0.19575930431727978,9.958158994289835,0.0076885479443193055,0.01974074656449648,0.3878296681181832,78.41901907489208,0.4311038404597056,9.685672248049467,15.0,4.983245067428465,0.5158185522388483,20.45089451491154,30.17100276515913,9.143533260486823,3.0,1.5771688249392284
72.64806502171385,-0.6159629871652902,9.34224037908355,-2.5416666666666665,4.969727033457175,0.4804180304409887,19.642874448152323,2.790991240032609,0.31207271210500703,0.17414738909206157,8.897467648469172,0.006474906147794838,0.022542280470006813,0.553468549506526,80.13838534190484,0.06462208287829474,9.716760236137311,15.0,4.979161226991129,0.5399726003559859,20.667459812298414,30.152223049178723,9.148970568352823,3.0,1.7586714182093637
71.73545853470317,-0.5468755040292921,9.37692539934066,0.12,4.966988461370006,0.48186638431995454,19.350977664705024,2.550370257878227,0.40824783253537456,0.11695795091144116,10.23452978890579,0.005261026557540396,0.013276695543372173,0.545665083996087,78.32238587311718,0.18059552136806833,9.615143544647358,15.0,4.979161725766945,0.5064211384682863,20.190679623910974,30.080554272489803,9.238004641081034,3.0,2.1181423162323796
71.49860127879755,-0.46935211405051797,9.381211004791108,-1.3333333333333333,4.96889183496855,0.48410135694264483,19.41315240702946,2.7762016856977914,0.3510589050076729,0.18869180368762228,10.302372973683726,0.007036802034642695,0.02042142156959802,0.4418095522574835,78.7416590931928,0.2553484573039626,9.835114823449421,15.0,4.981856115656551,0.5275127900629759,20.510344480377835,30.08229091041175,9.222206597972763,3.0,1.8000777063992395
72.32145573749281,-0.46227053303611515,9.36167293548955,0.08695652173913043,4.9677467877423425,0.485908106387943,19.58789050106874,2.32677439406873,0.5167041887478477,0.1715280855969221,8.581643926216614,0.004743804225100865,0.019964289132020238,0.5749959150657172,78.56932249140081,0.4506744968291857,9.73912614673313,12.0,4.9749427374225395,0.5245182451866657,21.032507738748578,30.125641928258325,9.167038560571662,3.0,2.5539266178681146
71.78897069860463,-0.5405176850361755,9.372152888802075,-2.0869565217391304,4.970595966963826,0.48663663510046634,19.472950356603743,2.2676548695751113,0.25830128351285775,0.1229014501415451,8.74226636359375,0.006230099756581002,0.016258529708694666,0.42299971901524397,77.00423812616928,-0.03368472553877011,9.689309750717488,15.0,4.984589445843435,0.5268593683375058,20.369852602498554,30.1572381138127,9.1505409915612,3.0,1.6083722548127355
71.54254603485523,-0.5533380195723062,9.398676421024003,0.28,4.967167682281493,0.4865176371306884,19.385622098942193,2.8367796526434894,0.365435884289585,0.12614573631180556,10.344157771418608,0.00653880500830663,0.017066031361058467,0.3569453765274865,77.7896777488189,0.07276675871997851,9.610199691454358,15.0,4.9811155458194705,0.5086177890080571,20.024481005782782,30.070577212923567,9.23965120883965,3.0,1.2949406071269678
71.8378819428143,-0.45764541974266876,9.386952938340118,1.08,4.971420928549428,0.48747027289181544,19.462369811076726,2.235121710833757,0.31850511298279177,0.12748998325374852,9.02848824554809,0.005347275923057194,0.01650821462641027,0.46301894776534774,76.85875287001396,0.06534801663158663,9.63819759596629,15.0,4.981147136395477,0.5168931647562712,20.359694405810316,30.090655997839082,9.211467807697314,3.0,1.9242333687676947
72.26928184864364,-0.5424295097474477,9.41903461849738,-3.391304347826087,4.970397758505333,0.48683422781439345,19.352212820148498,3.080248406318236,0.30980797826283574,0.19311512080630122,9.88516292858968,0.00546541774811652,0.022932970328426727,0.4679146159821704,77.83699116332919,0.07449764109473156,9.68165118027212,14.0,4.981089712804657,0.5204674996933334,20.32345080326361,30.110278904064554,9.204875430247561,3.0,2.1255718744916905
72.86219505228506,-0.5271283542609352,9.381647920938967,-0.8148148148148148,4.9710302028975555,0.48373797597324025,19.501216142090705,2.2596714669650404,0.35904597788720516,0.1601023909235917,10.363886862159022,0.006361091067008864,0.016895348385465747,0.34931876421599195,77.10642129620567,0.03838315354637545,9.688534249093065,14.0,4.9844724139468095,0.5161669759993733,20.283450826891542,30.104810551780393,9.194237344722616,3.0,1.496364626006251
71.86478643963987,-0.4783357155999088,9.376020423791022,-2.24,4.969876375254797,0.48648636847578286,19.29176656972088,2.8967069519127033,0.37890647080693196,0.15814214554021694,8.575686561436349,0.006046423856468054,0.018830124346357457,0.4644890099739068,76.7854750553015,0.2631566460262955,9.689219129883508,13.0,4.977676287795624,0.5310546265541537,19.92144572876471,30.11746696093845,9.18915459698864,3.0,1.6388648117473004
72.12441321598949,-0.4622217544353828,9.337464212508609,0.0,4.970967037833814,0.4838138671336877,19.554793288559093,3.4371039256507983,0.37172909078859684,0.1772904170017018,10.354583106255308,0.005088704674796703,0.021707634575147582,0.2709222003874837,78.83242054582118,0.2754719622081563,9.698217400049488,15.0,4.979075850607201,0.5226762557590465,20.291054249950985,30.114235957948885,9.179897426595621,3.0,1.1494031923285881
70.42747537517862,-0.5635624786861212,9.384814709025404,-2.1538461538461537,4.969001916266125,0.48311413624474514,19.62249753450899,3.26402712242351,0.3717348843059686,0.1430661180637264,9.971853880923307,0.004593740782454493,0.013566944790204526,0.5262980144048108,77.25353633246549,0.17952454479601854,9.661453264046099,15.0,4.97747216327761,0.5125631432858057,20.907256343171227,30.17592671445253,9.132336577385923,3.0,2.2788789227072748
71.58162869483601,-0.5594691209245344,9.340404405793855,0.07692307692307693,4.9687341113653565,0.47753479595699894,19.41796813280166,2.885398789490136,0.4034530277705205,0.1648871620826031,9.750436191122926,0.006669777000354046,0.018857826526613726,0.3345606803804939,79.81815444115591,0.08904541708511804,9.59943186343411,15.0,4.982710708669405,0.5145297551908056,20.205035240421438,30.121804168050872,9.180580296608726,3.0,1.513095422473853
71.5623273626138,-0.6389010612127735,9.36723047337524,-0.15384615384615385,4.969993727313392,0.48607734548293213,19.590294781937644,2.5968926906673873,0.4274619802242889,0.13126679498996785,9.163860068821805,0.005517071145762931,0.018100636468538184,0.5579593414454121,76.36712343249897,0.3848918349296264,9.711071965584548,15.0,4.978617037309856,0.5319302030696689,20.94652795962211,30.121747418185542,9.175373404950815,3.0,2.0603032130643726
72.96140269623982,-0.35503651365814415,9.329779678326013,1.56,4.971300057523628,0.48005588715779224,19.327421066787043,2.895343811269917,0.29918397497460636,0.12641646783172916,9.372641036548877,0.004534102407944116,0.014855903943402481,0.46477393490635177,78.9467128059095,0.17150463221341172,9.59015598511722,14.0,4.980248043197459,0.5143578587549031,20.214816455357905,30.028094383109085,9.263616153576857,3.0,1.7835599214194815
73.05346541355183,-0.5751486689660805,9.370496395624283,-1.1851851851851851,4.970987700817988,0.4829232670107149,19.351416528338433,3.2404360157900287,0.3544047224781506,0.15387394804375282,7.8506288355681795,0.005828566602413184,0.019773303778459907,0.5097603108974426,81.76263004338773,-0.05967414183006192,9.854941132456672,12.0,4.981653557714112,0.5328966865867846,20.38046382879083,30.098100525945,9.208383916991114,3.0,2.0279973406334193
71.96213163444669,-0.46388294278458353,9.36476520141242,4.695652173913044,4.9692028064106,0.4785079661518324,19.517888353616623,2.5591301700744307,0.3432305011430649,0.17071415115563748,6.8931899765587525,0.005450148466722634,0.018433289649156186,0.4773636271283994,77.57125089932029,0.09631012565718677,9.69112575813936,15.0,4.9790548272357125,0.513650632246244,20.296892752121302,30.14088750691829,9.160811334009018,3.0,1.6293194928446795
71.45156659380288,-0.49726120516239275,9.348991162514569,-0.17391304347826086,4.968003015366625,0.48345747120741916,19.516998502745142,2.7535108795271954,0.3996901863343949,0.169877058724777,10.222108069461155,0.007472269397893097,0.017569535248427286,0.4976766767913252,74.70364077596476,0.24926861110615106,9.694956923928375,15.0,4.983460650684613,0.5125410291523163,20.780495398711253,30.130159622779473,9.135026762905401,3.0,2.2899857497656484
72.9238248137739,-0.5083951888188298,9.392813313469485,-1.2608695652173914,4.96879060762999,0.4876883029934692,19.40824993940364,2.8224298528979808,0.3382843728004376,0.1516487604571339,9.767814900964725,0.006548190843499142,0.019525521003521076,0.4867755150636271,79.29089135941527,0.09219844420829437,9.720987936030209,14.0,4.978947977772248,0.5277770672508942,20.40041741821744,30.09070360941737,9.22675683928166,3.0,1.9222732619155458
72.11939912873352,-0.6616182276264885,9.402349799925453,-1.5217391304347827,4.968844160919352,0.48459405304886777,19.421801302201754,2.4567358594479782,0.32702039707997077,0.1717730984579724,11.340077314426232,0.006962263614653412,0.022115006302912243,0.5623579168467383,77.24900512456321,0.0050741562718849,9.732381628541873,15.0,4.978237026262685,0.5221041053264691,20.24286504008581,30.131655938554708,9.167468477266844,3.0,1.917417451440663
72.95517471303403,-0.5157821230623838,9.381377144995055,0.4090909090909091,4.9697179368248205,0.4855448218873931,19.467253532559514,2.465250942954308,0.34856909348895915,0.1556355157278466,10.205431222945995,0.004752906363792755,0.018657551291699853,0.3582232634675252,76.78465628890595,0.042916999226111585,9.673748478759846,15.0,4.978479125169439,0.5189555818654913,20.283719819550925,30.131203095701338,9.175716810868373,3.0,1.65778412551456
72.77385560100178,-0.4824903828848865,9.364298700707655,-0.875,4.971074453530446,0.4794188003673249,19.651270724990347,2.7164810393533894,0.3139102978003806,0.13362864796228577,10.272586902366251,0.006173395527343584,0.01710152642505519,0.454283797373302,78.7474858394117,0.26340490418940987,9.612837281702957,15.0,4.9802217625881084,0.5202141651126134,20.50452692528581,30.147803811048693,9.155008732428518,3.0,1.6263902842624773
70.92325898566035,-0.5963543840189528,9.367843153966213,-1.6666666666666667,4.968010496757596,0.48483841797812305,19.470669767108806,3.012657181761457,0.43796628538539917,0.1771674558224554,10.994948334980428,0.005196148365441435,0.02207096548474831,0.4007626293202894,77.1828515924789,0.41043005227733476,9.783130756802027,14.0,4.979876356313685,0.5306367313279166,20.29009894931652,30.17057034788079,9.14628996494852,3.0,1.7784859025688604
71.7409969438829,-0.6129139794280966,9.335580039199115,-3.68,4.971753515279953,0.4815833179113729,19.517435759602026,2.5764038278219945,0.3117472858884997,0.1498988777656078,9.332609495741263,0.005352720952068793,0.01804954042933733,0.4071880730410181,76.62901001003118,-0.15950224252052037,9.556309054231326,13.0,4.9810459277331764,0.509374282859529,20.41060537881632,30.12802799596919,9.171990597974322,3.0,1.6716921440911499
71.38310285992098,-0.3899615240055224,9.292628484701277,3.8846153846153846,4.967992521623353,0.47760254984501815,19.540107818695848,2.968769956317736,0.4353377576574172,0.15698343609537205,8.898257924045595,0.007896307490694868,0.018983463277933127,0.5103880180050078,76.47164998662058,0.35214210312970184,9.517725301710716,15.0,4.978192837862666,0.5187052865814817,20.59265210896107,30.142370073637146,9.168293535756158,3.0,1.828957626210606
71.42024619901237,-0.5088858059164948,9.388382835683661,2.5416666666666665,4.969982242160998,0.4860658393815281,19.63288950977062,2.3943142225486604,0.3426352288971618,0.17423620123181996,9.187759822478792,0.00564284582086762,0.02123759639980705,0.4977492749884777,75.35141484303543,0.05825123147434352,9.760804640343572,15.0,4.979818347207674,0.5318176564428726,20.47521990978835,30.213557227844404,9.105708044522569,3.0,1.6148966989980806
71.59383950484502,-0.5582359267444444,9.361506424871536,-1.6,4.971016511433707,0.4793839910996897,19.380445020994408,2.336331814476627,0.31943832520894117,0.13539611219571826,9.793875637356235,0.006283478998254333,0.017842198348340207,0.41111696697392164,76.10130616476798,0.0791390397851045,9.538571348852452,15.0,4.978842500732817,0.5093560570936005,20.493566896571863,30.102846874609945,9.228987189966523,3.0,1.7392035071407719
72.64492512903789,-0.4970351406747855,9.392066993568402,-0.20833333333333334,4.9689929020771855,0.48474064460518757,19.383972443144053,3.3168056411251405,0.3266190742262703,0.14136294076292666,10.384199402083063,0.006225844821195559,0.019234705990724844,0.46631486983171244,78.09550733467289,0.19474201987315243,9.62331494484975,15.0,4.9782632892568595,0.5325714519504503,20.191937742026447,30.1147665132503,9.17456012325008,3.0,1.8764945140567661
72.09904067551639,-0.5039557844431484,9.337555005169461,1.0,4.967699832956112,0.4807823788414912,19.605539392255974,2.7613500428020834,0.4070089502247541,0.1808291435501381,10.28483241369434,0.008131459022327831,0.021798230126020605,0.5973141190694723,76.40879288787576,0.43247096239418825,9.808923486270608,15.0,4.980071207626032,0.538321718471903,20.71869176103212,30.143878260251682,9.161075792096627,3.0,2.3819245810668797
72.355309003885,-0.5246576810827882,9.369416299218345,-0.2,4.970029462707634,0.48461983378379236,19.436703346852,3.6597721048945626,0.3618840574814265,0.16218167503449174,8.404760555780278,0.006312374610098109,0.019661029848861648,0.37083796714809153,79.5842192061431,0.140426852126746,9.676771919625864,13.0,4.9827906173501635,0.5303684056519745,20.155235464443145,30.130593649351237,9.17706356784392,3.0,1.40790701494943
72.54841180248413,-0.47399780877649006,9.349574703198659,2.48,4.967495361631885,0.48198753902400815,19.58374828140924,2.7550849928376757,0.3540329292122251,0.1703336569629738,8.241941518841296,0.005755104659781597,0.021919107805956146,0.41669718408002215,77.59835720191523,0.38803519160210453,9.716285353092918,14.0,4.976780481138592,0.5259450376817824,20.134723303628903,30.109710081763023,9.166555289837847,3.0,1.2598351214394086
71.3761001285592,-0.5491107502917998,9.398463588497972,-2.7916666666666665,4.970065488050705,0.48567889599342723,19.636178581590777,2.5482562321200337,0.34736623568225244,0.18017838520382518,8.592531479268622,0.0059725654083519234,0.023564919887648115,0.44521811457086685,75.5938946879556,-0.039902971523809505,9.756169543072692,13.0,4.978666210443822,0.5316683522336596,20.36531127860394,30.148650749093235,9.147525857048786,3.0,1.7197661570391531
72.39327220382746,-0.42090612024894125,9.299692148095927,1.2272727272727273,4.9711205620455114,0.476457626864202,19.55517740255218,2.8045015238164708,0.369956627737238,0.16571372694100117,9.080107218939544,0.006154149469607495,0.021814330028518063,0.47346746741394985,77.47895361375548,0.4799309265569498,9.638557903497837,15.0,4.981621210698398,0.5127109083141204,20.44561697140999,30.106997534626508,9.21351304086281,3.0,1.615540274510991
72.79372091225645,-0.4866679508609437,9.35266601171672,1.56,4.969661764447378,0.4847070243751487,19.444063492360876,2.377817231392749,0.4366163033505845,0.14994422194121954,9.583652748300096,0.007088822560887771,0.018737597909019483,0.37689368449949967,79.0206150523387,0.23802803799530325,9.695484846823136,15.0,4.981036624680938,0.5183272727023027,20.030826517092073,30.11137895028802,9.185924101268363,3.0,1.3177449706610211
71.68247775383087,-0.5599304751843577,9.349741917358328,-3.909090909090909,4.970277809235475,0.48073823061963966,19.35012164259957,2.2493577639454343,0.23408193204093947,0.1657542668823113,8.607127548032455,0.005421351127672227,0.01949474967499004,0.4032465169556735,76.09818434873296,-0.15139857901131104,9.64227564214839,15.0,4.978042125160055,0.5141033580421676,20.24136838755176,30.087770529108923,9.235979532390248,3.0,1.5974843127104847
72.4944106521481,-0.3147933626369927,9.380790153994113,0.68,4.968525592199243,0.48511780460064524,19.346216613178754,2.6653842942834056,0.416978216770636,0.15749948291506194,10.317829229057825,0.00722905584661166,0.020188147109956197,0.41286973384700204,76.57869944110728,0.6301005600269795,9.639435926796066,15.0,4.980821920133694,0.5219834385442361,20.39908866700899,30.062929876140924,9.243303017109458,3.0,1.955997830453022
71.81220313188922,-0.5322371491191517,9.37306322077403,0.4444444444444444,4.968125132007053,0.48498113559731026,19.574273647941755,2.464140119131879,0.2719268699600544,0.1818536833930792,8.887499891476098,0.00668510222881426,0.01861624100349223,0.48507946222124176,78.22087329668895,0.1517074998592236,9.716752973301332,15.0,4.9809178528750095,0.5193472112984163,20.63427694749391,30.102159898065906,9.195214872083262,3.0,2.269104975653157
73.11893064443342,-0.40086969502633346,9.355086916901469,-0.56,4.968292015660884,0.4801877850924348,19.59497923320187,2.377519684470119,0.3834866353849825,0.12421976928583091,8.59339281075874,0.0074594451208602995,0.016051265851243116,0.45823536945416277,77.88453737980268,0.350721994669964,9.625731407314472,15.0,4.976248930368126,0.5066509423191442,20.311546972307085,30.111943454271888,9.187691342264324,3.0,1.778053381623998
71.51159804457703,-0.617979876585333,9.384798291479566,-2.347826086956522,4.968823985851066,0.4873948322853268,19.590376555660324,3.0248473675854286,0.42094342004327956,0.16413875376102116,10.527845874269007,0.007366016063089464,0.01787327839286159,0.3778268114903759,77.95727716410323,0.35885989458324175,9.696433949604494,15.0,4.978343265182515,0.5158980294341542,20.223094549813176,30.11337721623226,9.179245585796897,3.0,1.6483009878000203
71.7472304519432,-0.5779376682080132,9.363255473005195,0.6363636363636364,4.968487769563518,0.47797193667913107,19.42158186754585,2.4045630399110642,0.28399836290357233,0.14348995634119396,10.289206412306118,0.005831888864330893,0.014867371915575592,0.4910792596792972,76.40736110233888,-0.09140725621345402,9.60407831108909,15.0,4.979667904800177,0.5085707056003148,20.357575101167868,30.10982083759457,9.201065944041606,3.0,1.9098176298194147
72.48290094154424,-0.5708257143480111,9.414838323664805,-1.28,4.968163327540709,0.4875442052018231,19.48922866022187,3.1183892086991016,0.33311030881510884,0.12520045210333003,10.432717766718318,0.005951587518190458,0.011107825981899426,0.43404128062241654,80.17451745566908,0.161500189698077,9.659873959671012,14.0,4.9821330644377255,0.5085816945461994,20.126610318157965,30.09257611993991,9.239329502376199,3.0,1.4933676928300414
72.048208338957,-0.42807571584192866,9.309435940283429,2.8,4.970461946099422,0.4726922241189122,19.582932757381858,2.4439984484784216,0.3942257026046224,0.17630737325210413,8.480566018845675,0.006675704256397955,0.02148118907967672,0.4808822162216149,77.39018547258475,0.32770485125172644,9.719585939130315,15.0,4.981229760282457,0.5142996048952799,20.32549974407123,30.133387392326515,9.160255692856607,3.0,1.888726770355749
71.40045190763556,-0.5724958955681755,9.373733802306349,-3.5,4.9684300870822335,0.48918094504039017,19.615438458671072,2.5895058597738116,0.36854559627338285,0.15502670024735488,9.789450103725608,0.008338333885015774,0.019104108067039268,0.4535481769579105,76.14733766622595,0.32272395515923624,9.721453138462508,14.0,4.980238555538186,0.540433150211955,20.872382662902563,30.16884177594857,9.135977197844785,3.0,1.901135872834704
71.73058837562598,-0.512669504728728,9.360695071646706,0.043478260869565216,4.970673540539462,0.48254373845135257,19.392997904528855,3.1585103468188964,0.36036819472507625,0.16377035321391814,9.879615645003893,0.0054634905299400256,0.0189563904680188,0.3923823688377483,78.13445233168179,0.19467247804021348,9.694246892914677,15.0,4.981438904434913,0.5218907163839321,20.32207757449102,30.120150334234985,9.20498909203128,3.0,1.644987856415625
71.72157205759251,-0.49429822004572693,9.342005298864517,0.5652173913043478,4.969643016799175,0.4832095276068316,19.58256292607701,2.613611758679668,0.37291750376953475,0.12416239803888256,9.254028908518576,0.005824434930931439,0.01451886854812884,0.44480693106070335,77.82610778640074,0.15456662658867315,9.632348439507457,15.0,4.980047337891802,0.5054487619730493,20.15666866476403,30.149441331956865,9.161892315552635,3.0,1.899607586486276
70.9623089780721,-0.39805121099678786,9.322744522416654,0.34615384615384615,4.969023867959782,0.47784586294461184,19.581770173272247,2.917500090566374,0.39799691036354334,0.14118954421617566,7.745680223852358,0.006752697274000792,0.0170414265400268,0.5719493592619285,77.81541706155403,0.7926896040942258,9.582863075635235,13.0,4.981019808663001,0.5090240193847166,20.786530236075023,30.15667261503742,9.158436750456662,3.0,2.512840898352266
71.45144368230523,-0.5004082287844089,9.36410942736359,-2.391304347826087,4.970706125567564,0.4871525176787589,19.615631973186904,3.0671473321534446,0.3765971577488467,0.1278880437278075,10.119886278939935,0.005136514117383444,0.014247917001097192,0.4094597383423255,76.83119319267587,0.12481538383636404,9.574059994432302,12.0,4.978086173108528,0.5241142139105358,20.36576112675352,30.154292354655063,9.173098872246303,3.0,1.8602486785283219
72.8424307126579,-0.5085440224023178,9.36626962553151,-4.083333333333333,4.969216610433281,0.4827633268446734,19.362621966998415,2.7221265627174027,0.3155283927112487,0.13398114561606828,7.648075284380742,0.0062776297691491244,0.015116997032843917,0.4946123664734162,77.5815186493562,0.15594983850739352,9.642195224932365,13.0,4.9798009212323695,0.5089336247839586,20.752797875698217,30.107859188031135,9.229317869281923,3.0,2.149171759872903
73.18372964259515,-0.593731890963857,9.337309585101758,1.625,4.971214924860371,0.4784534214519914,19.456515323185574,2.913797447963421,0.3351253168389961,0.1113067373583951,9.44639481495454,0.0052383791819638125,0.013347075555610564,0.4906648396096832,78.0710745851369,0.06208342992484572,9.562541897181958,15.0,4.979448004831337,0.5052700595069235,20.118400524477618,30.0794745952319,9.22848934613608,3.0,2.0975987212451237
72.34715057932398,-0.48058010652851313,9.355301216091428,0.25,4.968203500726989,0.4838780943448518,19.397157407962467,2.3648335651043046,0.31480479105912307,0.15585763699434355,9.143531411148905,0.0073029824103225454,0.016703740313138808,0.4546628674683788,76.40606361718316,0.06041943701064656,9.70149346637007,12.0,4.981153586573809,0.5082135122560648,20.06939775686478,30.077649568408663,9.249031743586073,3.0,1.8201782242054705
72.05096300261661,-0.5170628981644025,9.36460676943599,1.6956521739130435,4.966860274095095,0.48291801735836476,19.4862044002775,2.166045636705762,0.35622619529492044,0.19954933536861977,10.276333226140013,0.005853322005726311,0.021459447143599493,0.4843146069802624,77.34389395136458,0.24627452524619675,9.662711614501385,15.0,4.978023133674085,0.5214422432203156,20.346667139034984,30.137844231287776,9.155497779844296,3.0,1.7152518599446758
71.68871240588204,-0.5241494841346211,9.378787438351829,-0.7727272727272727,4.969180027038904,0.485063275030928,19.657646263661796,2.9996023058604004,0.3454041342526749,0.1529721341826606,9.510433591978762,0.004077303188678209,0.01926874464321371,0.6394631505367273,76.23912093124926,0.07382262468195355,9.708765639914771,14.0,4.975558408735173,0.5227218043644327,20.89089054860036,30.161858327704245,9.138678269132651,3.0,2.4660981407979534
72.95112331983823,-0.4314090258602272,9.385309546666006,-0.375,4.968041673825842,0.4832481985094572,19.53403542067056,3.0552111125463988,0.47454805929634797,0.16680019782902225,9.923929413291894,0.006937493488771247,0.02122138188854373,0.4207937361658845,78.3393023850765,0.2524300824627589,9.858969657696283,15.0,4.980716679913989,0.5438469360375627,20.626716740267423,30.144835242327552,9.139572023737118,3.0,1.9843208210230898
72.10482702856257,-0.5087895085615844,9.385500658088539,0.6363636363636364,4.968109432496611,0.4837720514236878,19.42900073210664,2.4912563014250546,0.4253325921813886,0.18574534600215722,10.751513443339688,0.006165041378433055,0.018596668832399688,0.38081728280178656,75.97275926081562,0.17915800951569616,9.85118378885752,14.0,4.980573214720666,0.5309532246404558,20.10960529220789,30.114979166291477,9.180381446680409,3.0,1.749656764868142
72.11826376402124,-0.4997288034109953,9.384081436846563,0.7083333333333334,4.970650555657511,0.4834896815435888,19.553575561832087,1.991771078369924,0.36525914446834573,0.14794373708678032,9.778714838305127,0.004995751086801615,0.01530896783225191,0.46536292880816765,77.0238501261264,0.07741118101930866,9.645131767714473,15.0,4.98096512026632,0.5255812985008198,20.48378349001888,30.101478539985397,9.211143082672997,3.0,1.9181477248715808
72.39765794826103,-0.5224093412145965,9.338047754855143,0.4782608695652174,4.970174141019412,0.47981320509884046,19.433674727299284,3.448690004720361,0.3303020611181842,0.14943508431105115,8.56113343378536,0.006197793362592714,0.018533904555371402,0.4059581164868665,79.66117786540323,0.09323920403706731,9.55716923700601,15.0,4.979970053728655,0.5119331240280623,20.072956467256972,30.076701398059058,9.218826287193473,3.0,1.4388875060075286
72.54308275997845,-0.5137007619426258,9.377060262540306,-3.5833333333333335,4.9712213256387505,0.48291754480772076,19.392150692696138,2.5740644606819347,0.3548433102611675,0.13728144442662799,9.612997566951853,0.007437009729047974,0.017405197748159934,0.6016650556952811,76.80259994743201,0.02527240697315003,9.651703872107431,15.0,4.982732049006308,0.5178637499169757,21.152348175865693,30.09388717247981,9.227038835239332,3.0,2.8670795075651903
72.57206555953194,-0.5112226383722512,9.383841920088889,-2.375,4.971023427803714,0.484315034672748,19.434335200369276,3.428492368767577,0.32961884995679086,0.1533651947446389,8.915401000515905,0.005429948000989575,0.018198433725557524,0.42236849068873844,78.47202040652283,0.04364684638161398,9.69502426085852,14.0,4.979549071614587,0.5186411336459521,20.185172380559486,30.11386692925151,9.197388045024363,3.0,1.7950592246691883
72.29820052479411,-0.4135249721947508,9.434141205220769,2.2,4.969213102917333,0.48958745458378294,19.556449786581013,2.1527005972682134,0.3844365772722381,0.1466566006412646,9.822423326246938,0.005250628382909048,0.016154800745520257,0.4277391351914248,77.52864021903733,0.38729129702472087,9.657127276379345,15.0,4.979248762631099,0.5111820961575373,20.42223354852868,30.121399247737415,9.177009698172514,3.0,1.7240343308064148
71.6265130606872,-0.5119697362285147,9.337304032080777,0.5769230769230769,4.970524815291949,0.48081271854738933,19.52758329130706,2.6904649319870013,0.38878117740623996,0.15162492123038954,8.594153097055072,0.00802149168688941,0.019960817224890178,0.42120787277593175,77.42403566947947,0.5597146044521881,9.660592746815041,15.0,4.982882557325805,0.5218530185668709,20.331403653583536,30.14605393143858,9.166478069818188,3.0,1.914310869140877
72.29900687971642,-0.5369012296933902,9.344172212179007,3.0,4.971810909879367,0.48071577185885145,19.440875563291083,2.8623468453070586,0.3060660691060576,0.14842556124468234,8.213497334359978,0.005683975319507835,0.012878087563649906,0.4487969576463254,76.81284594824086,0.4692307769021906,9.61997150356846,15.0,4.980787551127424,0.5100163847019235,20.162170756940533,30.097234347372765,9.216664886871685,3.0,1.9838442389941235
72.09278988631272,-0.5864765952103818,9.371298673635737,-0.36363636363636365,4.969525494189486,0.48202721015510835,19.61348451713998,2.4428668660117445,0.3524733370052883,0.18333717227781476,10.473106053756121,0.007172306645115161,0.0176648670463027,0.6119485539044189,75.71072094544662,-0.09725259302461953,9.6871625611798,15.0,4.985004957793581,0.5120184361489141,20.612849335979817,30.15046578315809,9.16693132224865,3.0,2.5630075252436484
72.65896600925224,-0.3222626761465666,9.380312474821933,-0.8260869565217391,4.968446950230021,0.48263969013663227,19.3784319720097,3.245836069244031,0.4109191749512227,0.17202076406779696,9.243809556826307,0.006322622494330407,0.02184715183707824,0.4102526458376263,79.55880788587332,0.494645793037346,9.868126928548316,15.0,4.977084171294365,0.5404933781033802,20.175947452634492,30.076109301014863,9.23124168513533,3.0,1.7474474935076607
71.43042965136489,-0.5626756901368233,9.30290373421175,-3.72,4.969361966729463,0.47710817416731394,19.464822642990153,2.1582199590341213,0.3411041859732058,0.12385643720258815,8.325959404176794,0.006111214835506893,0.015012906494702135,0.4616070919356805,76.10732300741641,0.026646173680452412,9.559499461824169,10.0,4.983630854167528,0.5148299995674561,20.38076390372681,30.11965595935788,9.207655324230975,3.0,1.7499439996976633
72.8026602760828,-0.3809781346668157,9.376453216037865,0.34782608695652173,4.968480336493711,0.4838970711237902,19.44832946937881,4.18598292823248,0.27667823990063134,0.15150689812041898,10.067635168340066,0.006040370620487412,0.018786455881945347,0.453391848894685,79.71742664995702,0.19332168347112466,9.74579098815295,13.0,4.979617613780625,0.5339512459175852,20.301515888963873,30.065637410325646,9.253601295547515,3.0,1.5981816445096975
71.81730375898938,-0.5743175892061596,9.367144598840028,-0.2222222222222222,4.969887639193381,0.48100899775314626,19.547377611187425,2.767161183032236,0.2708869639823392,0.13212613929742087,9.417608933518707,0.005336120442198336,0.015411692159652083,0.41324333406640723,78.62142842274645,-0.1426428529824053,9.70354546620505,15.0,4.979755192194012,0.5181139642361509,20.229707281076678,30.099394986125244,9.198774915354008,3.0,1.5053403373104928
71.58365332881255,-0.4816321581311177,9.327246513120514,0.56,4.971031979828689,0.47859682560825517,19.560720598549953,3.023670751408842,0.3195231409641739,0.14191907636086876,9.436440006697442,0.003892908620672263,0.019282754389952726,0.43752144004495425,75.84582873241007,0.23897609713915724,9.630921830202654,13.0,4.976351397385505,0.5193917268748008,20.61099271483048,30.137112723529295,9.172612284997056,3.0,1.7731117452316738
71.80852259705121,-0.5074895601153602,9.379558461890378,0.2,4.9702304849189565,0.48588724296233116,19.51643294465312,2.947738697839752,0.40851806651447914,0.17700369617378986,9.23038460737146,0.006244028948496354,0.021260890477215987,0.3368428944743709,79.87735055404741,0.42017458733652346,9.645519950596182,15.0,4.979748888110292,0.5321057744702785,20.096978041283066,30.119903731247604,9.171217175028696,3.0,1.2990701623188308
72.45014789800076,-0.651963251681171,9.379671621305745,-2.185185185185185,4.971077868133686,0.48533505857572046,19.41809256043895,2.85985722569263,0.34162081141501405,0.15502141866878605,10.277761094414219,0.005876962081196945,0.02201958003422386,0.43554848971175564,78.68487346386888,0.05215511785202298,9.663020386725076,15.0,4.980596682470054,0.5226061910384701,20.35839113510886,30.12037266584975,9.199286337206898,3.0,2.1217238241650627
71.59033663000854,-0.47685145667943263,9.4052076994191,-2.5833333333333335,4.968337296191925,0.48787517162601146,19.37407944577668,1.9620072854341728,0.3502166886115187,0.1571814012467358,9.362677086294402,0.004803414151118485,0.017974469721726918,0.41263410302515774,74.96505009209577,0.07713470547980805,9.709205654286098,12.0,4.980593076138843,0.5256865767118901,20.533556669174914,30.137836409438748,9.17718977768923,3.0,1.8817444455620844
73.16826035310314,-0.5909557589373385,9.328833549846522,-5.76,4.970683038128612,0.4777036439321611,19.60861379164381,2.9057638614152466,0.2404383583497246,0.15675565597654378,7.284394278181268,0.006213637698197892,0.020117065119942833,0.3979705633118529,80.40382413301121,-0.06641542484335816,9.611564934287001,7.0,4.983897757629952,0.5105204925076066,20.358496657342553,30.115268383108628,9.168035259585928,3.0,1.3768210034225312
71.54378368262657,-0.5887305441732501,9.348552586110262,-1.56,4.968741578522022,0.4830517848742245,19.32973573917022,3.0098888351238116,0.40233069737360444,0.13752412851408327,9.875545554550392,0.005700255313077034,0.018633301946496827,0.39386237035321847,78.84029006197096,0.3841821535828942,9.593180166220277,15.0,4.977331496181641,0.5140357085231966,20.197241562335147,30.1413229818619,9.16043460071956,3.0,1.7667070115280836
72.40963642577752,-0.43413511375539354,9.394645670178756,1.0,4.970837960676675,0.48697417562319706,19.28357515997216,3.229935367043207,0.33338302334856285,0.14541814710362447,9.069777812340135,0.0059393578904575455,0.017661950640750216,0.4185325763940985,78.07616829989917,0.29687629209840305,9.64234038917035,15.0,4.982513380875567,0.5185170938192486,20.091797937184275,30.090076815483144,9.22147269640807,3.0,1.5954592906295737
73.32168919771244,-0.5224028034130523,9.341441983634054,0.11538461538461539,4.96968164707846,0.4791477456189372,19.598990721463682,2.469383136028212,0.3548146730456885,0.13658817819675695,8.643925937981061,0.007061169622838932,0.022971195209744968,0.5746659907200669,77.42486500168793,0.21672683604326903,9.62953831022773,15.0,4.9851547230144355,0.5242713524023312,20.53953669063091,30.097214101086685,9.209860192303035,3.0,2.045177186734634
72.9387001552329,-0.5118600129577632,9.347275233950379,0.2916666666666667,4.9694160934250915,0.4824554250624134,19.415422463053428,2.55002130342917,0.5119507490213164,0.1831620175258623,9.162783268320943,0.006778777096008798,0.021323928330050715,0.4035811595085872,78.84090326611505,0.691569184449314,9.668580974421635,15.0,4.980461958929847,0.5279950452285413,20.033832451439313,30.1104317873494,9.186412251877696,3.0,1.478330897341774
71.78194990767176,-0.45262199105374407,9.38730509785824,-0.20833333333333334,4.970487127152567,0.4842700811885134,19.46376243596608,2.2259107640548392,0.3198712291046102,0.1585595635130877,8.822221784914626,0.005335789747410248,0.019545888142026846,0.4861754721773885,75.92686677398129,0.19348861130789907,9.883288045175346,15.0,4.978509003948687,0.5402150928106592,20.415618316441744,30.14867759281868,9.152349345009277,3.0,2.0600037005182337
72.39186733337202,-0.4741864182530956,9.37181154169122,0.3076923076923077,4.968899417382227,0.4885139120894131,19.58753476074813,2.938068432511045,0.35069888738531035,0.15623725883919504,9.902483102617905,0.0054098427282265205,0.018950343184815675,0.4479220425609685,77.8326359506857,0.15515609897886073,9.703276462550706,14.0,4.975129538109053,0.5342300472719619,20.315840737855954,30.163308672889556,9.13184920799472,3.0,1.4123323682526525
71.50579045800204,-0.46056951050018063,9.295676799026475,-0.15384615384615385,4.971358482256262,0.476925757016526,19.433597953658587,2.7660475737871564,0.34247733308718165,0.15772876342949382,9.690170704586357,0.006779174928883317,0.01730094643782673,0.5550370560661062,76.8927183198559,0.08120194669929104,9.685928890020572,13.0,4.98439713734118,0.5122137807433559,20.547459467136804,30.12363789972317,9.162891936091746,3.0,2.2245108093696118
72.08061903433408,-0.46667120153056957,9.402558183195133,0.7916666666666666,4.968394549397094,0.48544854890805245,19.450264051796598,3.806344627421382,0.2951391869664052,0.1848441439123005,10.704279388273749,0.005392995188204771,0.020307004033455072,0.4773443191140417,83.03587430495502,-0.03915155153234573,9.721709489337078,15.0,4.980602235504507,0.5110166644959346,20.436232760959285,30.05521865354609,9.264593098765578,3.0,2.0310580614082525
71.91034907798182,-0.46781991944382506,9.353338119283288,-0.037037037037037035,4.970765899223038,0.482002177314283,19.669578708661085,2.929718638415705,0.3111947357674124,0.13125560017852975,9.523777189833414,0.004607285239517351,0.01886613425231452,0.4113646928123125,76.61521065558983,0.20659616758169408,9.647887937352126,15.0,4.981190578977985,0.5270733197253622,20.567622079223945,30.17529821393243,9.142436384292767,3.0,1.7299384823351716
71.51521691263007,-0.5213909211181961,9.37670015444534,0.4166666666666667,4.9704741344846,0.4871152198824065,19.516271597003044,2.308144056008528,0.3854341988664709,0.18313781006243232,9.686402267554701,0.005639351136810569,0.023921795583614635,0.4378749026635041,77.15037771389001,0.24017786782437667,9.741533697475623,13.0,4.981077052142723,0.538928139616348,20.379395971715514,19.47179047091764,11.551150536166304,39.0,1.5497077012364002
72.7486987383081,-0.4490681948358813,9.319292952477694,-0.75,4.970054290812374,0.48016561645198125,19.661618039953247,1.726442870077533,0.36541840342312476,0.19049893134845278,8.85178889641335,0.005554301131750211,0.02142554107673935,0.459723712945213,75.92120812531047,0.17157272087486564,9.685649666479824,13.0,4.983245215957063,0.5207452788582472,20.779177884272414,19.681438091985115,11.551789532521777,39.0,1.9779609819970752
70.5867515330921,-0.5159418326234942,9.368360466522752,0.7391304347826086,4.970862506488198,0.4809751641335145,19.516602789258453,2.190447536462898,0.36256327416545236,0.13759604711247128,9.241764330446243,0.006778712056692784,0.01845004030286216,0.49154158132616016,74.28542398301684,0.33144456310923587,9.613144454704917,13.0,4.98403282375719,0.5158377742368664,20.41067214385854,19.495638654625395,11.56950998600805,39.0,1.7408800263873658
70.97554214096785,-0.5237050000338914,9.363254536706403,-3.125,4.968474641646185,0.4831238790049457,19.534216352734003,2.4870165469782224,0.3923257208867551,0.16238429519392425,9.015322604691786,0.004413815817415059,0.019222700278153874,0.3179044768944153,74.59279503537424,0.14720841574664956,9.710939429335992,13.0,4.97527126996376,0.5284062911411652,20.309148256098023,19.515197246823163,11.51736559705141,39.0,1.3687467507080306
71.32241057035075,-0.41551973982804574,9.421193398524165,-0.36,4.96929368500112,0.4907805215450994,19.31681955651709,2.7067783237291128,0.33069102471775974,0.14401319985673408,10.091104994003382,0.005620660034280271,0.019765506761704615,0.40672422558030513,77.33978323870387,0.23228576239080956,9.8000541120052,13.0,4.97743199275863,0.5288644272372256,19.9694598763654,19.413065617376823,11.565286028343259,39.0,1.6339161430758367
71.60755658768213,-0.49938925429919784,9.31807494817145,1.2083333333333333,4.969511875697437,0.4767387571067638,19.613977541826063,3.58805088149606,0.3570065636601671,0.16303190177529212,7.642966083632425,0.005553964123680875,0.016362561856460976,0.44964270746739027,78.38657994174918,0.10736163580030444,9.587643404494537,14.0,4.978419308140009,0.5122256598720774,20.719249175397508,19.599229129188778,11.529665612508271,39.0,1.800376514245233
72.41780204045406,-0.4140973397570925,9.372622485696636,0.34615384615384615,4.9694221030549395,0.4814011107115493,19.441763193702368,2.256489188758426,0.35469637581157143,0.12230475828207352,9.995931124875485,0.005261880795398524,0.017300387337919384,0.3916246389297695,77.94103597800179,0.48179698129046084,9.61333235667624,15.0,4.977675748327213,0.5169152208887096,20.350610998516082,19.47688688000877,11.542906804094677,39.0,1.6664946776079859
72.49701165551191,-0.5675570086471396,9.331916156412655,-1.565217391304348,4.971085519507827,0.4800737427999184,19.51421234862256,2.926436588036909,0.3118620669905643,0.13649633540936235,8.606499500284258,0.0064534527924991,0.015887419765568574,0.4435294444730289,78.38101661064934,0.036247542087586404,9.559029485745791,10.0,4.981550229694381,0.5130373687012033,20.685936110013166,19.539573817238818,11.568545870442163,39.0,1.9837512050676942
72.1428473679678,-0.5643517754067594,9.405852684917797,0.76,4.970930320410664,0.4872915291980424,19.412656313708563,2.6087225303521935,0.28453033805360717,0.1763256699856563,10.685616500698496,0.006278393584990288,0.017689618601228946,0.4132662425820113,76.16244548197594,-0.19083836500503892,9.721676742402142,14.0,4.980071702908457,0.5222780902213057,20.250339827964595,19.517040001571246,11.572999191041133,39.0,1.9373987280184366
72.18826440814111,-0.5568591109166269,9.387509591035062,-2.84,4.9697706576040295,0.4829499810429588,19.467072571591338,2.7465082891656425,0.319231354937339,0.11824191624205507,8.6610853823294,0.0050476610177201614,0.014718233612978512,0.5561056921720482,80.95423412544726,0.21712502419363178,9.664981733540845,13.0,4.980678266923696,0.5157216210872264,20.44620778089793,19.48153179870178,11.543431716262564,39.0,2.301535110136257
72.29994563376641,-0.6533910860790776,9.330875417898923,-3.0833333333333335,4.969451547849466,0.48278825211395854,19.51077681078598,2.745402147007655,0.3656829865343068,0.1826425819127169,9.61299756695185,0.007004511676109144,0.018796939229613892,0.5571941160816326,77.08936293137782,0.10927363490215136,9.672944931426132,15.0,4.979374575685183,0.5125755613315773,20.429849932555825,19.56799045013071,11.552460061454925,39.0,2.4025754935818355
72.09582399745004,-0.5190818987626241,9.35223933158635,-4.045454545454546,4.970138180026029,0.4825826605010068,19.485215433054346,3.7363289079443174,0.38029814555731967,0.1553142795545575,9.319955485297871,0.005884746843421369,0.017778379241468915,0.4425139218727304,79.89576780243928,0.28686867615221967,9.640585151470487,10.0,4.980547542583056,0.5288935412741651,20.249525913770206,19.50749287334725,11.52944233157844,39.0,1.8522549570034528
71.25323481689553,-0.4676537610504631,9.368328070088076,1.0769230769230769,4.969753018671597,0.48337557747954,19.48091641808441,2.7633419417644425,0.3775742276147417,0.14116874237606017,10.076335860753066,0.006647540346627809,0.016285271566008522,0.36698716506875756,75.1849306228581,0.3496087487414199,9.582517824074845,14.0,4.97691341703608,0.5183496296706454,20.06549513230932,19.499372894137302,11.598201600839586,39.0,1.350200658704967
72.67979672628354,-0.5985120968216573,9.383790398267694,-3.76,4.970170114159038,0.48400564001348256,19.60400374871971,3.653296914149095,0.38737720935196307,0.18976225331715355,9.1838118447625,0.005311291252696068,0.023830625824849797,0.5229703725612102,82.65681337105912,0.39499670968426326,9.67529439847402,15.0,4.979560082527408,0.5215676496147403,20.680496532055095,19.56955538463132,11.56435817844854,39.0,2.102896099279569
70.95864562497835,-0.6470030707183775,9.351606611046606,-1.4615384615384615,4.969496739244368,0.4827272876405512,19.52589347548192,2.7926495766841937,0.2798676304606569,0.14774755521913516,8.513476959552332,0.006605040817557058,0.015103761451480248,0.43202039878149157,77.74648965339705,-0.11535004665415505,9.622486687321187,15.0,4.982676776254842,0.5088378320655194,20.309340750195254,19.46439543017562,11.52901231880694,39.0,1.5317961499134611
71.57913287066413,-0.6154959122463184,9.337449815360705,-0.1111111111111111,4.969322065797191,0.47787298453041066,19.456107472996617,2.564563622259401,0.3271335936193257,0.12108441711581892,8.650982959920768,0.0074239165080197695,0.01677544113321979,0.5208557120883616,76.3166255926801,0.002616515998037583,9.657392652512538,14.0,4.98009551218146,0.5293708341478972,20.621502675889225,19.558109741971982,11.513179455921675,39.0,1.9443211683108572
72.89113732409756,-0.4401531471097348,9.404678371097555,0.782608695652174,4.9692971454014385,0.4866684822326624,19.555211150452546,2.509883790887093,0.3428709344278978,0.1571424595778347,10.383752030850182,0.005430311107518831,0.017419196399660237,0.4145670235206014,77.5321659059675,0.3457034069216972,9.701985944323086,15.0,4.980999872426472,0.5143419282344754,20.364590697916253,19.52582507098907,11.514256733321494,39.0,1.6232944202098132
71.51637339890249,-0.5943915846087057,9.330924299434324,-0.07407407407407407,4.968768571493853,0.477546568751917,19.55846552573597,2.83863341633189,0.368304448061253,0.15759102838849118,8.502400209814072,0.00610029233312364,0.01865765956965734,0.39969974375179346,77.73540057781037,-0.006413655079515745,9.626164894622992,15.0,4.97729832803201,0.5131167216997161,20.250881403807035,19.645975584246806,11.565406213940499,39.0,1.5680839357538119
72.5106653878231,-0.4517138624002351,9.395821980945714,0.12,4.969962588813513,0.48528060483305685,19.44703375000484,2.939494486540046,0.36214267062800565,0.14475639844783592,9.547020477614993,0.004905909284178913,0.01741745044694202,0.30816708868780046,78.80825432033805,0.030789907078705436,9.694548900611416,15.0,4.980766565601116,0.5178443916016994,20.19671761794109,19.461413165044906,11.537288080788604,39.0,1.3406679762704776
71.15955202520219,-0.519680879824265,9.31603064249769,1.3478260869565217,4.967987106222735,0.47367402110611717,19.567749437167684,2.7729044168261083,0.38515391125626514,0.19868554402052316,9.787341850139565,0.006312995414065515,0.02229925391929908,0.501258404646799,75.63433817333346,0.2824874152273109,9.62985184933503,14.0,4.981218866359583,0.5125750724969644,20.433727643049245,19.499031111444552,11.58222828430027,39.0,2.011938376542467
71.2189356802698,-0.5021550610400723,9.38810457478632,-2.0,4.968162060367481,0.4857060075558984,19.54105035068887,1.8758446145903225,0.21958313582362998,0.19425572480062953,9.863062404750362,0.006773594410281894,0.019766233556967352,0.31564098546961544,74.72633452013311,0.08325256953012583,9.761095459672893,14.0,4.982675762933027,0.5240954218885603,20.178176894735145,19.463106231087846,11.510861808888087,39.0,1.4271001249762634
72.379722742292,-0.5115910288295838,9.362881832296038,-2.5,4.969128912514911,0.4835034638759758,19.566036189766592,2.653374378014487,0.29431379753936304,0.15555554479309505,8.23609940040389,0.006791176199170956,0.01632342776357288,0.5692759328024305,76.01832443292525,0.16763176662410073,9.628252086398115,13.0,4.979906648147996,0.5161523198138506,20.642640292688633,19.43416673973033,11.554260230151044,39.0,2.1163317552896714
71.85933974517167,-0.5840303558206268,9.384802396353239,0.8260869565217391,4.9699551851664605,0.4876602252854329,19.469248108394115,2.9439758886983896,0.3559731603084379,0.1697767586421388,9.644336810490271,0.0066802379323268124,0.018444413277901518,0.45610449400661507,76.45273333316192,0.41033329722973777,9.792097685155221,15.0,4.9785726434575786,0.5260132978552002,20.45740576736898,19.440658510747316,11.543689890270997,39.0,1.6954692052395863
71.75906043674777,-0.5993461047319437,9.33866310528276,-0.8260869565217391,4.968662877963539,0.48062523922391515,19.55525755070811,1.9301314390118982,0.41938699885067876,0.16262995385968945,10.067822932547742,0.008387951206701522,0.015882669979273716,0.5783240620690266,74.75310504998458,0.1759804662765041,9.600775469521722,15.0,4.981805233337963,0.5030223331898976,21.070077654622665,19.60929385340442,11.521514599733617,39.0,2.7890077575350354
71.59559774122258,-0.5676091823538276,9.369477897385362,-2.1818181818181817,4.970568510280773,0.4822925195466285,19.721875403423827,2.8588700982294464,0.29769201603765255,0.19006468293446616,9.01834677268493,0.004743412148923592,0.02119280317147103,0.4483849130987442,78.29978868742573,0.022006286978831002,9.655248324712613,15.0,4.97827550666393,0.5205316943671869,20.425076240406575,19.541740920508026,11.580979788341908,39.0,1.7028120426331093
71.77349351646798,-0.47907505277975027,9.361781067941127,-0.19230769230769232,4.9710055329894,0.48615077630509596,19.472776618989677,2.919768415648268,0.37839837867498577,0.1473722294860457,10.019286135975767,0.005974435537037984,0.018874219553316578,0.4058925191008893,78.84428022302072,0.2689275580841095,9.691075096723608,15.0,4.9828607353889005,0.5186254506768664,20.383689795350847,19.588606978940888,11.556336089886655,39.0,1.623411134676335
72.37677514556769,-0.5179113786284817,9.398031199095122,0.8846153846153846,4.971201965726056,0.4878586607451165,19.420873884672808,2.993062626603629,0.3082506519262523,0.16914524125375108,10.008945702862027,0.00530814389333608,0.01806307969064103,0.42608450732183656,81.11044565672552,0.03941369653838156,9.72837679803595,15.0,4.98061757702853,0.5277112139228648,19.99224885204408,19.401990491353477,11.479749680217267,39.0,1.548531073592173
71.61738766622538,-0.5513095488822537,9.378667483371238,0.88,4.970239480015471,0.48205068193697215,19.385867612353362,2.6413064913083644,0.42406314066195866,0.12620102507401038,10.163936245372655,0.008008918808322964,0.015958243756617717,0.5356101591780018,74.88784721226256,-0.01223437406518102,9.627516577298627,15.0,4.9833823268713715,0.5111062398655112,20.33406493837542,19.424476993537333,11.530332170409329,39.0,2.0682676698530535
73.21019355095879,-0.5916121668344949,9.40330592471083,-1.9615384615384615,4.968333751096716,0.4901459475354101,19.477347736514528,2.551275830641542,0.4273628870854729,0.12180058834232431,9.229887778427582,0.007058256509305269,0.016491016852708415,0.3998445086638932,77.541544041812,0.1234302719835545,9.564566457698835,13.0,4.977424474143493,0.5188511531729915,20.37057663805314,19.54464993642776,11.552514476580303,39.0,1.8796968308312039
72.46614117578312,-0.557412635234057,9.41094174247513,-4.545454545454546,4.97019985569584,0.49077154658887084,19.431898069778033,3.3345908225178604,0.3153840338688548,0.17312262161567235,9.355247787045771,0.006963723069312524,0.020434925834232252,0.3888552869120943,78.3683831862209,0.07386603019668803,9.748067678552653,13.0,4.9826031457748705,0.5349279690790469,20.15868707653545,19.415542747991353,11.545594687430112,39.0,1.3777113039656825
72.29422051154289,-0.465152527504681,9.393462587317536,-0.6818181818181818,4.970075860541947,0.4835674073053209,19.353742115723247,2.849498305191935,0.34818965322134504,0.15990532059144297,10.648885403204345,0.006667705845293617,0.018133525485362192,0.4760955647728365,78.02185402324231,0.17235193941790428,9.683803310599734,14.0,4.980082563789933,0.5115136238325545,20.581370977347245,19.360688230643934,11.535460684307319,39.0,2.1053945477712155
71.98105705193028,-0.517703812058335,9.353657725646201,-0.5217391304347826,4.9674858366772465,0.48426125862093405,19.55812953723323,2.5409837660932078,0.35020065290858365,0.1358990053161083,9.310440914312467,0.00713539121239478,0.018787616160775553,0.36687203939942026,76.49936824762204,0.21887918517619487,9.6721967162034,13.0,4.981661984521771,0.5136132270109199,20.335010450149202,19.580836951012337,11.533545382116767,39.0,1.6484362445877885
72.18772652626197,-0.561515335753376,9.390158955913389,-0.3076923076923077,4.969861968659444,0.48905693161330827,19.383595604065743,2.8400620377537096,0.3987258718569108,0.19055968176897872,10.89731523311778,0.004821692192133587,0.01900485939634822,0.4967148631248559,78.22616393178097,0.3053697973095306,9.752496186504192,15.0,4.978209722598667,0.5294838185151192,20.236399594724205,19.460207093871222,11.527536336464848,39.0,1.8957080529137649
71.90968809256673,-0.572573046285694,9.404041158889491,-2.037037037037037,4.968493464708182,0.49049243849657026,19.491773784033963,2.49501980282176,0.30251001517998594,0.14902655239988258,9.065528856226354,0.006422891639963182,0.01976859537931799,0.417588916946462,75.99318070696218,0.10699699521144745,9.743049339940416,15.0,4.980858186217171,0.534464146328486,20.471332500458814,19.508608832847337,11.564683503187567,39.0,1.654319323881829
71.21867310860107,-0.6172883263394137,9.403688419942204,-2.8333333333333335,4.968559500011526,0.4885851065263942,19.616033276080984,2.6966836180882097,0.29422442672387206,0.1568687160070989,10.322575044801347,0.006368172877623416,0.01854974068456463,0.35839992293553785,76.97642145662412,-0.11209990296401107,9.786404581620305,15.0,4.977376518357587,0.5231343654243231,20.144928616379126,19.618580780335144,11.576675323425128,39.0,1.2280465105944565
72.80048525209733,-0.49440335224711024,9.3903643311956,3.3461538461538463,4.968320861216286,0.48620272300155787,19.40230521987088,2.8670275733433206,0.37068240076436926,0.16205355601557042,9.364180146840683,0.005599302480626985,0.018374047676259896,0.3293400202581028,77.16023155199225,0.17051118891891726,9.786282740038484,15.0,4.978030211877363,0.5258868001737302,19.951058969594314,19.400866722854275,11.533231161586762,39.0,1.205223332727158
72.80215203661966,-0.36160963059939644,9.410322305340372,4.136363636363637,4.970348411162669,0.48575871527683234,19.50309923457629,3.527188254205751,0.2915674554642584,0.13629899020996505,9.245615445100325,0.006517389358430296,0.018484286410744746,0.49535674190664186,78.80687722708336,0.1808138603677224,9.656659767988788,15.0,4.981829804599659,0.5183094181428047,20.561650137932503,19.471315242914457,11.514844884024392,39.0,2.1079452496599345
71.6195275431438,-0.48107928993269716,9.363338904365676,0.16,4.970417356750622,0.48354281310951386,19.40226102728564,2.3485727973733286,0.2902098668184541,0.15986213933693924,8.716329502720741,0.005544170545734981,0.020828007065186123,0.47414047849752156,77.00617492529113,0.10529668661221869,9.648894941684471,13.0,4.984466918166911,0.5250990366740432,20.24346968656226,19.41255667363502,11.50798429802502,39.0,2.010167511180473
71.93212817098848,-0.5693604588994333,9.351618096778692,-1.2173913043478262,4.969186033442408,0.4824563024456886,19.62804351384404,2.8290519774357925,0.2789378419373216,0.13961427321066008,9.586931874167274,0.005947752767873422,0.015332380318167154,0.5876064689924182,77.95460867800085,0.14194372645621356,9.645744126805692,15.0,4.97944466528765,0.5080725027106671,20.781856354123583,19.514371211681226,11.564393700079476,39.0,2.207033967414745
71.21057354184327,-0.6000227817909386,9.313142215732746,-2.48,4.970138928836289,0.47870762158863783,19.394238566047907,2.269482385639988,0.351247955788964,0.12277220950576084,7.5900988135860255,0.0065872904373113,0.017991817908093028,0.2779744459637621,75.97791385282417,0.14941210488575085,9.486855688098723,14.0,4.97993921951444,0.5049880345300012,19.860499228397302,19.455297945575175,11.523685603602889,39.0,0.9940001396328846
71.15820373281782,-0.49640777849558637,9.333155437471738,-0.5769230769230769,4.968870069345332,0.4806064809644628,19.35194075646673,2.640655937889217,0.4196954756176503,0.12078263411336218,8.63879032184785,0.0061131240340451835,0.020292885337892152,0.4208551221020266,76.76577700235788,0.20098015305453387,9.604318321212569,15.0,4.981156218536476,0.5294050711112256,20.222957783383777,19.46489920764262,11.563009825828098,39.0,1.6636162423656202
71.64797249852317,-0.5454664519627535,9.396629923736253,-3.4782608695652173,4.970009437643326,0.48510431065801024,19.618559774754207,2.8496003157513154,0.3170642418869466,0.146971799971336,8.101902971403327,0.007387646205209979,0.018088951403661336,0.432269538065329,77.78400918301188,-0.016760528342761427,9.688670473492476,15.0,4.982283888043041,0.5224934988308215,20.524625367780462,19.57461739413752,11.553344457687974,39.0,1.8922743458304723
71.71424481814499,-0.38769114068973304,9.404598116621603,0.045454545454545456,4.967689922450071,0.48571171823995807,19.383981286289444,2.7020644361547803,0.33264820867060657,0.14864259839765157,8.916161387295405,0.009266868376217938,0.017652381669966077,0.49394597039645943,76.2511942594347,0.1544637696773954,9.7832923546124,13.0,4.982330186443851,0.5276334278897286,20.256578161995524,19.48775183935124,11.517254237005211,39.0,1.9900184610653184
71.55989558222542,-0.49129147820044666,9.384538409431222,0.08695652173913043,4.967918176854595,0.4881509340820239,19.56219723197339,3.2066212293623937,0.3397396026302693,0.17380333836753462,10.15922388116705,0.005955011090243433,0.02072948592385235,0.4687709675612157,76.82932901176798,0.24806170772258995,9.702158588629299,15.0,4.979621962879735,0.5178735720822125,20.63594362636958,19.549315212236525,11.564778867357635,39.0,2.2124620669303035
72.83757178797991,-0.5767005006421442,9.37053681855524,-1.2173913043478262,4.969571944849678,0.4853907485536321,19.536555135911357,2.987550090062623,0.31927371024331624,0.17707495872717474,9.362072056692739,0.005010082797036533,0.0215545007332751,0.4135119589909572,77.5708157609408,-0.07158787360562102,9.697780017916454,15.0,4.976876040011562,0.5278854822128596,20.41577012612428,19.53623040804224,11.53980048863383,39.0,1.6883961318943648
71.34449393653708,-0.5682371222397188,9.401238339197194,0.11538461538461539,4.969586646445254,0.4900555613619989,19.533115883910593,3.310307154629769,0.37023423139782524,0.1604852429675236,9.978156616703087,0.004410426441476102,0.019792849960668466,0.5558753683962532,78.27630366563201,0.359970298490603,9.646108601428148,15.0,4.976939607804592,0.5278129983663518,20.339923600027785,19.49622210376243,11.564657360681434,39.0,2.192258246156449
73.09553667854732,-0.5149970279623166,9.377404978676235,-0.4,4.97027516294905,0.4859402493122043,19.397588204667787,2.7065425062673887,0.3713086025985476,0.1764300170089429,10.174477873581523,0.005210368330951402,0.021846074231180186,0.4981078429086952,78.61776636957755,0.13690505070621917,9.814185004818253,15.0,4.980151451663777,0.5368155327504406,20.437607499775268,19.4164249044721,11.576702175568734,39.0,1.9237061966199391
71.66681665863763,-0.5399617431110492,9.401936755799921,-1.1538461538461537,4.970345808246457,0.489614870179562,19.434398917870688,2.9400077766286006,0.34973737997286897,0.14896131306724697,9.777101614299164,0.007320000322194192,0.018986982101991783,0.44164354447843085,75.93956171669551,0.07089803662228689,9.699586694794988,15.0,4.9828138936440425,0.5292049555682177,20.33800123089074,19.446469396948345,11.513764222248536,39.0,2.088252626197921
71.89362376697176,-0.39883687397886913,9.289289563185722,2.074074074074074,4.969906626606981,0.4773966902578088,19.449524037399016,2.9347045524813264,0.417213515973991,0.1444489802735394,8.050424078665973,0.006039102475712939,0.01995826863925974,0.42854653811044097,77.6172230555951,0.4229481308727845,9.585368771340178,14.0,4.98302410427109,0.5153011787947129,20.260680994227954,19.45807460354796,11.57775788963716,39.0,1.5609487851717176
73.44829970683975,-0.4441140699465618,9.465115354448256,2.2,4.969770320242041,0.49150973446130036,19.35086936653282,3.505692565375062,0.3672378485263394,0.13769675528459252,11.422784249034908,0.006640518877944254,0.01769105580317212,0.36854844538974635,79.4745518374418,0.1828183605022311,9.719617886563618,15.0,4.980261925714743,0.5311646493812568,20.206571352736354,19.418204927608848,11.51898092390558,39.0,1.4854530892565663
72.22195884807935,-0.49240651621731835,9.35806084822312,-0.43478260869565216,4.967404131834839,0.4875006033737081,19.450041412669872,1.874629686454667,0.32332443229538677,0.19115996228931093,9.986190843431578,0.0062885157626636715,0.022601279626085012,0.4055395378506353,76.42093647405648,0.25511174166411377,9.697588140950192,15.0,4.982457787880539,0.5286997790801475,20.26623214890153,19.36306790970037,11.52479265871304,39.0,1.5470467666421612
72.88741565861332,-0.5427586755757239,9.478272656253859,1.0434782608695652,4.96956831421286,0.49651393218033474,19.488015573351145,2.1654496845352114,0.30573132286641846,0.12357944040447738,11.19579991460138,0.005495629805747417,0.014226307209421064,0.4985409342495839,76.78840909188571,0.05557621126284218,9.696309710548205,14.0,4.979682774193506,0.5227525421030695,20.374091050650563,19.571566232229532,11.502251426202276,39.0,1.965276829794476
70.3109883307252,-0.677352499929238,9.437309948950208,-4.681818181818182,4.969787100492223,0.49416366737649026,19.531661227408815,3.2515766628385294,0.36369531107590225,0.1489434389898296,9.479098363511373,0.008069676494132686,0.014324903287602607,0.42032839856074544,76.93600162259595,-0.22320567122258628,9.750331690131642,15.0,4.982566086506377,0.5195908858184092,20.17012726460346,19.51991271095897,11.55031536501129,39.0,1.8582347390567584
71.63774005200949,-0.41300249786442356,9.365469279153707,0.5,4.970748016408363,0.4826686834029827,19.438981449596263,2.226518283304344,0.34920339289798846,0.14678727695872995,9.0,0.006743156769591145,0.01751015287418992,0.45724155162576785,77.68799808615915,0.3046149553951545,9.686413911936143,15.0,4.985534819580821,0.5190559628798914,20.4936883995904,19.459832652569634,11.550391913850769,39.0,1.7904228167723382
71.91492663501317,-0.468295711660663,9.32083032055795,1.4090909090909092,4.96821748648914,0.4798471670525336,19.357908435742843,2.924098238833559,0.2948190911417759,0.16165978602430975,8.071606187511938,0.0071244052183465105,0.021737910324109364,0.4079675856837011,79.05518675329904,0.04085887290035517,9.63636380292324,15.0,4.978959656907346,0.5142414574218508,20.050106417699347,19.477957108873206,11.503267585490255,39.0,1.3095783776976262
71.95985371128035,-0.4480994913520503,9.37925356603076,0.30434782608695654,4.968757420598878,0.4852203342134853,19.526711316072355,2.1525353772143943,0.3244033540259333,0.1626246235402364,10.058242488922879,0.008773905453433498,0.01939996662229236,0.3735764574120847,76.62016955486556,0.0742311113019618,9.74148634322094,15.0,4.9834160185301934,0.5320621679173242,19.982183322966712,19.48057856482542,11.53885686338382,39.0,1.3692099882402857
72.4848064926638,-0.3865630690731809,9.349564887186517,4.416666666666667,4.968485810603501,0.48007914986152,19.707378710867037,2.4023062640571924,0.2863955113831234,0.15542836003567995,9.100900443851085,0.006825379248803153,0.021315986550298146,0.4112845713387123,78.15790556034082,0.09585191798993109,9.616923071269499,14.0,4.979670697170938,0.517488712298256,20.492722517930694,19.591695433382306,11.524255539081915,39.0,1.70738933792045
72.66654489872707,-0.4552717784356146,9.352752426241867,-1.8,4.969715376005388,0.4826186041321614,19.559592124991987,2.816141339247873,0.3733323410481632,0.14168196706485714,7.359347797189641,0.006330110760642386,0.01778701868059071,0.3739527518303087,77.62856294368505,0.34282147727330403,9.624709625327897,12.0,4.981311348534952,0.5184102752207479,20.421200523233587,19.566924039302382,11.544536451857843,39.0,1.6457808425893319
72.64191487334283,-0.47861530049825735,9.398688124137458,1.565217391304348,4.969623085407653,0.4875322066246217,19.40021078524779,3.418747743761807,0.2989696945346281,0.17922928785590517,9.867937042486648,0.006974022850400337,0.018131860369245995,0.37131609891670236,82.59542177850781,-0.015735142974445337,9.793778180325667,15.0,4.9795541329313,0.5254729791674828,20.19942647072267,19.415926019759084,11.52990734645897,39.0,1.6427602764331013
72.11013656110822,-0.3839954530475213,9.410184287455952,3.75,4.968245095655658,0.4907410937446301,19.4903500443128,2.831877359429439,0.4086992692301216,0.17540621519859712,9.657682606781677,0.006227754518631102,0.01873334922595306,0.46698306828199,77.84289811804051,0.5102543447633273,9.724949718057625,15.0,4.9773421280372485,0.5310727403559654,20.43950651031831,19.49171467319816,11.556381651566141,39.0,1.9592807804817625
70.68718745881108,-0.4034367019579079,9.385117493582715,-1.6363636363636365,4.969523672249519,0.4859496047923034,19.874791873869857,2.1688124553318944,0.36349937805086063,0.14480940584057048,10.772631376634937,0.006060181455911887,0.015134517044528605,0.42843139893593135,74.08633457049686,0.2628968792605424,9.66575820590795,15.0,4.981140144453945,0.5159593838671238,20.53666053123325,19.725828090543295,11.589211043061129,39.0,1.4448082204451502
72.50406841391955,-0.48751575726845825,9.35135468648409,1.1923076923076923,4.970025138004658,0.4788939760582304,19.55491677890229,2.8357141410493583,0.3418683882129923,0.15573228808323158,9.563629946389566,0.006901230347640202,0.02061430699819564,0.46479705473630484,80.42186468391047,0.20374770945664045,9.661591571402814,15.0,4.985318280485281,0.515033747779909,21.038184600103115,19.504210888401804,11.567385877422844,39.0,2.2682936788854207
71.63332125114808,-0.5027929915177545,9.338987157297709,-1.56,4.9704627296811505,0.48019320917586106,19.459671673732053,2.5179393431069417,0.31951536120883994,0.15288479666150906,8.85925504768883,0.003991744889924025,0.017171777098139385,0.45511093768319083,77.4246426639564,0.15880755064718866,9.567391383317657,15.0,4.978860193013402,0.5117289957932672,20.50209673618341,19.481041383646023,11.551852907020299,39.0,1.8980621033113678
71.74830805369113,-0.55218287578552,9.363540474966562,-4.173913043478261,4.970422992682306,0.4809568495034922,19.62543454360814,1.7347665746799716,0.31949702052414086,0.18336692268915172,8.625806447051996,0.005423336113595462,0.02049946965399649,0.6017203443526002,74.38110257741764,-0.07751111678973688,9.814160852333513,14.0,4.977361016812286,0.5281012274473972,20.727923799446614,19.516859812441457,11.498376457628614,39.0,2.1297713393496487
71.06107635764785,-0.5840801160664212,9.417968642532786,-1.7083333333333333,4.971558089435262,0.4868465249281584,19.449938692814758,2.503178986107239,0.31974591671616787,0.12537413531333375,10.592761548445344,0.004513919417933146,0.01871407297077107,0.46087444732669075,75.64629766493792,0.1148991674511397,9.772697127666792,15.0,4.98006728125048,0.5320887765101091,20.212663936656284,19.50480019423506,11.589095193610142,39.0,1.71628674294627
71.79353025145554,-0.5080569422032929,9.357095593428216,1.2173913043478262,4.9731133173005935,0.47936971577594,19.665245664633925,2.563045551239052,0.3417746777625675,0.11356997472082914,9.686191523926485,0.00486771816431331,0.017875812064899136,0.46564814391296344,81.1288892977035,0.047523367905027314,9.55807712230484,15.0,4.98260636449153,0.5220211033625104,20.48074474140671,19.67326994175329,11.529109078272937,39.0,2.075472746459681
71.59336242875442,-0.5466250214642505,9.378559839464328,-0.5909090909090909,4.972183545866733,0.48425522272829424,19.485864968226238,2.4086334105051153,0.34340690064090024,0.16001028167079825,8.408108050669636,0.005014419867165491,0.018811145504061655,0.46255894360270855,75.10045004023969,-0.05114203401362194,9.676430794106102,14.0,4.981453355183899,0.5157832679440851,20.216407226765977,19.555653465240617,11.533613533379336,39.0,1.7059352951905495
71.52328481212251,-0.6101683477127667,9.501365871530536,3.72,4.968821219893972,0.49719695475057757,19.531556573110645,2.491739459141757,0.3095980483376909,0.1678317213637451,9.664450320633865,0.006951217755248643,0.023398250990987492,0.5037941446352842,76.19105763742229,-0.17699304570323426,9.874866023104238,15.0,4.977869621831293,0.5385554905208678,20.856722844196984,19.563288970627646,11.554840291962641,39.0,2.2141448850491727
71.5231536692973,-0.5501029617359549,9.32966830811064,0.7083333333333334,4.967245292937086,0.48050873480969497,19.43530295730884,2.3310848826276396,0.3655485133412251,0.12976362947306969,8.715308211544915,0.006192331729379924,0.014775152282929152,0.5449939889950259,76.93618445650002,0.42522927567184365,9.56380029075484,15.0,4.980188274217163,0.5111502947557346,20.633799843755348,19.57467299202637,11.51103083120652,39.0,2.188591869696861
72.23209797140213,-0.49973519695953594,9.330404154780451,1.8518518518518519,4.970571899688947,0.4822492779886523,19.33706711548462,3.256173421856907,0.3938059234770149,0.13160345212789007,9.336125390727434,0.007227505253792098,0.015808676047813247,0.4998334220319367,81.67561223029988,0.24943369206646449,9.61421599623944,14.0,4.9832411588391,0.5111279525906848,20.397144531074495,19.413289381218412,11.518885163065496,39.0,2.402131738248997
72.36837835419256,-0.53676818018815,9.374423736482257,-0.9583333333333334,4.9707117385851225,0.48257627545711373,19.680845316511405,3.4353991665038883,0.3479150017621608,0.1645070954187935,8.433460967413609,0.005313837036932339,0.020401546849704306,0.31398615696001553,81.32358686816445,0.4085022264021334,9.705550264545582,15.0,4.979238871441952,0.5218426148735316,20.16312467392571,19.527155945247216,11.53584159295317,39.0,1.2804064676717353
71.81290459500903,-0.5631757347055631,9.39638780800493,-3.16,4.970151536547525,0.48727137836596496,19.38016798407088,2.9986372682300098,0.3414123938924006,0.1556081835729731,10.278832618541855,0.003957525513965394,0.019417833192273692,0.4937108049907029,78.20325344277708,0.2532097906226818,9.707309033419053,15.0,4.97598624521109,0.521688647711865,20.430721129589134,19.4382704212345,11.538526443138025,39.0,1.841888930429139
71.82581341896194,-0.5388357174545458,9.391333993494007,2.88,4.969624717547966,0.4875571187961374,19.69517735549151,2.131978644497116,0.3824970875848466,0.16596037532032343,9.35658057198248,0.00562696022525603,0.021720619985947157,0.44509731465540586,77.42057249624557,0.2146695842784725,9.667538765804515,15.0,4.978249962446249,0.5263089506110709,20.475292585588996,19.616563672918687,11.542938803992127,39.0,1.6077832248511719
72.40226655849987,-0.44837511839665245,9.356225255973248,1.8695652173913044,4.9699302000991725,0.4825769126348418,19.72184484264591,2.7927950779045396,0.38999420586845723,0.15020708483815048,9.501964775433173,0.007703678908562174,0.02223717824338055,0.33395085433158067,78.72088790642181,0.27276491396260316,9.744568537191736,15.0,4.983045231688115,0.5337450544521617,20.43220903308009,19.62511045009498,11.558565824597196,39.0,1.195377059339684
72.13278422933288,-0.422234467924663,9.329915609208234,3.8333333333333335,4.969003526382365,0.4818243119084049,19.534143877841075,3.6215676532710597,0.4221180473839762,0.16549320246822566,9.044642367476756,0.006669174169712872,0.020477831683853292,0.32079138595281514,77.32778068168133,0.6086490700304985,9.641212459556257,13.0,4.980180675509915,0.5276153354869322,20.18938663210981,19.559985605548157,11.553371232063755,39.0,1.1296450448749198
71.94106391491763,-0.4808570864299412,9.349577153362555,3.24,4.969114764688282,0.48068569416824936,19.465072989259706,2.896077433593262,0.27774278020162574,0.19621255544349891,8.571020942688216,0.006483048571489634,0.02275353434858,0.4546729051571599,76.27718181843446,0.1581408340604209,9.688937908684405,15.0,4.979913807324515,0.5235200929668478,20.419845118325323,19.473581154896564,11.55191370578711,39.0,1.8487027557557987
71.67077313091451,-0.5506014196558221,9.382042266310288,-2.4814814814814814,4.9710737499454964,0.4834884283734752,19.650127146009346,2.709900687141613,0.3371746818173598,0.13343604767407385,8.22088744587865,0.003359257087376259,0.015879971791044233,0.4200814455214567,79.91692714558023,0.35466875830589006,9.605570101947638,14.0,4.978184681195921,0.5070384530087019,20.654590923051448,19.602022791968956,11.571355610895713,39.0,1.837148653029562
73.09148371287165,-0.5283382113916277,9.386481371224264,-0.6521739130434783,4.96998235963734,0.48664792329721285,19.50325411635919,2.8645840536052436,0.3653836136496445,0.13725910825508864,9.196448726935063,0.00610093488357378,0.01434454089049447,0.4808501462676097,78.27830017460026,0.0975000583942296,9.621163049159376,14.0,4.980235372636578,0.5196191920541038,20.125810791726625,19.399076946568194,11.56122081824713,39.0,1.8244304453643991
70.43129445074953,-0.39165731732658776,9.37807377981616,3.5833333333333335,4.968536139374112,0.482819589493424,19.46767637867735,2.8063379345012933,0.3165232380854355,0.13908304330757143,9.10547759440559,0.008607592363258414,0.016572225866835596,0.4164370169232262,78.47739584727017,0.23952553077316963,9.626362429849527,15.0,4.980431494722627,0.5343692079731494,20.171455436762244,19.477325905919415,11.582750089127629,39.0,1.8206578017500803
71.94714546628859,-0.6476428657609026,9.33553196600025,-0.4444444444444444,4.969803270508864,0.48218210050390836,19.37668260429436,2.432206010340555,0.3362788545086576,0.15910851876949333,9.254961965759467,0.006599196337733943,0.019719235360016515,0.4677685567370894,75.86652018298005,0.07882721927340763,9.626932802919239,15.0,4.9832210820613945,0.5230522133081887,20.342603439522485,19.41665135889291,11.509361886589021,39.0,2.0508848083233
71.58303552246656,-0.45659603769941126,9.3870111892874,1.4230769230769231,4.968382601510593,0.48878173699285526,19.403083237708415,2.968637032836016,0.3353650941107011,0.13587476084656736,9.37744051074409,0.0057186363923958,0.015364779793678746,0.2832660058931106,78.05854143897584,0.5506881668026592,9.811915980505965,14.0,4.978500905969861,0.5262080118729183,20.143816573055624,19.449390789682287,11.530294091101952,39.0,1.307809487560995
71.51211087925958,-0.5324835187562612,9.399863628042025,-2.4615384615384617,4.968491559587952,0.48455598105653724,19.55325001626316,2.714664521503503,0.2719339366405718,0.1698074490181483,9.973930516141989,0.005765285538608626,0.0198369374018814,0.4582428638178738,77.42667823953255,-0.053531747342458136,9.764984705257836,14.0,4.978425508887361,0.5229407676759941,21.004432324368686,19.527079364646553,11.505785380682962,39.0,2.0228936406867533
72.13600795898692,-0.44472444660173027,9.314795432939347,0.12,4.970411733331818,0.4814064027843649,19.521437599321516,1.995395920364654,0.32214598754907553,0.15956837208232583,10.009275698071264,0.005898362369347899,0.01819336856608862,0.4530605245382489,76.2744357312755,0.2626796562488942,9.596935397793759,15.0,4.979768347943776,0.5232906880921364,20.77071715160669,19.517311960800384,11.57761711559709,39.0,1.9550829381052708
72.14630069467844,-0.569037224370036,9.378020141052618,-1.3181818181818181,4.967803604454834,0.4863018209410486,19.545052671598167,2.368873222085215,0.3965546606797752,0.1917597810003408,9.937927182980104,0.005785192488957495,0.021596751982668656,0.45716278780031727,76.55302606034016,0.03504607338820098,9.797824040052676,15.0,4.976618850678795,0.5332197808373188,20.410507021814198,19.546545440795907,11.56740569070449,39.0,1.5350392186623196
70.58675625823221,-0.46949663850491247,9.398484770443966,-0.043478260869565216,4.96884795071522,0.48514975100207736,19.536196338362608,3.045697727100145,0.2516717306212005,0.20015119929454703,8.675193323842942,0.007651336373333589,0.02107026271045674,0.3273879254407089,76.93554627101243,0.031027306473308425,9.806418178452175,14.0,4.985786631781005,0.5274552002327432,20.15420367160643,19.492332911294895,11.601095025737731,39.0,1.401543168422819
72.50081480238585,-0.5430410219212286,9.318784450828971,0.9583333333333334,4.969304513149434,0.4791445120553694,19.481127162539483,2.735996973437481,0.37524408461025993,0.12182973616894471,8.233464067787965,0.007905948790125244,0.01477573235033033,0.5709190039625924,77.63954090402025,0.1549829249882102,9.569245172100725,15.0,4.982829092493674,0.503657670497368,20.83297759556125,19.457905505950734,11.512318163031724,39.0,2.25181157481693
71.9353944176621,-0.5174613357701384,9.386959747839752,-1.125,4.969945904623174,0.48765562204305896,19.439350013920542,2.6624090403269864,0.34620414153901885,0.13830911567436732,9.909223397084826,0.00626671183891026,0.01461607743360826,0.41504486535419194,77.334943444917,0.36881715246743707,9.651401191203929,14.0,4.980050925047628,0.5168271685960775,20.0556505121483,19.451290977388794,11.517501529679713,39.0,1.729458324218534
71.84081311072711,-0.6111303912679551,9.384704136134712,-1.28,4.969782593134439,0.48555027514904103,19.48706034585342,2.965966020462931,0.32620781391214493,0.16061070009507838,9.631282365292796,0.0062027007866373085,0.020017029368544735,0.3925686186254283,78.06510476348524,-0.12866592622509554,9.711595858561592,14.0,4.981501429345659,0.5196512166755098,20.26873818063342,19.54926170603511,11.504478577257172,39.0,1.3578978161961217
72.72542588930474,-0.48177146694505313,9.363752690934307,-1.0384615384615385,4.970602498822288,0.4806830168306623,19.561273462549263,2.2502712532731772,0.38768300080805523,0.12369381380154555,10.779184960022109,0.005994788053664962,0.013870689847460562,0.43229976092568495,80.4166173981869,0.5509025105085208,9.666499868128806,15.0,4.978105791311541,0.5174950464750757,21.17295272201786,19.503649961743037,11.534120230537638,39.0,2.3616162332879824
71.88544985873776,-0.4424648681832581,9.402612975586749,1.608695652173913,4.969509287478589,0.4875656489763605,19.662651664201807,2.0865951759684993,0.36431697533399154,0.17852534274679435,9.337810610326647,0.006121043319464747,0.02088501332083782,0.6137338786185371,75.43111487441104,0.36331415359632013,9.806500898859476,15.0,4.980371297287842,0.5195890416872752,20.84887302005277,19.62098701629622,11.564554947747595,39.0,2.4984286121808594
71.44691171221042,-0.5569882744622909,9.391660839516922,-0.3333333333333333,4.96853675877746,0.48757264692475083,19.51680076151503,2.373768660615677,0.36455292199651745,0.16227646664063927,9.591663046625438,0.005461016128020781,0.02112650001093171,0.3576570981945758,75.13948360414842,0.4992162469634738,9.792123263817077,15.0,4.979803415531771,0.5457116906526063,20.078145956909225,19.48736269151368,11.533469117579532,39.0,1.557248575154027
72.32439148381877,-0.6841405581204539,9.405669842689603,-2.4,4.9695370130996235,0.48948744601115135,19.372773529057127,2.4323231643463297,0.30600526105769077,0.13490917009131842,10.26839812239475,0.00614086664312551,0.013035462879888758,0.4875948391226533,76.59563653384546,0.2378284839633289,9.652348451946326,15.0,4.979307665478485,0.5145585181591099,20.62963428890032,19.4151600720057,11.59772052087969,39.0,1.9242455876407263
71.29405400385666,-0.49011765780329175,9.323695931203025,0.6153846153846154,4.9684852532438875,0.4823288955049654,19.398262049911164,3.07999348580286,0.3262195523275974,0.15190847283181375,9.24486103850684,0.008119970478983732,0.01951485047326852,0.5129703441614714,78.87047530736629,0.1988704747451383,9.628112875347501,13.0,4.982661973907107,0.5212193429863033,20.302030066973124,19.456242998414467,11.529518358726675,39.0,1.9889149479722228
71.53507778813157,-0.5847673784049102,9.376680843364236,-0.8076923076923077,4.970175345943839,0.4867982174362822,19.642693104499998,2.8589027340346407,0.3724105680555348,0.13284184023042217,9.4666183986324,0.007737435272426342,0.014283713498672326,0.5486143498971815,77.7331233437188,0.10838517769673639,9.609531419455374,15.0,4.980041519528104,0.5134364394030301,20.80490410706368,19.57973088633161,11.534218085869727,39.0,2.3973002177208116
72.1855715173195,-0.4574635450829536,9.362416892510867,-1.9583333333333333,4.96942700184383,0.4855477793306156,19.58808114854965,2.460174216536658,0.3061554763972556,0.13235692868398133,10.549404274913137,0.0060447340987901735,0.01628682039297077,0.3616865409959669,75.82291798343846,0.07899418160329674,9.714208293410804,15.0,4.982631156244425,0.5203448637531167,20.321552019319455,19.547285012504204,11.557250598299794,39.0,1.5918636918332645
71.56866071692251,-0.45575730268333486,9.38641423586462,-0.5185185185185185,4.971291039513398,0.48513932178960667,19.676609612590166,2.3318791801230954,0.4238450161638259,0.15949639076543826,9.267107784746084,0.004545669347850011,0.017916576582718915,0.49702666783276545,76.51985053843731,0.35016363645251913,9.699846994740202,14.0,4.97964178055625,0.5210373105969224,20.96148350001478,19.629493507725694,11.536965171235146,39.0,2.2964738756340566
71.13363871650297,-0.581684999330537,9.370309033297493,-1.1153846153846154,4.969130263167605,0.48301178829328834,19.465565551181843,2.9681720330343895,0.307516663000982,0.14537019856544514,8.473156359835741,0.005878230182219287,0.018921816557569276,0.498831979719931,81.43361267275256,0.3105714195904825,9.864900130850534,15.0,4.978902586062925,0.5405454249446908,20.34814716639329,19.554547919972023,11.487360922744655,39.0,1.7495875952529971
71.93474302632248,-0.49223689627450146,9.366541731123288,2.230769230769231,4.968157774813774,0.48259538350017794,19.543299182632047,2.8314408587385604,0.4265215147982434,0.1708094672653675,9.128601259050892,0.006832964060607337,0.021978126651044965,0.4258039832121213,78.54854748466713,0.24508633057395413,9.710219904233002,15.0,4.978913975301841,0.5317098552644468,20.37042082077403,19.49005758903269,11.553095519185158,39.0,1.5977055547063728
71.64764096699396,-0.4704487184163554,9.371532093025802,0.0,4.969740390911844,0.48502590342158813,19.566852262502362,2.7726613945770464,0.3489852640741177,0.16211598086716844,8.602325267042627,0.006811454112670933,0.01732592722518709,0.485693873681115,77.56664692752258,0.22956452452340803,9.678377750146206,15.0,4.979459177140473,0.5143271579317039,20.438823036331097,19.515664486944566,11.560986480896586,39.0,1.7537891049825554
72.70926118133289,-0.5944167844987985,9.367463996550844,-0.9565217391304348,4.969470467576049,0.4859291266412789,19.47616594111604,4.009572582354778,0.28676167665067503,0.17881680264742011,8.888088075668005,0.004935640956549933,0.020601352127896475,0.521892095381882,79.53344752963056,-0.14237661775754384,9.753704841609984,14.0,4.977759928096457,0.5250433355320514,20.591733830386506,19.477316924691934,11.509967547062686,39.0,2.214828895313186
72.9236332896975,-0.5943305011932091,9.359996072961655,-2.625,4.968200188523507,0.48417831145060347,19.454767891368284,3.21167124121963,0.3630362031393295,0.18489341303242954,8.117945655562536,0.0059281927742425855,0.018767620179083677,0.46052156879287104,79.3300837125984,0.14191636138579677,9.879499881376908,13.0,4.979181264620448,0.5259762534469975,20.504877621122127,19.426603226014855,11.56637266132491,39.0,2.039633989472293
72.02393119735153,-0.5276605549528453,9.374376287645083,-1.9583333333333333,4.96953761837968,0.4833185831498756,19.48927266021773,2.9791092804659907,0.3045898877803832,0.1360280767123888,9.325052129732157,0.007200055794126382,0.017251553753776273,0.5254965656085131,80.32809364937953,0.15426195139367005,9.692125466466258,10.0,4.983813509184557,0.5248714644050366,20.674726993621434,19.474300593744275,11.512174794958241,39.0,2.2397697847825597
72.78900140692697,-0.5195306468585965,9.341920332625973,-2.7037037037037037,4.968903819768776,0.47950929325974656,19.434305723682023,2.437295482515208,0.3836182316112437,0.1322871990307768,7.9713134510211505,0.005410891986445818,0.017229818442534257,0.5160289727037124,76.61448389908685,0.465329609094421,9.665131454708469,11.0,4.980376857866611,0.5229438562400149,20.39791752366547,19.38936846306065,11.522066666977523,39.0,1.9248427218477318
72.1302962804948,-0.529344686351668,9.400219605868598,-3.4545454545454546,4.968814338222541,0.48695347044477316,19.5767731295873,2.6227685180442197,0.37668987892084493,0.15006516196140468,9.499891256445915,0.005085851471867463,0.017331709116607502,0.5300456852963279,77.79270398591393,0.23410136834310047,9.704123454886329,13.0,4.979002526895783,0.5264060032063648,20.833581971678434,19.53667415102174,11.491041969098495,39.0,2.584486707764622
71.96466433638874,-0.5692285093360265,9.388257067605535,-2.28,4.968659693240569,0.4849116912520941,19.396503736344005,3.1319312845298137,0.3221900252655208,0.12852983494232037,10.12529505742919,0.005640223210856086,0.016682057276122594,0.553361236174762,77.52784111091688,0.1325333754109288,9.624930063073,14.0,4.982895593005702,0.5150584826334434,20.598047069446636,19.43322219996689,11.590449589601597,39.0,2.2408838132621653
72.22372651334256,-0.40951528852369706,9.344797818986818,3.074074074074074,4.971088385834646,0.48071563237127757,19.492053172253893,2.8399886584570946,0.3722716941804069,0.16920565803076143,9.470914250232328,0.006301697441179585,0.016009947694783182,0.5170513648000716,79.06623123327958,0.5891007013189793,9.642407059046013,15.0,4.9802946467302585,0.5052523111409329,20.81756317795781,19.516813795285817,11.479883152648407,39.0,2.1928405881989264
71.87681208560919,-0.5656168123138569,9.382515211889196,-1.6666666666666667,4.967803003829459,0.4856224975218758,19.48446245139209,2.5774365997032067,0.3612710508997747,0.15407435454174598,10.033277962194942,0.00619092283485935,0.020174092489140774,0.4964706696340102,77.02992436471413,0.2982065279963184,9.742829671069794,12.0,4.978027160032019,0.5275549414818239,20.588614023091495,19.48970086789094,11.546183666690595,39.0,1.860412865093977
71.151137475056,-0.553032903023189,9.338859732931239,-1.3333333333333333,4.967770842520779,0.48251518901196594,19.41945940946836,3.2934691204604314,0.31589877613759076,0.21754174985297553,9.11348207632821,0.00685797737136753,0.02490630769247701,0.35140802046026465,77.6039025025326,0.0005327260019938329,9.751453095441716,13.0,4.9794147200229775,0.5197192645459451,20.20252155553959,19.44240947771992,11.529012476104146,39.0,1.6591477399618704
71.58796598120152,-0.5027256413816624,9.40772664834841,0.6086956521739131,4.970906191806431,0.48298199376917217,19.25013278027061,2.8373401419663606,0.34202918025221823,0.12939344332635744,10.412113056372213,0.005760221444184202,0.01423095020429349,0.4030109586113601,76.15123293016633,0.1426221296377026,9.619106987090186,15.0,4.979735729086454,0.5033460465608767,19.993284714515674,19.431761511382362,11.57434959538151,39.0,1.565812448983955
72.65710442385742,-0.5930706503159188,9.395092476614712,-1.3333333333333333,4.970425556654094,0.48318892934523777,19.43098606143081,2.8955159581817345,0.3318068419545571,0.1726787736789144,10.83461530876334,0.0074420477453216545,0.01853901078927465,0.4345920263732737,78.70236047445225,0.2931387262825338,9.888164814164817,15.0,4.9804933230673365,0.5245445347544858,20.21284980979896,19.45070377951809,11.56247226958532,39.0,1.8736393667042037
71.26693578639411,-0.45273570551788206,9.331343744458625,0.6538461538461539,4.967195523884176,0.4795248992935869,19.58486589702044,2.6175692367686727,0.3829455386214824,0.18147624891373892,9.535126588213418,0.005100679228177806,0.020222922738173117,0.4237021125062755,77.64664961147861,0.3769505704000915,9.757392700330437,14.0,4.980984843698734,0.5286023418310324,20.535070599757095,19.59459089037934,11.5541129403501,39.0,1.822546912791804
72.65063238993527,-0.3867791186602945,9.432576167110573,0.7391304347826086,4.966962342548569,0.4905094624640533,19.445891505987984,2.6380590238411696,0.3515754889174527,0.18173323839741778,10.279643841336425,0.005793185275689266,0.019291206766847473,0.43966324086829184,77.61100078215333,0.18995106201794743,9.84955828899032,15.0,4.977560233547187,0.5343639846603304,20.20024866536381,19.473166258870066,11.534838953183439,39.0,1.7265455551279913
71.99814698475544,-0.570741640331689,9.338894108410118,-2.727272727272727,4.969165059691513,0.48285049528808255,19.486336617236024,2.054134053968998,0.3883539186338241,0.18228211651655207,9.264702409888924,0.006176652853316214,0.01964711095999438,0.3983024741538541,76.04887291121884,0.16287924230705686,9.745542222238244,15.0,4.981292412523507,0.5252169404807517,20.056234149061556,19.527901443469425,11.602134427772414,39.0,1.5723690197256737
72.71516312788766,-0.509382819947263,9.39900595761942,0.6296296296296297,4.968425537507871,0.4838399641600993,19.464499749216795,2.5739249075608606,0.4461388811437789,0.15029866984257712,10.111043277482402,0.005889746040535927,0.017192753188366033,0.37007917348442093,77.98182747414837,0.3360960762872199,9.76867376643001,15.0,4.977900871973646,0.522452760109003,20.435589848272606,19.50319569482469,11.526059448642664,39.0,1.5852874271603383
72.60114271542359,-0.5400039973168094,9.39555439239996,-3.259259259259259,4.969250083794119,0.4864386042365272,19.635922305435773,2.6059853375369157,0.2781922589982578,0.1352484952625805,8.867721710799907,0.003484139014251593,0.015512322408088535,0.4144004744101126,77.65005318229552,0.03929401349374473,9.70060471542582,15.0,4.974461025849367,0.5249445547648183,20.38828851061275,19.51861344553519,11.519922937756787,39.0,1.4490065244248491
72.59261008822573,-0.5189154850145502,9.41942384571996,-0.6,4.969501449933053,0.48672030486758944,19.432277160411996,2.515747043878224,0.373240306828059,0.1623237682394077,10.0637965003273,0.006827313849375884,0.020753323709349247,0.4806434524741601,76.23180657606093,0.25424917850866935,9.669953825199817,15.0,4.9827677136148205,0.5251609223344379,20.066737677957246,19.435399452278897,11.576743479973922,39.0,1.8555932919700808
72.88926363056511,-0.5021396061671308,9.378398102334534,-1.9545454545454546,4.969089380119427,0.48335720873744453,19.386397662207152,3.1794765549342654,0.3493990590723511,0.17893505408700794,9.493908442820647,0.006614727836709804,0.02287882181695093,0.41307604689297417,79.52332815703627,0.13676031421173684,9.668191819548836,13.0,4.9820133367028765,0.5363397528802767,20.14047232104879,19.47558978844244,11.525512752618576,39.0,1.532684665079671
72.30603994887065,-0.5855463698898447,9.43165328051307,1.0869565217391304,4.968736965508338,0.48979985313142255,19.49809753340782,2.370535948463757,0.4291802626911465,0.17702629627371247,10.201930948848172,0.00638265661812306,0.018072120167867384,0.46989897870351255,76.44663750173265,0.28729872814026125,9.99055963134629,15.0,4.980611693233756,0.5432661485881796,20.411686505014895,19.431727642149525,11.537337849551944,39.0,1.7380669973902592
72.65754792596768,-0.42629184267820874,9.39385140769806,3.8,4.969745798761413,0.4880062794219066,19.610679711034088,3.185840635293864,0.366604040305495,0.156295218442979,8.917398723843181,0.007220604641723985,0.020501591161269532,0.4167650323966005,80.12450802024146,0.4605176358730043,9.783438715143108,14.0,4.97930837800004,0.5415872513773311,20.440294625663107,19.549456459737836,11.481658050153214,39.0,1.8727776117912143
71.66605277676744,-0.5725296373450225,9.364416056770894,-0.6363636363636364,4.968681974174708,0.4825147819179184,19.499808936398885,2.6207884664824257,0.24834633169897302,0.15741729307133065,7.636904742733589,0.005122851958789641,0.020554245718132087,0.630155494583836,76.75614382847056,-0.11318533966894695,9.77977702428368,15.0,4.976200034555142,0.5266020173736278,20.66568723935184,19.531310075716483,11.567377969083685,39.0,2.264383923939679
73.01756817719107,-0.5227928272681841,9.350345869869109,-0.12,4.9703967783008345,0.48140790271134803,19.61178025569689,2.768054044102149,0.32400692963603783,0.1489006028478163,9.642904126869663,0.005707412073429761,0.018425415090140212,0.5127290476479739,79.07236200387895,0.34287009553927106,9.703060455148913,15.0,4.98185685866993,0.5168892332554088,20.600273923820275,19.573076012282012,11.5540350645009,39.0,1.8315022950795807
72.63280036282713,-0.5827468483677861,9.390245529696644,-1.6363636363636365,4.968072022731082,0.4897733885895066,19.508410028829406,2.876782912695468,0.3948172732595991,0.175131249766384,8.578755231518967,0.007341680772795935,0.019403822435129624,0.3767934878731705,80.84996408952809,0.05477772997653729,9.76543117116855,14.0,4.977241239374038,0.5380255456973865,20.19224468337965,19.523484674040482,11.572345310497493,39.0,1.2912202401466004
71.47688873019855,-0.5614523470222654,9.347282080774272,1.9130434782608696,4.969995370896278,0.48041670310158463,19.557140770473442,2.6669728642973216,0.34807006533390855,0.17083565043586973,11.511480256411938,0.005949711268053058,0.020228837721475216,0.3449553991718045,77.03563864725574,0.30836263537203634,9.611140036818961,15.0,4.980749618182655,0.5171902373245609,20.25186017532169,19.526943170606973,11.585846014601879,39.0,1.469542688399052
71.49273533895474,-0.5993527533090333,9.345018630911277,-1.3478260869565217,4.969712350858735,0.4820322958547565,19.46259263560112,3.7287446766475214,0.4112823334331863,0.19887539752608746,8.695869562500068,0.006623731928593617,0.021241301862461866,0.45884515398287545,79.66032277336613,0.24540850349634336,9.840878079218514,15.0,4.978766712794096,0.5325832597755022,20.520755886854378,19.540540202135645,11.499760110484415,39.0,1.6471985572425716
71.4365327475906,-0.4425650787747662,9.355470294409658,1.6,4.970810759411128,0.48156832232725433,19.552697005462143,2.9527295899910975,0.3338867320875287,0.17506696948509118,9.02884267223657,0.006339640873694741,0.0226129414838974,0.5021958366597359,78.39544106474004,0.28175753179364604,9.70220998580011,13.0,4.984469705599479,0.523309873532827,20.867024871206773,19.498973213779315,11.586069086673955,39.0,2.0451553028873093
72.15450630867166,-0.4958349755553935,9.412094348784345,0.3333333333333333,4.969571240857802,0.48800906606485595,19.686681557963055,2.633530391600432,0.26408750034565553,0.16701253670770055,11.260797287739246,0.005855080877221694,0.01850896954484279,0.4351503682896757,78.40818539731049,-0.0653734699334998,9.80170187500236,15.0,4.9806189827567025,0.5340235168137825,20.343733889033455,19.64255748349929,11.562460609571925,39.0,1.7708410112973247
73.14495068628275,-0.46571528433709686,9.35271704418594,-1.173913043478261,4.968881095738909,0.48129675673884204,19.456970186444952,2.6082787576239848,0.4760651808271687,0.18847006298359392,9.290725501287005,0.007304124999029153,0.023535602408199272,0.47747147054060307,77.2192471699111,0.6536817452875705,9.807536581840013,14.0,4.983793845289828,0.5426746163698188,20.307413657193752,19.472591372998586,11.561494303485963,39.0,1.7470072815721451
71.47106013364895,-0.5273681362687005,9.411696107109103,-3.5384615384615383,4.970137827155545,0.4856642896610988,19.49336822666797,2.90065118765164,0.3668206198045797,0.1389249849855929,10.792557154855768,0.006142395093494208,0.01976689713367469,0.4740605069744245,76.07486250451888,0.15037546045593486,9.800744641389176,14.0,4.9816752274403715,0.5352364021830065,20.257741401571543,19.481342826823873,11.525354631339788,39.0,1.8425923518669265
72.0830308542229,-0.5807319609985296,9.406530753313286,-1.875,4.970232623680352,0.4858398861023563,19.50076494274569,2.5584375245862274,0.3494075331281318,0.18524433533740256,10.385536818094671,0.007149349473439449,0.020049089743591292,0.5047656804322375,77.44552980246814,-0.0669032797094411,9.758653665324784,14.0,4.982510554568875,0.5254403882783125,20.394658943374406,19.500589611389124,11.534990574253072,39.0,2.028966007914992
72.11456601328794,-0.5504418891341331,9.47200926898301,-3.0833333333333335,4.968009555730899,0.4963978631523888,19.534943362805773,2.885598729769718,0.32014678755933623,0.15489626346513974,10.234405481294727,0.005384574007738738,0.01716936555941873,0.34025795527645386,77.79942148642681,0.10426372829979957,9.714566364825878,15.0,4.979122266575249,0.5245637992277353,20.21306384550911,19.488611808375403,11.572381727772987,39.0,1.40999305796743
71.16614786329131,-0.4995111197166896,9.340714758140265,0.7272727272727273,4.972619466227846,0.4790378105658004,19.65578228083281,2.0112912756947643,0.31205208448668426,0.1505466269952992,10.397472674478589,0.005463717780238441,0.018325130369516256,0.4141868630301116,75.38253881867998,0.0056227892301981,9.603755621613505,15.0,4.980691319384325,0.5162438720524275,20.43182585208888,19.621247637781163,11.556478017494133,39.0,1.3894220507021124
72.21006363802289,-0.4965959014850431,9.381841668356218,-0.7391304347826086,4.971097183031021,0.4818976687973127,19.56673753158662,3.0456173046912625,0.3800520049739989,0.161258524331661,9.588114886146458,0.006821641749962372,0.0207528108352485,0.5077019665786928,79.62256498543377,0.02694374790778431,9.655088950111585,14.0,4.983431138509417,0.5253937076915478,20.4232911521176,19.51468897633268,11.550806006770744,39.0,2.0390702169074686
72.1191373700141,-0.6468835486761086,9.370110312954322,-1.68,4.969886310459916,0.4853418944166367,19.518307534675145,3.4997821388135137,0.28579920266924913,0.1544789662896504,8.844071460588726,0.008493317886795868,0.02049436854625346,0.4618065992746975,80.36736450516037,0.0472923147301022,9.750902627647747,15.0,4.987409905255557,0.5307708572987874,20.13658994358456,19.502247532200073,11.518105299524759,39.0,1.5795501605002684
71.44491679858493,-0.4493218722425073,9.338284983321772,0.5652173913043478,4.970477408398326,0.4785300264384816,19.469995575902995,2.786151341614575,0.25855017615467674,0.11146154244588373,7.784187355069762,0.006849223076491848,0.01631861342860035,0.3703063417297624,76.3224746428219,0.02111807282517475,9.493828210106804,11.0,4.982378205120036,0.5183554921957716,20.060549271415987,19.445875860904486,11.509371320597777,39.0,1.5655859323561323
72.61451267231718,-0.556137318243078,9.368161411198427,-2.730769230769231,4.971249545759497,0.48856379460736016,19.376093710759058,2.6124267539475228,0.44338545059993145,0.11051441679966292,9.886111829257837,0.004811904522012936,0.01520536081334935,0.5809189448800577,78.78822146732864,0.403081155032769,9.589694071570898,13.0,4.980772139033039,0.513857725423175,20.49710529248793,19.46749478169933,11.49491337076695,39.0,2.0482978552846802
71.93088878203822,-0.6400961803274142,9.404918520648478,-3.909090909090909,4.970829085883133,0.48305652131616145,19.57460741734117,3.0232494370961667,0.3590554200506215,0.11306447554624456,9.219096242972523,0.007756271247383917,0.01397398624769483,0.4512604130743341,78.23137776467252,0.05361435630517275,9.627385692473966,15.0,4.980415960477524,0.5067635090063356,20.362109757674276,19.519080121425986,11.510133720386893,39.0,1.6982000046165524
71.85311420794123,-0.473242618475971,9.384209808267356,0.34782608695652173,4.97086672401463,0.4844453575142725,19.460654961058193,3.1853012588441305,0.30006768851653814,0.10371756520008138,8.795298623855686,0.004807844571514352,0.017383558765886053,0.5989096498524655,78.78998888480899,0.13087467976523914,9.611274436097686,14.0,4.982824934924776,0.5337919178365266,20.732970558531754,19.51703594096581,11.521824960547704,39.0,2.6089688993527815
72.31580969719793,-0.5418257587595381,9.373411690925796,-0.041666666666666664,4.9709448945101125,0.48246277779311103,19.513105242431305,3.5613043663315245,0.29361913062497713,0.14107749683659518,10.14675303839717,0.00531332025122424,0.017805731450413732,0.47990060154312136,79.11674160528622,-0.021108642093545238,9.670241440839115,15.0,4.981235270411588,0.522387913154556,20.429165885960693,19.48096247102597,11.486907567407728,39.0,1.5756652545707013
71.57393657623489,-0.41323928931891846,9.400026929296228,-0.9230769230769231,4.969583070059304,0.4856187826076803,19.532109416627492,3.2927737709992413,0.28700217043035314,0.13075430315921802,10.103019643510537,0.005667213156325902,0.014937781356214671,0.3939051707214422,79.47440228568574,0.29648432320631724,9.607090587674469,13.0,4.9819202437961625,0.5108622777594082,20.44251282700103,19.581319423599275,11.537568349030227,39.0,1.5793293624720945
71.63976051712272,-0.45695189490529364,9.322044403637578,3.5454545454545454,4.9698263356106205,0.4798090059535486,19.577718582022577,2.3582566016713664,0.28703598791173435,0.16032427722654768,8.343354855688082,0.009030921165742455,0.02127037136703885,0.4948166725925294,77.4326803466218,-0.020097288886471,9.577853366396946,15.0,4.982992254541443,0.5196148641521278,20.53756006373656,19.576690498468444,11.522314655083477,39.0,1.9480847134575505
72.66615510162903,-0.38113088970472525,9.351400671418299,1.5925925925925926,4.968899957283629,0.4826553020409771,19.49809196564444,2.517380580690335,0.3146888194248343,0.18549873077203005,8.7528165171085,0.007880827581520264,0.021279416805241612,0.47826889938223843,77.51578810822545,0.39553665571515206,9.769765990949765,15.0,4.984035628501624,0.5329280550574371,20.480556072060796,19.423073279108216,11.555074654164375,39.0,1.8969845449611888
72.3363849887614,-0.5274627373643098,9.403552223527043,0.6666666666666666,4.971055959132962,0.49141315132647295,19.53310286756406,3.0935110671137624,0.30551725082543174,0.1404187086345255,9.902300518341963,0.005706489487680686,0.01678174211515128,0.48205655111494633,79.79902978530345,0.036897927372989914,9.698675325047935,15.0,4.978580183878037,0.5297162187911455,20.57549202341813,19.437404628176484,11.508241938252498,39.0,1.8505721277241385
70.74580696498552,-0.5316559357831394,9.394466465932727,-2.923076923076923,4.968379351319843,0.486592243523068,19.48853611696992,2.4502491624414064,0.3317795622539719,0.15124238000910414,10.265412715758293,0.008832329372107851,0.019268118975574768,0.4398454675808971,76.89145835333424,0.09100408997644849,9.636808989980612,15.0,4.981694593600502,0.510273009497421,20.605288031455068,19.430198782104696,11.571833835499476,39.0,2.0881275793484875
72.27331165516203,-0.5853579752050857,9.293115209970004,0.9565217391304348,4.970529609772607,0.47532537298192656,19.421479528322344,2.6440383489993273,0.2469518252085572,0.13132468618489637,9.543849651087912,0.005170710168850067,0.01581278854006293,0.37552483346287313,76.41174812294395,-0.1615194602859058,9.486022963613411,15.0,4.981148856884465,0.5025683752434676,20.029371588461515,19.473068369885134,11.549102052686903,39.0,1.5255603184853754
71.9774789620904,-0.4192547244290168,9.388690213276597,4.166666666666667,4.968552431934807,0.48479605678365373,19.51843452217403,2.918174943664399,0.3806319723130251,0.17078043912684845,7.972173828734265,0.005495212224169314,0.017959013088785638,0.4835650474810076,78.71635567410453,0.21298743995086267,9.701324428591851,15.0,4.977473063908721,0.5204258087954453,20.46888875612734,19.494085596166904,11.511934238565845,39.0,1.8749393772954512
72.50644322219088,-0.4042738086635567,9.336078451315908,3.3333333333333335,4.9685975664689,0.4785304582069457,19.49495230258428,3.085490043861999,0.3762719150750802,0.15072349018547698,8.605553762283723,0.006965908179664839,0.018520032665628725,0.5486905017329556,77.84943750454357,0.34796276858083086,9.545363564498555,15.0,4.98025904882686,0.5066105020271876,20.353368891818874,19.519311857363494,11.546756618805148,39.0,1.8966351257739298
72.64287123760373,-0.4278911103001969,9.422155931847534,0.04,4.969880881614735,0.4896096279340085,19.596506380711553,2.5652424646449625,0.34593916283159515,0.13142808968293918,9.606164687324489,0.0054345129585233135,0.01743901066441786,0.4222598631304642,77.44403684167096,0.244931882750266,9.704793554620982,15.0,4.9808664797595785,0.5279973851924518,20.50651085503196,19.52781640346787,11.543594543586254,39.0,2.0397091602693536
71.85634803856198,-0.5099604806281778,9.370825984221112,-4.076923076923077,4.970543525909343,0.484196040037645,19.35179719461635,2.6269738417496757,0.4199325067857298,0.14206289523621982,9.302287050972906,0.006677989106628248,0.016650487514976043,0.5093242327245758,76.73772252232818,0.5001471957436808,9.639950840389288,13.0,4.980903727008647,0.5136664838262504,20.474223953539564,19.369030928399493,11.58589988383294,39.0,1.9217638633957463
71.96668884325184,-0.6396810788739772,9.360590299542933,-4.608695652173913,4.9680312793227985,0.4845378366592813,19.505718129922382,2.760462631501344,0.3493628687015237,0.14317197592258352,9.087684597418365,0.009005635115110665,0.02358329262069766,0.5049206038096866,77.13366880147893,-0.06986427949119023,9.620018037240309,13.0,4.979157546090237,0.5321764985152593,20.239785831332895,19.46603384792789,11.569074968595316,39.0,1.5402669409745968
72.29798711531927,-0.4830771190903448,9.365729396821921,3.16,4.968933784105215,0.48127278633535064,19.407891617268145,3.1568322080563327,0.3704497465883436,0.15835130511754006,9.159388625885464,0.005155941626059765,0.015744325236025494,0.41996517947856193,77.30979107334764,0.0416548036043598,9.727538182554564,15.0,4.98078017201259,0.5243815631865583,20.278191884082414,19.46044295757518,11.505234606127635,39.0,1.5891729967084096
71.89825424656401,-0.4975632494710612,9.324506358543251,1.0769230769230769,4.970631369713619,0.4772272151831443,19.47835509207341,2.864791609971766,0.28204371814334167,0.16681117208010116,9.08050776673723,0.005607829267004646,0.021950120079186793,0.5099530239143976,77.45590995961271,-0.034658594191753433,9.696376216838882,15.0,4.982541271736756,0.5252270396989446,20.7685433476927,19.496838145887338,11.522594754982661,39.0,2.1648412641108834
72.44543673607133,-0.45336846686113635,9.38646466292669,-0.4583333333333333,4.969211566469187,0.4850631704090073,19.508955889016548,3.028666839306417,0.33046693320385007,0.15253943426066957,10.754763156646247,0.006272309175450334,0.020378164993870032,0.4670258279133907,80.33016320797665,0.2330160498920224,9.737051738510404,15.0,4.979943904140893,0.5419261776811702,20.357794748778133,19.52935421051424,11.50958082929432,39.0,1.6449146465805633
71.1785574219131,-0.5171061289361265,9.374993930452069,-2.0416666666666665,4.970495793185998,0.4851111217711542,19.418410689063514,2.003679082720844,0.33353738378683195,0.19256760223044606,10.772183184274,0.005510741392801061,0.020706315087396784,0.42864128967715454,75.20873484153576,0.04292426519918091,9.751473175280116,15.0,4.979258413454889,0.5170132413859794,20.302434550064667,19.434870327984612,11.562160964048424,39.0,1.6941155557192253
72.526639351974,-0.43719173155375535,9.326995877083297,1.6923076923076923,4.969733307470603,0.47802964646272766,19.41294779615783,3.0532899524028947,0.38049526410147283,0.13146399909122605,9.910248117553833,0.006220803673998953,0.017050383094655785,0.3627417116844087,78.92345249365655,0.4767451209808803,9.585415980337572,15.0,4.982388149086416,0.5101879167220723,20.051532375014173,19.48160788679362,11.599258965195547,39.0,1.4735738504539064
71.31529732411664,-0.45376297193067455,9.353999989765,2.782608695652174,4.968823988049799,0.48403010768949234,19.69242350741841,2.4463009553191175,0.4304263990385375,0.15517174715929896,10.004157925752805,0.006623615008869273,0.02060991551131961,0.4734777651928619,75.12232360607136,0.514665764740518,9.571732874752678,14.0,4.9809105267047835,0.5158229544298946,20.875060076369664,19.595367207357977,11.518071954994557,39.0,2.154807955156329
71.08050588881758,-0.566507072920964,9.38262179533996,-0.32,4.9692606226742395,0.49154867789339873,19.50588857865551,2.7272529328461363,0.32644781556528,0.16959610117731927,9.764097500537362,0.007242889766410665,0.021842450119309353,0.386560874028452,75.68342693803271,0.19257627823796497,9.773393276288223,15.0,4.981536345565427,0.5285080096535328,20.13185856489116,19.495551512014316,11.52719603908286,39.0,1.4547727090765221
71.73004458116627,-0.5652407909760649,9.375935210519415,0.17391304347826086,4.96935416431783,0.4846743101572487,19.601398841924027,3.1936221330404333,0.2737425423762633,0.14734809075491495,8.75587839266976,0.005971052301588945,0.016435118376259925,0.5614476304743141,79.23798246271485,0.01743092868387852,9.74944790655228,13.0,4.97975055446306,0.5188080258006694,20.427135917409576,19.51215840957147,11.629038859109922,39.0,2.457012377176248
72.49958782486492,-0.46720393347455375,9.377656877248116,-2.1481481481481484,4.969446917800969,0.48598957316419283,19.4417587704034,2.540966463269399,0.34594388685086647,0.11605737757061052,7.815955682916286,0.005640771157863072,0.013204066678973997,0.4083944582617836,78.54640994166608,0.21341054482079902,9.626206155598979,13.0,4.979485188613001,0.5201095939319649,20.605880403092577,19.47869259025036,11.47156090659222,39.0,1.8051787653723252
72.39560008519183,-0.5107041416158518,9.404614964456359,-1.1923076923076923,4.969016692018083,0.48756916381330245,19.50445190437656,2.0370615639491985,0.3949466607871276,0.14905996675134026,9.738974953047917,0.005722216861033059,0.016918475213002895,0.46869398747122554,76.08620240334123,0.1934512732684892,9.669387485703343,15.0,4.979261319012561,0.5201724324933696,20.243085621685065,19.59067250877424,11.529337066870962,39.0,1.682513857810246
72.03063099261927,-0.46084765593186455,9.343635259152972,2.625,4.967202764322502,0.4810625740896886,19.550354287337388,3.3965151164980583,0.38117816943830457,0.1815619925870356,9.919729919038454,0.009113674660678518,0.024055442356418866,0.5005312763188833,78.38483996911043,0.46372820796461345,9.687504183924437,15.0,4.97975832176136,0.5241461410426934,20.469656089433126,19.49708024984996,11.528022372827628,39.0,1.5964054675780588
72.31619033175372,-0.48960414838787936,9.349213380753525,1.3478260869565217,4.967711206041346,0.48279250707348925,19.66469962527405,2.829907303415297,0.32723471234591844,0.16052609417696237,9.840505004945781,0.008465472757721743,0.018819205519481404,0.3855771969782246,79.0407000347304,0.3531101928219549,9.751488665709228,14.0,4.9812372351165495,0.5274747042769536,20.240476320734295,19.6059766971227,11.519738053118594,39.0,1.3067586109202374
71.76039676594873,-0.49035692050413443,9.424179337005265,1.2916666666666667,4.967279265882252,0.48534813937545335,19.605267805836284,2.7390137645600316,0.3919185630966799,0.1728063685932295,10.667236312914211,0.006750371358142119,0.020123997179683818,0.49586867842445836,77.10082961461731,0.2326752603207145,9.88842988709181,15.0,4.978102598822634,0.5278329412331577,20.719996387820373,19.676981409073953,11.550484669496033,39.0,2.10793026335476
73.12527699870067,-0.5416589369737612,9.349365812947743,0.4166666666666667,4.971110033312763,0.4829675623450223,19.42666508048578,2.9316297650930823,0.3061919327521526,0.1820513586091053,9.525914945849326,0.00541147667291247,0.023091603103947023,0.46894246055378214,78.804289195253,-0.06841830578541475,9.703357479812377,15.0,4.981714588007835,0.534902242220985,20.256389135741294,19.47535419539254,11.55637437448107,39.0,2.1261687295062828
72.25307182224037,-0.27680522605841956,9.331301558033298,0.4782608695652174,4.970007720555959,0.48302193383537106,19.581395899321073,3.1196338591439767,0.30661093074269113,0.16475219369241856,8.904662018913323,0.006916498731210642,0.018609801586495143,0.4203083236051213,81.48808118625779,0.3453425761635136,9.711358171826957,14.0,4.982272988688161,0.5124219834945566,20.202587308187816,19.50210850607936,11.535390205906507,39.0,1.4996115254119218
71.61987219347202,-0.6507163814936877,9.384879461438725,-0.8695652173913043,4.968415984256116,0.48759181220017705,19.42755178439541,2.9128395913437175,0.4332541217481258,0.16620587156038374,9.674279426378988,0.0060305131604858975,0.022379107117119094,0.4922955892744317,76.38948020188239,0.18779665360777398,9.66554597186468,15.0,4.981218158743776,0.5205961249219311,20.180371977876987,19.448716784341485,11.554571178989407,39.0,1.7549379845685706
71.63080679055155,-0.6067786802174273,9.371520167509603,-2.8518518518518516,4.970411811156896,0.483430311470235,19.576323997303266,2.156777228615843,0.3501872894542456,0.1436822096796413,9.147773271671307,0.007018154410980487,0.018435583216513486,0.526852198000198,76.54470271964993,-0.01001594243673365,9.653281904242789,15.0,4.981071747006527,0.5249398646950628,20.89419909080565,19.490377409493142,11.504972503400374,39.0,2.8311094114244675
72.86335958243383,-0.5302015999485884,9.326933735519392,-1.1481481481481481,4.970277451413796,0.4794693612776135,19.392915649522088,3.009032084578657,0.32961073930564205,0.1496864679319919,8.922313699698634,0.006341835638411677,0.01991786660145252,0.4245467248549797,83.50861772780134,0.16497207027793725,9.733514879716356,14.0,4.983081849795663,0.5403760901607393,20.41675800539256,19.45108891104059,11.533472589224381,39.0,1.919768558313784
71.92683612887834,-0.5434185113030182,9.377033816965955,-1.1304347826086956,4.967851038373732,0.4826095008475209,19.48911293453273,2.6609043459811303,0.37928325005842106,0.18664161224785522,9.803745281783616,0.005423912201656275,0.022469465843884186,0.4736286593752792,76.45180137840438,0.06240409025047944,9.684392782793887,14.0,4.9788416000752616,0.5281686522835688,20.417075337387367,19.562372988927514,11.587627235531649,39.0,1.8946759411271827
71.3622378466407,-0.5793715305091778,9.392416245989812,-3.1481481481481484,4.970984016422177,0.4889010682655807,19.608440778305752,2.8639885825009093,0.279601298841871,0.11331474827150823,9.240425289650238,0.005438776188072546,0.012330134510849267,0.46160400968027954,79.07582394398432,-0.04590018449220179,9.69909765052822,15.0,4.981111755204738,0.5097083929215214,20.57146585855865,19.564435933035245,11.540300279432868,39.0,2.020945241411873
71.74426436643392,-0.5055996938829366,9.387090835423562,1.3461538461538463,4.969022847587511,0.4875603729134677,19.4271179275692,2.58665020212087,0.389955378514051,0.14199472836262275,9.615461538153848,0.006165818618368383,0.018317530814109372,0.39639095042751765,77.82842859806621,0.14495359588104118,9.666131205553699,15.0,4.977647138286906,0.5211049675839696,20.220361575680638,19.435319664773765,11.516806788610255,39.0,1.3924707707263657
71.67105343614699,-0.6150968719508936,9.380894666739584,-2.769230769230769,4.969323162339112,0.4869382841106258,19.58932708104077,3.1330641671718453,0.39617924466622967,0.1493801361179584,9.853963249169155,0.005350641110736111,0.017105177465076574,0.362412405679792,77.27540862584026,0.47543449394689463,9.697760229063322,15.0,4.978863326385598,0.5230479221068396,20.574275508097628,19.50122969473427,11.527886581853153,39.0,1.5731146970991858
72.51776795610432,-0.5825807743689406,9.363504559292268,-3.04,4.968964606781406,0.4815664117992119,19.62616612539524,2.861616016524634,0.4212344762687602,0.1991243503136271,9.37434797732621,0.006796436597357629,0.020186133879826998,0.5056789241179676,78.11077723755054,0.42738286130239667,9.755055331185881,15.0,4.982379378913409,0.5219753560903507,20.82018834972279,19.589377798298106,11.498616647793174,39.0,2.2914980285039412
72.56909030584114,-0.5272242587118324,9.383284733243658,0.4583333333333333,4.969171933099374,0.4875311183760902,19.507990179229036,2.6604397812442713,0.3280280164974347,0.14818165827579927,7.20520163184595,0.006121330854915399,0.01978617844798737,0.3826690994090089,77.44302952706425,0.2355062490276132,9.7102519886829,12.0,4.978451579459257,0.5372959973720587,20.251688089237298,19.46933046218131,11.511738640571874,39.0,1.9698255836539857
72.47540189000321,-0.49264625706565823,9.361141357644463,1.565217391304348,4.969061883749109,0.4834754840484717,19.5120625166599,2.685170666124934,0.3359239949826119,0.13463276464340312,9.159580809453834,0.005888986719750156,0.01796127827045492,0.3757826648302719,76.72368870542543,0.20086020521397518,9.676223632415399,15.0,4.980528535587929,0.5214847201470842,20.2443857271673,19.51235338069675,11.505115154285866,39.0,1.4400264469138158
72.26518172674494,-0.40738197138209314,9.379111726973953,0.8888888888888888,4.969640424877248,0.4843125801703756,19.364252668059137,2.612182170859626,0.4108533806706609,0.15071792818855437,9.085329376337612,0.006527669397799689,0.016731128832519582,0.44577498327152754,78.21708938826558,0.3689744655396979,9.746324675221945,15.0,4.980673550205233,0.5178577741372676,20.293162577607102,19.39654765253218,11.511186969067683,39.0,2.072267689156405
71.88695963953892,-0.5561169752625817,9.428046241782193,-1.04,4.968307813732593,0.4916059364123211,19.518554432822956,2.5756467703843495,0.4356733074232698,0.15642862695355622,9.601999791710057,0.0060009012271508965,0.017773794476347787,0.3400745781378425,76.53674540873101,0.2837828456729268,9.667123772694953,15.0,4.980332437367584,0.5232954920207874,20.20682843566327,19.426393874048745,11.53294312199515,39.0,1.508304747798455
73.34568518332617,-0.4265440006239746,9.360441222251954,0.16,4.967601276989073,0.48386276052878047,19.421228304942602,2.404876556198236,0.4105526205334972,0.18838583822916566,9.34956683488599,0.006431108874429548,0.02046858042502595,0.43095200550117413,77.1169104692488,0.4997069914635426,9.73885947950648,14.0,4.979769776752844,0.5219109871890147,20.317550858234096,19.525183792271342,11.50961227751209,39.0,1.7118067699127444
72.64362062445835,-0.481452620440965,9.431669424099116,-0.6923076923076923,4.967806516799204,0.4889512454537067,19.464699866289212,2.8179565453702935,0.33566386521181835,0.1662395506609429,10.014486548415869,0.006411272074931073,0.0194808938674091,0.47383605428542325,78.12764638550814,0.20337822337379718,9.703369868628922,15.0,4.976935859649329,0.5196373164029044,20.384513093901457,19.51324126237547,11.496909093796468,39.0,1.7844337196857616
71.81991323213919,-0.6705891306883695,9.399242939709312,-2.6538461538461537,4.9706396006055575,0.48569326988830386,19.49208541065464,3.0098791083788194,0.3047778143109444,0.14378469530879406,10.041997608859075,0.00659020579577377,0.016538134628930508,0.5117768079063111,77.28683769838234,-0.0522345279576808,9.66638259033745,15.0,4.980123752353454,0.5241460646264471,20.563154996924986,19.449381372988082,11.506596320674005,39.0,2.047811214620218
72.13892362602132,-0.5921585108804722,9.37130079128691,-0.043478260869565216,4.967331440833208,0.48355604098614474,19.68927181200413,4.139785031659703,0.45135715383322694,0.11485971090398255,9.387680460232998,0.005585414015217046,0.01858481605218813,0.3440819365094946,81.20309771164976,0.1963302150997659,9.577379348999694,13.0,4.978459376063355,0.5220508437129815,20.522374469413528,19.53642898206253,11.50604176673371,39.0,1.5302032432252908
72.5789888490389,-0.651231227488313,9.341912939271369,-1.56,4.971535106901479,0.4807298504272747,19.536808742027546,2.2141043733544166,0.3212360995892419,0.13018049286322625,9.11297975417481,0.0063911222403246325,0.01711286831599805,0.5363191823971647,76.52039767822188,0.046033965740924776,9.56192612435216,15.0,4.981414500027876,0.5062857949546306,20.753858280104843,19.561163652085888,11.593299642461972,39.0,2.361605594963436
72.10934437108631,-0.48259781235705995,9.339283037066641,0.5833333333333334,4.9694454160742785,0.4830244450240211,19.522213746088436,2.8639664242707714,0.3055245913289464,0.17550189467774033,10.668945069166345,0.004266922583649925,0.020837029540683366,0.5477999966981436,78.78071993191256,0.28319063542727196,9.738387266291607,15.0,4.979251651387557,0.514742786230309,21.303592363513882,19.52115270860247,11.521153338847796,39.0,2.606627343931148
72.20614186719315,-0.4294745782804772,9.415841933421683,-0.14814814814814814,4.968271002889746,0.4865996644413582,19.396736278646888,2.781866972137107,0.34309664635262715,0.17137328881650893,10.153283372255075,0.007284763037808076,0.02372350862164101,0.49003920494732855,78.76264857844197,-0.03874376691207715,9.81698309003223,15.0,4.978333781157643,0.5433178205644944,20.278515617435854,19.500668791525825,11.562315700902436,39.0,1.9458821770189196
72.21040804765624,-0.550833123394822,9.355939982021374,-3.2222222222222223,4.970196039655878,0.48094331389712125,19.679772645281325,2.9242530785651666,0.360586441561951,0.15175177514964858,9.194738162478759,0.005921322357399614,0.016784811940302978,0.3822067781067082,78.77617555850884,0.3179510846586211,9.644071755405516,14.0,4.979958198931673,0.5066807055778961,20.281649656520788,19.650332793593595,11.552389993097353,39.0,1.4483190586619763
71.83478395091753,-0.5391241747757343,9.369243153982557,-2.130434782608696,4.968927487695746,0.4844268612549073,19.558967559538875,2.518110499882435,0.3477982145825676,0.14696266738900113,9.204461809485029,0.005040089334772979,0.013966453804389803,0.4088000048507269,76.69884325280896,0.09263424876592485,9.59520570061618,13.0,4.977119779393243,0.5090764650298708,20.658406463431668,19.60722634797761,11.537981120690894,39.0,1.8427617271515082
72.40705086676543,-0.5914371471245307,9.377388267411364,-0.92,4.965144149562038,0.48563437584696006,19.6335737449083,3.653947867791685,0.4355894951296662,0.1636014063206061,8.606602116979731,0.008282642217253557,0.02338218024855619,0.4047820801347716,80.24548069746888,0.4949417211615561,9.622268435350282,12.0,4.980139335988298,0.5410863353740594,20.76478693694346,19.597450372008694,11.522243414481759,39.0,2.1093475820644407
70.84544560158503,-0.39759912677879494,9.36890286353064,3.3846153846153846,4.971296121554752,0.47867562867126934,19.555733830351876,2.7993040355126744,0.3316606330141181,0.1307186906077243,9.110758319687955,0.0038089150616724085,0.016306446642137783,0.4511143639591083,76.01647532766047,0.17694938641441238,9.609926225736217,15.0,4.979345206861677,0.5210533004520305,20.33325328118255,19.50586026784799,11.551900812172155,39.0,1.8320723530552172
71.43458101270728,-0.4743079488187881,9.326768122502687,3.037037037037037,4.9705729742931215,0.47764345684146575,19.348239374048564,2.481712183785185,0.3202051092688036,0.18964054820490683,7.335764654942411,0.007464541414563631,0.02008795829931847,0.36420757146830823,76.41774054138097,-0.031038088140578513,9.741324944097807,15.0,4.986352441687066,0.5231730450766877,19.948742608413138,19.383707154238003,11.508122410460832,39.0,1.48848987367111
72.83101513960679,-0.46846299914816764,9.43767200243854,2.76,4.968629203568667,0.4925872789938198,19.575392520144334,2.495020882869397,0.2909775595034064,0.13656526520091417,8.673084802998297,0.006874066833339048,0.02185109997984574,0.46677055920992316,77.84566170554407,0.09733140091028447,9.657139914769614,15.0,4.980304494176028,0.5237483080351027,20.492124039824105,19.55752057097655,11.548763390910974,39.0,1.820161714342774
72.73130074881082,-0.3538475050723579,9.380743171321047,1.625,4.97109734784034,0.4833062058939959,19.46747767243292,2.5221590023458456,0.31248242740361204,0.17311118723356825,9.621211375566661,0.005985560696936523,0.020040481991657894,0.3190327741722204,78.61373110732406,0.1693692655497756,9.785906060923944,14.0,4.980643571136448,0.5280165974139437,20.044475828865046,19.50121230402179,11.496438170509169,39.0,1.1457145139134397
72.26980097911438,-0.6927455906578283,9.382479984740863,-4.791666666666667,4.969291295328271,0.48679202758359846,19.504867814606587,3.432823304130707,0.3882012496095767,0.12235889348993798,8.129058815276357,0.005209862114572937,0.01782786143592871,0.4436214872460104,79.32657063181465,0.45184824635302623,9.631597596348724,13.0,4.977912804459013,0.5209029660482327,20.54949880307833,19.45965149926336,11.544360571092723,39.0,1.785924116690225
73.14807658123392,-0.4625862787894897,9.401696107873654,-1.625,4.968833252412384,0.48615563734145023,19.560358982836117,2.848168798765958,0.2993593967083121,0.1613907582127522,8.793048864491391,0.006290772256148208,0.01746606545359485,0.3773914436336542,77.96743174820075,0.19754395086524945,9.73698903787281,15.0,4.980691609812515,0.525457414673909,20.554235474443168,19.604479003518506,11.610000602906156,39.0,1.8181088707349495
71.25098639416929,-0.5488849264254312,9.32870720761558,-3.16,4.970520189811355,0.4805110598544832,19.48411044964207,1.9680515900487785,0.31201890980270724,0.1598309770222611,8.50731449988773,0.007180101528907282,0.018872762531938293,0.4735294757132186,76.38974468713623,0.09695348358104217,9.644496457703974,14.0,4.9813048260684525,0.5125210461338637,20.33498140461569,19.496097997808363,11.529085522456485,39.0,1.8714683876468925
72.25660465295364,-0.4033722040444633,9.367288546007591,1.64,4.9705757973593645,0.48407469575338935,19.391620120111693,2.6014336088818433,0.4281983385448924,0.13732009134301473,9.582817957156443,0.006181269342852285,0.017087642980816754,0.4281180214950322,77.47684249470808,0.3492445841685101,9.751457224502682,15.0,4.980131518367597,0.5292164188090593,20.056738965303378,19.507498247923948,11.515426574855043,39.0,1.5459077595669761
72.3703899307273,-0.45369356151757856,9.375891632836844,-0.11538461538461539,4.970135669618248,0.4846714092987425,19.40957450421324,2.5492944302004985,0.25221430040605924,0.15776920507472955,9.237577617356532,0.006310514557811248,0.017313512905724332,0.5601584629699019,77.84977661929946,0.09135875988642905,9.72069840384633,14.0,4.980790655111495,0.5210933090072117,20.5569920500823,19.470478791914108,11.589932321305756,39.0,2.44814492147896
70.87763656849667,-0.5263075541501796,9.361178901704713,-1.4166666666666667,4.972056903255601,0.48188338312041973,19.502008814352653,2.3897385314400976,0.2812855080882039,0.20011257412152095,11.105241505203248,0.006248497988324372,0.022398028189447573,0.33788516755632436,76.54558186856043,0.005917035942154869,9.694917366392529,15.0,4.981569144612346,0.5216377366605778,20.17684312837902,19.482846625662397,11.542862636035263,39.0,1.271901396602857
72.12604837921808,-0.38865329039157326,9.348050669548586,2.409090909090909,4.969389584046542,0.48459460444777436,19.578644401256817,3.0407761281183334,0.3404713784918222,0.16809916041501105,8.962848019915276,0.005676846445720591,0.020523579589184517,0.4416037572182543,77.80180958935796,0.1848829988748375,9.741343858488795,14.0,4.98158350147981,0.5256935306501972,20.360205549512933,19.55336140419874,11.552872255273442,39.0,1.605365519820058
72.6152272786914,-0.5273888928711727,9.396716354332606,-0.5,4.970324780691518,0.4840371437710883,19.47531400906825,2.8954930974193656,0.26591676445140383,0.1419543361419554,9.78715799088078,0.005497573204905696,0.014305754797893144,0.559690275914607,78.76393799550112,0.05655272966330438,9.698780920096647,15.0,4.980562556412947,0.512424782259378,21.135693032761633,19.417471502316154,11.58121848896895,39.0,2.4101389281100047
72.69813749271867,-0.5355870281233185,9.353568456780248,2.0434782608695654,4.966854736096057,0.48194703183930615,19.32547490266419,3.164469530086492,0.44065983508136036,0.18846235464508804,8.759979456346594,0.005987618149347294,0.02361581764994014,0.35385913850455275,79.22194907206227,0.3991006591423908,9.904430872727216,15.0,4.978279305816061,0.5513916892551779,19.85628855112629,19.370455338710364,11.58113099055825,39.0,1.461987509351946
71.55406501187286,-0.502547806593251,9.36487008920202,-3.0869565217391304,4.9697510206637565,0.4865787750429411,19.547979588237705,2.868358763225067,0.3663747920856491,0.12566552754996785,9.907893399043274,0.007703642476718652,0.020407501539603988,0.47503983408317063,77.91932293900113,0.15430879562699085,9.629952951020583,13.0,4.982993257528381,0.5171994995976383,20.43862037974637,19.480533131271233,11.561267121220624,39.0,2.01850246334698
72.17759488453888,-0.5031013123187417,9.349709165731813,-0.4782608695652174,4.9692444487208185,0.4816517987839144,19.612051511320928,2.9524916503901135,0.3898899898818952,0.1461283937723987,9.743981710990687,0.00575651033986168,0.02036186959473975,0.3401642718358926,79.52583522632,0.7618215264732653,9.7423266967478,15.0,4.977332193016702,0.5329752558977395,20.07563189418447,19.524567814331633,11.525911526419472,39.0,1.1483802681199577
72.02604635272247,-0.6372548076610655,9.386714142369577,-3.12,4.968770013735471,0.4849978915952353,19.453553042954415,3.0410627486194866,0.36986609350077637,0.2005263853390069,9.407741493047096,0.006438729981915796,0.027090351107645405,0.3574098180222945,79.03354557231555,0.30978737052716765,9.692819506747044,15.0,4.979760715135287,0.5381063345699294,20.036004035475642,19.487989300988666,11.565587375074555,39.0,1.1748745804954481
71.43682314285672,-0.4892192393197906,9.395730693180118,-0.4444444444444444,4.969207338419843,0.4855093564512451,19.559500625398897,2.3503151301531533,0.29910980152537253,0.1649294739676219,11.656609421691908,0.008036717165342199,0.020323884144552464,0.5901179647674233,77.69050869675992,0.11976468859392209,9.716383219461928,15.0,4.980028096169133,0.532866334239594,20.595005943196078,19.53538256054639,11.542581164685393,39.0,1.9552679125975594
71.67916855245124,-0.5403322015717076,9.382480026619676,-3.52,4.96972454441091,0.48841504111570105,19.466132224576835,2.662572339607876,0.3653756923545682,0.2210732810656559,8.419596189841885,0.007563861724611534,0.029070189897961982,0.45894815890910534,77.95939770241449,0.14866918110835847,9.939726583782528,12.0,4.9821356805524495,0.560072559116171,20.248661224476727,19.434263656932774,11.567377266060877,39.0,1.9472207413760394
72.15519427197444,-0.5499279636927097,9.344413428812354,-1.52,4.969181194462737,0.48123231418521095,19.620047066346924,2.222656707582242,0.3625927004560666,0.15146520704875668,9.895938560844039,0.005522907228582324,0.018532001380218644,0.4276364536379101,78.4931929271772,0.04676547174500145,9.714279669277518,14.0,4.979757018849951,0.5224878975344078,20.83037013593818,19.57706214745709,11.546010055408173,39.0,2.2342809640473966
72.98955657934381,-0.5154758293054905,9.369493807409542,2.3333333333333335,4.970504349034412,0.4799427793002527,19.545939148099468,3.373040581636667,0.324941599205624,0.15553897761543767,8.537498983243797,0.005165081958086367,0.017519306195606762,0.4659793077323888,79.96160124845468,0.036081139147853714,9.696221676491515,15.0,4.978985761146051,0.5134340623646617,20.48504742949489,19.486555866076863,11.539233975658936,39.0,1.7852388566989177
72.59532506722246,-0.6006385594873149,9.359694680668687,0.15384615384615385,4.969728905420471,0.4838582357824005,19.62933691979515,2.8899773206254746,0.3210827084514226,0.13273489873332175,7.654522583174692,0.007370180798911598,0.02037060340164211,0.4004524033949234,78.3168881582215,0.10585868444202329,9.636953367993199,13.0,4.983083633843599,0.5417787300537761,20.66389206229431,19.56637969419728,11.574177067949343,39.0,1.742163029824134
72.38312377596259,-0.44464125581730013,9.353374200450641,0.23076923076923078,4.968990660485544,0.48238146165245416,19.36399216379061,2.674107905045427,0.39052520587614126,0.13976437957797547,8.308048425415755,0.006739271356391348,0.015234162667083618,0.44069646276267976,77.69794821186579,0.3665364788686247,9.582882847936393,13.0,4.979012545734825,0.5104271122043554,20.188670315821366,19.37605099432549,11.530345738511787,39.0,1.469489817670631
72.10505011315844,-0.5830561974752849,9.350679762650927,-1.0,4.969975955989923,0.4846780787119725,19.40083335050956,2.9261855848546356,0.31147255291147424,0.17293981593248184,9.436285193913417,0.007257732455698512,0.020850964583319417,0.537831187427778,79.69274196923578,0.1684547580045016,9.673882225955625,15.0,4.981023391679865,0.5331920228739743,20.452597356054042,19.3979894363083,11.523524261457391,39.0,2.037951515633914
72.68915121323518,-0.5315868948437931,9.295260984762521,0.13043478260869565,4.968019597309576,0.4762719060954888,19.47239271587807,2.6869357882477956,0.38989527459782164,0.18365703981017803,8.216125966531951,0.005704403996938721,0.021285324479822215,0.4236636940023369,77.35129613164594,0.20898034049721037,9.621820702921088,14.0,4.977676500265645,0.5192735609923858,20.313653189967116,19.4794611890146,11.581609389237107,39.0,1.729638160966605
70.25293131478176,-0.42677574452369343,9.340838204889282,2.130434782608696,4.967109212996952,0.48001672885863345,19.595419952125646,2.4798300722526294,0.3908503223900343,0.16880009898779003,9.25157729361106,0.006754515522826995,0.018921159963721807,0.5549907947597881,74.12895065925844,0.4122265282119817,9.735635144714719,15.0,4.9831406499284245,0.5332728354805081,20.678990916520107,19.5441213093157,11.50363488317532,39.0,1.988489688444698
71.183587228154,-0.4336439556669374,9.371350907379817,-0.5909090909090909,4.972046084685405,0.4866431301939404,19.480971783357052,3.16958280348607,0.29706664622407436,0.14109580943951064,8.244331887088412,0.005339340306264146,0.01719707740540033,0.47787085111991967,76.13118968840948,-0.015447803518758185,9.726598744983004,15.0,4.984302228658251,0.5326829858552428,20.473824047297295,19.485461047861815,11.564247989413293,39.0,1.9077895254058106
72.36628503684042,-0.5611790527204411,9.373160042362484,-0.3333333333333333,4.969111873882946,0.4798071012265291,19.45998956079139,2.5224807369070694,0.34818608780563176,0.1676460882163084,10.102254973794492,0.006620573046801399,0.020862508466227794,0.468028092539228,77.50356556033091,0.2858941889879696,9.765578182948019,15.0,4.979504397907398,0.5256167522046631,20.16718842700302,19.52993195637358,11.533814091608718,39.0,1.5573543143120432
71.9233004981263,-0.5199774440880891,9.350114606682236,-0.8518518518518519,4.969667626356688,0.4806142303220736,19.483351320930215,2.9293062573117488,0.32400559570807347,0.1399025028063178,9.96550979426209,0.006755355229769213,0.015983945887929573,0.3938263120131425,80.31577517313983,0.09529887514328128,9.563812527073893,15.0,4.981829366508422,0.514026168406078,20.171158473673408,19.47130122614862,11.53076387462779,39.0,1.6304944418247835
70.53947701440345,-0.3915391465819911,9.358687031533243,3.423076923076923,4.96820449674778,0.479436300641709,19.551015594953363,2.019335540053971,0.3634443176081369,0.1774926229332286,9.07309241202578,0.005517348173661475,0.0217487288794374,0.4159141469978331,75.45763127423541,0.35532036329498173,9.64683437089948,15.0,4.980634837098894,0.5167218004442481,20.464672246658512,19.58194255303377,11.564399668597781,39.0,1.7407524394048046
72.50677956307744,-0.5379340325840344,9.408688362725297,1.0,4.969188970556932,0.4867713616408231,19.4718180814981,2.697955121918827,0.3505981936354852,0.12248088351224916,9.566608594481119,0.005684244872485939,0.015366502926818884,0.498857805537462,77.64051490022251,0.2928556764389685,9.732652774741238,15.0,4.981104195942303,0.5164782956075303,20.236001367891078,19.518827214958797,11.477216950111691,39.0,2.265907177487385
72.15738903454753,-0.5843200497387673,9.359569102736387,-2.56,4.969380213111048,0.48477280006914264,19.522112135956423,2.7170454135690703,0.4074045966493234,0.1655479124160979,8.290138720190393,0.005453137402090906,0.020567658663237693,0.48363690203134885,78.07631077077136,0.18756356397551477,9.68529344796125,11.0,4.981115877668688,0.5225894543101836,20.3578985147281,19.517204804605374,11.591575763348427,39.0,1.7783052727292237
71.56147216934549,-0.515135545105841,9.39038132529867,0.16666666666666666,4.972965402380302,0.48449935506979264,19.444886218540795,1.8503459297721958,0.2947312602063218,0.11421839107012173,8.749603165604459,0.006836069861622394,0.01500048744567312,0.5037191762481511,74.71243682915576,-0.16814746338725461,9.719758723774975,15.0,4.982712536252876,0.5162637493848988,20.483989448377987,19.47551207512184,11.60023108293162,39.0,1.8671165617127734
72.11264334939449,-0.5762102144869101,9.376743657283118,-4.086956521739131,4.969555536391582,0.480810304003683,19.552030009603197,2.73745974458927,0.3042116502859505,0.18692845751429787,9.654523803257977,0.005622775455245314,0.01836482014611387,0.37709253974022056,77.02957769821887,0.0011960696407995464,9.744238558986625,15.0,4.9786344754378025,0.5155717658505864,20.53926998701606,19.526274814854872,11.50971036420221,39.0,1.5833595870160373
72.27034208224393,-0.5894140314220738,9.396949612200292,1.72,4.970263915377037,0.4882045452037845,19.51352296857609,3.1319697605093793,0.3562305797081543,0.11811154791023443,9.412842291252947,0.006623153215380946,0.014719757256199157,0.4753189637333259,79.66293938554281,0.04403665109836774,9.653725625471065,15.0,4.9817301762594495,0.5137902187001627,20.27371079659256,19.54601714602036,11.568493031719617,39.0,1.787828873564976
72.32254900705743,-0.5100241786512514,9.429356718043584,-2.8260869565217392,4.968516838808086,0.4935971629065751,19.514147507259533,2.688860143648841,0.42927407170827464,0.13781106579781832,10.785062834321579,0.004667066652642952,0.01855412104121359,0.43764616573223786,76.53935605595782,0.22840833178758313,9.736380637651214,14.0,4.977626581121403,0.5266011854656413,20.840799553359687,19.43959497569569,11.534913498070434,39.0,1.9903073341041235
72.35358873841342,-0.46031887255268605,9.340426913301954,3.608695652173913,4.968469209547939,0.48236772432869107,19.50038895084936,2.844865519367702,0.40526329911487136,0.16384418186916394,9.044523350984441,0.00626521593611321,0.018688536740260234,0.44519263607958304,78.31809049713645,0.4496148035101838,9.569147538981102,15.0,4.983745444636818,0.5119362235924396,20.432328139238003,19.50508367070853,11.467978047040582,39.0,1.748180613667266
72.19808649539816,-0.45682604208923017,9.38113422326777,0.8148148148148148,4.9709390656848385,0.4861528074825283,19.45115987007882,2.953192751617349,0.34956230772064095,0.13889998186646654,9.201598238941516,0.005993868121331594,0.01434479020944939,0.4951113827832429,77.60523859544307,0.20688065625045893,9.63291047735707,15.0,4.983718715099504,0.5195932408183851,20.669779159447696,19.525166054782275,11.552410376907671,39.0,2.5529842353442866
71.78720159549789,-0.5052011342943555,9.327753049409417,-1.2307692307692308,4.9685415917279565,0.47822106333060294,19.50058988557724,3.297729508493658,0.31849663861920063,0.1471583874810989,9.336889995758728,0.005429707415218965,0.017813132521400186,0.5189865519790477,80.94893068064002,0.06381074095656969,9.589085577487356,12.0,4.977054691175158,0.5115388703260761,20.713977218055476,19.459998331130322,11.589053671363915,39.0,2.3316194655971785
72.78176216768387,-0.6018253900190632,9.306486309018,-3.037037037037037,4.969176225000232,0.47670585602122345,19.474537728918403,3.5140186232060735,0.27538813444570687,0.12421844613356689,8.578532558105735,0.004918912167884988,0.016365763085373995,0.4120496162692712,81.10380166968307,-0.028280137004062955,9.53408701136797,14.0,4.977817046288164,0.50455551491836,20.214330027980225,19.537109773024252,11.528669049544403,39.0,1.5074697366919807
72.6626035785034,-0.6247545847835739,9.38204854174258,0.19230769230769232,4.968766766538358,0.48806337250242937,19.738723829846396,3.066265478264952,0.3277320000833454,0.1782290114255407,9.11895418585854,0.0062639387949964586,0.021862071611944145,0.49621825363715416,78.61103292083104,0.11684019072065555,9.879214986989734,14.0,4.976287684816952,0.5465063146546325,20.581702702840158,19.662517287452378,11.534889826718322,39.0,2.023878113774824
72.0636759692918,-0.5020581807690347,9.389308628020792,5.7727272727272725,4.967052225677824,0.48506697880395894,19.4381574547471,2.6522883915233644,0.4268558637749823,0.14407730686244577,8.190525669564908,0.007514733269359419,0.021026025373166484,0.41865211914091294,77.75845131871887,0.1373978429936591,9.79493802457241,15.0,4.98158524313126,0.5397646369190661,20.25605361193399,19.48201937331726,11.51736409832677,39.0,1.6062333078465585
72.04187821576657,-0.5718794987989064,9.344069057260514,-1.875,4.971264096560767,0.47951243075061495,19.417849829630317,3.079310082175565,0.3003469883566352,0.13213645177484143,8.318215453649499,0.0046662441145232155,0.01817798087814622,0.4243512466892279,77.39399208360868,0.060508817944017634,9.578141939673817,13.0,4.978759779170614,0.5209851286965106,20.246004120959917,19.45160603426882,11.512694672265894,39.0,1.702177222641076
70.62893787652041,-0.5587928077375778,9.367883302739902,-1.5454545454545454,4.970407754420432,0.48701499884458604,19.584556248569314,2.968648511096205,0.36546134764178156,0.1664252995304215,9.939486326252078,0.004404707090445952,0.019486978284453806,0.4215447860776516,75.843883210345,0.12882001429586598,9.66479683528942,15.0,4.980779277155644,0.5222468761462289,20.4321198516032,19.57899122760346,11.532446943545043,39.0,1.751002786195901
70.88189877736991,-0.693382384936521,9.366996104209381,-3.5217391304347827,4.970024451737059,0.48587403970426235,19.6307251659537,2.4141756037249547,0.2694631060470782,0.15434939944485848,9.394121960577685,0.006831813699993122,0.018218190464775706,0.3304774899930474,75.8562328598662,-0.15682177189491409,9.626326283509698,14.0,4.985278256358439,0.5211534464746596,20.151514740693884,19.56074292772177,11.571323451831708,39.0,1.2969740366755111
71.62302871251954,-0.5576463994346914,9.376355125502213,-3.4615384615384617,4.967157197770356,0.4855543395350125,19.59782840744787,2.418103638492672,0.3425990123471563,0.1597059905578993,8.598885299988998,0.007306988646620904,0.018926386811152933,0.40264462341568286,78.25178175042544,-0.031105595995102986,9.644249960391603,14.0,4.981520193442046,0.5111386802643565,20.335676329064203,19.601641036119375,11.53655105782489,39.0,1.6846616219913706
71.64628693499071,-0.5185009222991709,9.38804220198192,-2.909090909090909,4.96869350512499,0.48451505563735836,19.326859059887155,2.2204064229303144,0.3226147023664833,0.15934905335468003,9.164700515411841,0.004284963535530534,0.01980052069615061,0.5203723616555538,75.00866418199018,-0.07125598722377657,9.604965242628285,9.0,4.9767704637410155,0.5217972058917699,20.277386142216457,19.475970432429957,11.534662581225103,39.0,1.7691652583962778
72.53227878489135,-0.48672559365709867,9.304184021147469,-0.9583333333333334,4.96794362446889,0.47711704872988975,19.595808722860202,2.7708926814269397,0.31229896059271617,0.2129844750534924,8.862275698462307,0.005392532918535864,0.022923436799915167,0.4744918329338044,76.714475794398,0.08835292812825823,9.730348028735365,15.0,4.978227260847329,0.5254971551125129,20.336654187974048,19.619875666525274,11.52166571851508,39.0,1.7028334689714875
72.01349355174007,-0.5941677623164137,9.345687750301492,-1.3703703703703705,4.969224634898067,0.4817360935797352,19.487853963764113,2.4698859834898603,0.27945891429079706,0.17358994709935285,7.986786069169353,0.007496550145064466,0.020346256182815815,0.5492560908228084,76.99853287989635,0.00383619541000213,9.870022191685472,14.0,4.980255921981618,0.5335797360113758,20.933580930472704,19.455638636601364,11.547265418328065,39.0,2.5976100336711987
72.0456354933182,-0.4524126258110993,9.311966331324234,1.5384615384615385,4.971434075589661,0.47800860572292336,19.3694352795664,3.2072543368006303,0.39393298137832,0.20634525369857262,9.220507116167198,0.0056914534195179585,0.022246084813612867,0.2674937422699603,79.51575721983852,0.5279305392053695,9.863850734587418,15.0,4.979316960178057,0.5152736990224586,19.83979373646012,19.432084017310487,11.542005069621462,39.0,1.0705744427976889
72.19173149698678,-0.41895077204819803,9.362708871516292,1.3076923076923077,4.970178550103513,0.4801599455868526,19.59396453877556,2.7527923289871206,0.29368127765239377,0.15774233760128886,9.06713944700749,0.005859413331491618,0.02095746254753958,0.5494534137111499,76.23094573828195,0.10959758237735451,9.713850305626513,14.0,4.981683951996881,0.5393788493852101,20.771607128221348,19.540283670561458,11.530344922910972,39.0,2.2702302712341904
72.19697141491619,-0.5736497471087108,9.282637165776444,0.3076923076923077,4.968599672404695,0.47609716901123267,19.58222764896476,2.79304317022598,0.3916583770399206,0.18802536234846992,9.151583430747971,0.006484001688919026,0.02322204811938265,0.3900696693139944,79.65313361600072,0.1984679832622691,9.571723843414313,15.0,4.980965643876318,0.521755832962437,20.292373814514605,19.52959127706019,11.5455742193115,39.0,1.3088874648932816
71.63489559615203,-0.5543287831301279,9.399811091152365,-0.5185185185185185,4.969877104644223,0.4872592654927736,19.51953038018243,2.551169857344496,0.3481691723387229,0.18496680653179448,10.615747807333985,0.006783756163822681,0.020730950769510287,0.47406254158294514,79.0765828944105,0.16443184661295351,9.964204119647507,14.0,4.979893144216732,0.5505642575704491,20.26892557502203,19.461839901617495,11.53935483802629,39.0,2.23866612474
72.20302403800497,-0.5454782837246335,9.394908219402243,-3.1739130434782608,4.968814475137276,0.48943081807890665,19.41958797430916,2.790136356179192,0.27025498789840113,0.16953656336289022,8.780671331732947,0.006761666862837041,0.02265677041816631,0.39494208788589424,78.72862395869734,0.09948475410440616,9.684624800730237,13.0,4.981323929586976,0.532614934823748,20.19161158237146,19.447834312560744,11.560909855614852,39.0,1.435380504589748
71.42696287464669,-0.363066981981607,9.359853929928798,2.739130434782609,4.969117431027812,0.4819103226260248,19.45142257803716,2.750086861456786,0.3795984522604926,0.2148579230456192,10.488989636360712,0.005833130373448966,0.02320676618704404,0.49691809894980293,76.1756964484497,0.44016989456337896,9.722970788879456,15.0,4.9802173214769905,0.5161139580856458,20.349156457612338,19.45198408972465,11.551703601862014,39.0,1.9092500812092226
72.07291172728695,-0.4757711273581308,9.344154085231628,-0.5555555555555556,4.971016339262014,0.4820699698780499,19.464667430821628,2.920689599173232,0.4170237461266936,0.1439372882026264,8.425417160057279,0.004305000565882299,0.017408495016007268,0.4897063699890188,78.84798137475913,0.25960966153616605,9.669164554523318,15.0,4.980157019935119,0.5184895562269353,20.17699913177009,19.50594020704137,11.519251836060869,39.0,1.7757942693496034
72.16952854980832,-0.652280184090958,9.390158654460485,-1.12,4.968661307981125,0.48836940593621414,19.496503559965152,3.0519837213173613,0.4124600677533891,0.17691331362633583,8.833210062032942,0.005243916648039371,0.019391672527711224,0.42970154143866995,79.13849421645376,0.17151625148745198,9.743122279933392,14.0,4.977761454696736,0.5278721151021515,20.457250629898283,19.571905629066674,11.584074968092963,39.0,1.9455041362928682
71.51197782815656,-0.4915652362722473,9.289075974943211,0.5,4.970236439528225,0.47313060837540033,19.38083204266855,2.7581188381218165,0.3776555857231866,0.16196801513837203,8.219348654710561,0.0072873319202296305,0.021712659543577453,0.4936156256255423,79.11372903984423,0.4112546849527621,9.682618742013238,14.0,4.982599376627418,0.5209483145258083,20.23431029890084,19.52045953821013,11.547545429039486,39.0,1.7977766463532099
72.14577303917912,-0.6218158831227517,9.345960874038017,-3.5833333333333335,4.970661561945775,0.48424263015366975,19.673801946445675,2.9560394104456003,0.42323718229032803,0.11934070716316283,8.499591493451645,0.005529261353169284,0.015584115770219313,0.44997538132834475,76.34605720327181,0.11780579353849108,9.612331908950399,14.0,4.981230702264288,0.512611859850577,20.832363582468723,19.552219745043896,11.563497471701506,39.0,1.8058158271802753
71.24876217291761,-0.5189190172401518,9.347418355445264,-4.363636363636363,4.97190640275641,0.4814743618929716,19.66591726121792,2.2201716597671197,0.38467742234586794,0.1546894418516012,9.809760698339062,0.004643751460489811,0.02019870210454447,0.3961660989034244,75.89033437801092,0.2819030735433954,9.644534819973005,15.0,4.9813503301982305,0.522971694790116,20.60232610860444,19.56124797617093,11.53424164349298,39.0,1.5861086683355943
72.30455316322124,-0.5005985209083195,9.372499634108033,0.04,4.970638677819335,0.4828319068381056,19.55188945849706,3.0821229339200915,0.35150387356246987,0.12565900386513124,8.543910111886712,0.005820881613627582,0.01548887325863478,0.4730229566721237,77.75848580799826,0.13958495838937313,9.609277759388313,15.0,4.981129742373028,0.5217245298976747,20.384980796839443,19.591025178703184,11.534479094382595,39.0,1.9677433878903976
71.71883424083389,-0.514499100920924,9.32610272976055,-0.16666666666666666,4.969595066864607,0.4787582360103779,19.505212618397678,3.4047624027213588,0.3328065840530178,0.1769900084168452,7.861650943380503,0.00647508541101047,0.017560376909747728,0.44199088072380743,79.50385397754654,0.2961935383823613,9.628172087537,13.0,4.979992874513615,0.5108901687970443,20.68846233658866,19.604216547584926,11.569575019023697,39.0,1.8454043016866528
71.7944280646979,-0.4513112307919031,9.329887499030436,-0.25,4.968106311099022,0.4808868921131284,19.398153328073803,2.415696143709576,0.402595323276139,0.19164559854339938,8.690272339422588,0.005701600140256969,0.021814062515483377,0.42762016234044203,76.39905679489144,0.19078439006324865,9.57378249391431,14.0,4.9789054211456,0.515254645459848,19.999029813995133,19.440165707684887,11.573957827824655,39.0,1.6331889601386216
72.721854190561,-0.4099556901735673,9.425328108424631,1.0416666666666667,4.967843521699519,0.4896489944119906,19.480582088348587,3.066820399131766,0.42644635949443516,0.18861482808932817,11.005601477833409,0.007072684024533633,0.022902207385395154,0.35551268922050844,78.39138529141346,0.4134256641065073,9.826727904601897,15.0,4.980170698368475,0.5411423231262813,20.198403516208156,19.49307430100339,11.552908704288944,39.0,1.4224982944032263
72.07158438817365,-0.5975135471560084,9.39422523211506,-1.7692307692307692,4.96930968480924,0.48478508983480906,19.57252016982699,2.728011098573024,0.3646723247347761,0.1547104179639645,9.620921482764256,0.0068812024709125445,0.019056941480547613,0.5217532805861231,77.56730790253002,-0.0032309148890596884,9.6817483876916,15.0,4.9803570067602365,0.5223410838118631,20.360603262754253,19.580218083257385,11.543661938194589,39.0,1.9411430163061922
70.89218665040315,-0.36185055316497994,9.325611558762207,0.6521739130434783,4.970536137538898,0.47944502934157635,19.67894053160323,2.6328259842419683,0.32592744341178576,0.13768983736966156,10.780855397425059,0.006527845407221202,0.016109844544682457,0.3575941548315149,76.71254364482101,0.32494252154027947,9.586067789100419,15.0,4.980955700843683,0.5009578509356555,20.608914347605037,19.71859263354157,11.537874028386188,39.0,1.6000810772240612
71.36555717080276,-0.4615102314647746,9.320968746677364,0.8076923076923077,4.970416766075494,0.4780292345386146,19.426839504840643,2.2280258908387967,0.3298782512826624,0.15714550770158767,8.16662641377996,0.004692805238787528,0.019429718391911006,0.4617794954249165,76.44992083840881,0.20455840856959817,9.653397502234847,14.0,4.9793037194288,0.5219182138795629,20.190742733990895,19.421311847600013,11.5429646838607,39.0,1.9645537920428922
72.88219242170922,-0.5999178149206421,9.347221450725842,-2.52,4.969714085801886,0.4812579240853112,19.61104109492917,2.540797731261423,0.3242169740272898,0.11707271744307522,8.908961780140265,0.00551811613431651,0.018757550193141105,0.40803926642571625,78.51316312994628,0.13011632249216654,9.539625711944375,14.0,4.981288652480098,0.5092426176804862,20.628723349602463,19.467414106688828,11.568264468257553,39.0,1.7395789248710152
71.56690854491497,-0.5553095244538953,9.35867949430896,-2.730769230769231,4.970585471086027,0.48184929050178094,19.541663560951875,1.851030235902822,0.3078410175955395,0.15303313207262115,9.399499546038413,0.0063335359676364176,0.017781297446630415,0.44582569652483894,76.49761842419193,0.03936841416612613,9.654212205002079,14.0,4.981479667045043,0.5216852888507812,20.4611633555746,19.523376249013772,11.555292125410713,39.0,1.8791211029884032
71.98130275311497,-0.5418739215831485,9.350632089665156,-3.0,4.9706041121858755,0.4809338515222805,19.54767355462971,2.900656198585597,0.3531872628556962,0.1355231025897594,9.190295885418404,0.005931139737888416,0.01669010403137845,0.32649534777036393,79.57074342898531,0.4009572846351733,9.614480849561218,13.0,4.980159753445238,0.5156337021661207,20.211976673324255,19.588612787943767,11.593474129405518,39.0,1.1871759955177588
72.26417751481068,-0.7172998323608824,9.360685373749996,-4.814814814814815,4.96994738118488,0.4843812180495924,19.470656519711863,3.313840112633598,0.4095680439778021,0.15730759115209025,9.416443604190048,0.005930043786690908,0.01997534288713073,0.39197497952605254,80.0784637194824,0.1855740480852991,9.661489807880157,13.0,4.98176379736291,0.5177104243399492,20.18886452196878,19.48498210390086,11.477988943521192,39.0,1.3280591709418275
72.35457265471759,-0.5588749568054275,9.384792965444628,-0.5652173913043478,4.970433792385873,0.4869310344009783,19.37221169288339,2.845760308602666,0.34478668015361075,0.13481352980035397,9.84588233048641,0.004410187575635674,0.019599927964633387,0.44783523710445433,77.40177309375386,0.1268574866455653,9.610200551799633,14.0,4.9814725312313755,0.5153186230106871,20.1241287326496,19.425875894813323,11.519935002209516,39.0,1.8304323289597804
72.17398771642972,-0.5056823035309046,9.408759718593437,0.34782608695652173,4.9714806370885825,0.4905691127509577,19.477132253130634,2.9864281390019656,0.3366107667666316,0.13232458515332482,11.727369309707784,0.00618843752719836,0.01553371726082161,0.37975015796616957,77.20799412127317,0.15413815692505395,9.650337495245317,15.0,4.983805575844423,0.5162574008969962,20.196173093648174,19.53387308506901,11.573167471451098,39.0,1.3371445503681478
71.28787493850042,-0.4902670195334367,9.357277822479338,0.7777777777777778,4.969586032774049,0.4802738586310138,19.561591285508023,2.4563627325279898,0.2812799534364515,0.16815370643586786,9.354473413266307,0.005233076405017827,0.02224572670548293,0.5013446421710164,76.55098964837676,0.1677919697686754,9.660169092669442,15.0,4.979029728608452,0.5189773067589292,20.548844219603538,19.550992149415357,11.566399976044073,39.0,1.969122450163944
72.13580201275717,-0.5082979233534973,9.379283677902402,0.6086956521739131,4.971198038496018,0.48558551871337896,19.559912261472977,2.9879814559564686,0.27355909616999535,0.13218031734135935,9.608597284564361,0.006547423273181096,0.015814116165648106,0.4618635651482283,78.28300126015478,0.05183822941992999,9.730423737680233,15.0,4.982656884792192,0.5166196293576135,20.427818553448937,19.549225344961922,11.515551132002722,39.0,1.7836575512121229
73.13399946363553,-0.5394959285174143,9.391263830862624,1.8076923076923077,4.968361322465318,0.48565295258780894,19.601963818823553,3.1445791198146797,0.36833152258717666,0.16576811678991266,9.4666183986324,0.005481410573401812,0.02182336116408031,0.40986514726954043,79.04060569995356,0.2914493293525675,9.655237695876487,15.0,4.979851087481922,0.5291292688991193,20.6122016858915,19.564046214036864,11.559814604301156,39.0,1.7178476429556717
71.53131896399577,-0.6143853017987849,9.388191195353121,-0.5454545454545454,4.969059217218187,0.4882383898457643,19.478604822113283,2.65248892907848,0.3268917670940257,0.11499336752431567,9.801332343231675,0.005746478636209162,0.014553243580068794,0.44521443590263504,76.90106312103086,0.07977434162794317,9.624433106377898,14.0,4.978370472757284,0.5168718429440089,20.292322862698427,19.591925392760395,11.531394591038369,39.0,1.8880397496636974
71.6430689090315,-0.4835641590188387,9.331921267541762,1.8461538461538463,4.968408172711189,0.47530087414424194,19.447450561665665,3.62088606269766,0.4427151664831158,0.12681163824671468,9.134433196563714,0.008147369090424397,0.01422655290450526,0.447941221834126,78.4670766019533,0.3445178809702558,9.587147961383522,15.0,4.980227838577466,0.508186233951406,20.6088604863938,19.497496137313952,11.608680656377713,39.0,2.209647882397128
71.89169724436519,-0.5620737082713023,9.39460264742625,-4.434782608695652,4.970450385150167,0.4833812377816782,19.465798500646116,2.4496604793100683,0.30001281140952174,0.15353428697290789,8.661890982200344,0.006368612254319361,0.021645565214093443,0.5029452894133782,76.49267767890882,0.0804453491238949,9.702074559277884,13.0,4.980645145398605,0.532996908451991,20.595719306218054,19.50886245426078,11.553809283201264,39.0,1.8260970339408082
72.46724350967087,-0.5002865849003827,9.344958876833966,2.4,4.9686996963560315,0.4768444275708433,19.585596919528893,2.574503982610861,0.4747703106009907,0.19246174852374784,8.845337754998392,0.004998221664377929,0.020792467333821295,0.45674324400443045,77.02941844823778,0.26227820856165085,9.709927642486774,15.0,4.97605654092563,0.521377997711427,20.283524171955527,19.587367297784148,11.505284277687824,39.0,1.5023079890969981
71.02557075254362,-0.44236180134318803,9.367395602807138,-1.3181818181818181,4.9675058924624835,0.48321179952340626,19.50615473272866,2.286447158298251,0.3361525645990322,0.1158662420009145,9.435842514950224,0.005484924201737404,0.013931965297838455,0.3961153978346204,75.74191450406582,0.20692292357656195,9.601832814603931,14.0,4.977705459064035,0.5072306836181594,20.15151956735412,19.504362678254516,11.522864937012626,39.0,1.838373472289966
72.95703602435347,-0.5854176812112089,9.32918577991313,-2.36,4.972346283468043,0.48131888112863236,19.55209335582383,2.3124314518445583,0.2844449050161193,0.12336137171905323,9.54517679249578,0.006039125684665255,0.01461606229311294,0.46279826586815104,77.61218076863616,0.30096273592485967,9.582201437215973,15.0,4.986182374109562,0.5175368394204665,20.517353077976043,19.532608838759234,11.520314679643715,39.0,1.6893259251337085
72.4729439903906,-0.6065339370594602,9.396188436428098,-4.083333333333333,4.968162154242801,0.486632563688,19.5750021442195,3.212634175390064,0.3805528848690166,0.18919981924986787,9.517162859218544,0.005480848884595619,0.02298877426899143,0.44305353587338303,79.85548290554885,0.0132336984560385,9.719854781831385,14.0,4.980378770080053,0.5203311919885512,20.85319915437636,19.563634407521153,11.569964915404338,39.0,2.0169925325888087
72.83198447354006,-0.5076585553368227,9.361036741850972,-1.25,4.969156892945122,0.4855772914591676,19.440874342318832,2.5256212486488345,0.41436709387390536,0.1699718382357515,9.116148675107635,0.007231678025595,0.020718304403002007,0.5057058428511917,78.5306483662611,0.37319174883734263,9.72025332071682,15.0,4.979280035142992,0.5314902212713676,20.481717142594547,19.533976103834398,11.545766709035282,39.0,1.8489393254844302
72.2425314207586,-0.4843111177531827,9.373704063099588,-1.9583333333333333,4.970867973314475,0.48355049882502027,19.42758684928576,2.9707116166401217,0.3996678238237972,0.1563019960340408,9.7914893600968,0.004828121920903646,0.018965247729558883,0.3958116395751302,78.1786280229217,0.19808949094990846,9.629794989387747,14.0,4.980780043166053,0.5150386563887005,20.48717280948071,19.502605517173322,11.567327294358407,39.0,1.9374372993918207
71.25710930695647,-0.4914604138670644,9.364960991413481,-4.2,4.9671480254937554,0.486754017474559,19.585353267551582,2.895670156605775,0.4215441207582283,0.18190419139921662,9.826494797230598,0.007468095866140388,0.02182702946061827,0.48162130175795564,76.40492655226143,0.4117381738944661,9.706795364125293,13.0,4.984718936212749,0.5303190263670166,20.63177565590707,19.472655195642254,11.522009414563836,39.0,2.3633863620290185
71.85522508198032,-0.5207540375649159,9.377915880629446,-0.625,4.968457116659075,0.4824325985763161,19.5235366242151,1.874383627754592,0.39333559392069173,0.15570802325747116,10.66853824726393,0.0058342713877606684,0.018676537829998608,0.448848042619382,77.70383869736506,0.18771605257846757,9.613200193792583,15.0,4.979186554489976,0.5148969043809679,20.196029305291393,19.4952348853393,11.492445450072292,39.0,1.8739966251966074
71.67835303801945,-0.32587736126856737,9.370371383435911,3.3333333333333335,4.968067673441989,0.4823681032635584,19.42761611714959,2.1052638159306527,0.31305763293605254,0.1600146325217753,8.032342031967918,0.006708181409721124,0.02220227848529225,0.46590773147776865,74.84731553197824,0.3849865903261648,9.596633573247695,15.0,4.980151867271249,0.510012260355812,20.358688575890486,19.479050495770498,11.563468673217846,39.0,1.6445712442912104
73.26972494539177,-0.46137683650818556,9.390194573308111,-0.23076923076923078,4.967402792348543,0.4878792048257337,19.52404318589799,2.7167076626385955,0.35425447531426574,0.19926977971008697,10.389742324145011,0.0075044301904846344,0.023303810162347255,0.4631715056706255,77.9676826144675,0.28520614715853876,9.850987228679296,14.0,4.980202032688123,0.5348660205854552,20.408346968524203,19.595601314141096,11.545909243632927,39.0,1.8796708741681307
71.84602552187556,-0.5126258467563722,9.383869692067998,-2.3333333333333335,4.9695775154379245,0.4833628417839964,19.624015026201267,2.5433715050604944,0.43589422233537817,0.1348361053078586,10.002777392082438,0.003777183337766117,0.020071450244396806,0.45212726917969215,76.30942817072076,0.35117241814620614,9.622137748450562,14.0,4.9753196175194985,0.5234607825044891,20.43367514230266,19.553504336863668,11.537163208536333,39.0,1.7002795329932
72.21270760889846,-0.5263352750572312,9.369633175299038,-0.9615384615384616,4.967708481103484,0.4801688945375722,19.242813717211103,2.630074643800943,0.41967475241613483,0.12717087083938494,9.541330213786793,0.005837539317095162,0.01320741874007808,0.43996020784101747,76.89473782576533,0.1811859565533782,9.677010090510894,15.0,4.97743992887165,0.5108137130696961,20.141761105800484,19.317736275614976,11.522205116001652,39.0,1.541037987314759
72.55919619447396,-0.46752131760637067,9.42110137311331,0.4166666666666667,4.969085077813968,0.4909074840114401,19.570857344908436,3.376832393581503,0.4387025533698688,0.1665991258193335,10.136224916385565,0.006618997682887106,0.019428912501991257,0.4297688552313423,77.93227745961877,0.19065330550891368,9.76615367688899,14.0,4.97983357182334,0.5359623385039924,20.426597588473065,19.595526844734323,11.510491402801444,39.0,1.5100363631266376
72.24622430633347,-0.5762557734171939,9.4097790583409,-4.730769230769231,4.96940880713938,0.48622127136251303,19.48894197238294,2.550058059217247,0.3831840115994413,0.14133635555148535,10.12064794333344,0.006408618715017905,0.01639585706167254,0.40302659543745734,78.22135673602332,0.16211948872534065,9.67290018592678,14.0,4.9800969910271125,0.5149719392618538,20.34444935337235,19.421303307331307,11.552027336133465,39.0,1.678889174407093
70.67093832655601,-0.4895964691903355,9.416355261237493,-0.43478260869565216,4.968310240951415,0.48827230789578563,19.71344669978062,3.067422109913438,0.2925714948659906,0.1231280423650908,10.033968771157657,0.006558335372846983,0.017918205800954906,0.4154848055401881,77.32635962430564,0.20478712656432352,9.629975727298982,15.0,4.97650621548443,0.5191994331516255,20.332676567292168,19.7183090450889,11.56894422689674,39.0,1.306910656130995
71.76626663226152,-0.4284155470359415,9.359470196163816,-0.3333333333333333,4.967431827012371,0.4831124036000099,19.351381448751315,3.153068578151082,0.3063830071133096,0.14272567704986674,9.681023820971737,0.00811047102157971,0.017294880285047266,0.44796313111907793,78.75552057208058,0.15726528336567552,9.656776412095319,14.0,4.978572520891369,0.5158155094820456,20.313746461674597,19.42082940423327,11.535005192953044,39.0,1.6638553256419542
72.47263763928689,-0.46449560800917916,9.440331127038839,1.2272727272727273,4.9713492842880935,0.4888437659742342,19.52584800772526,3.2825288007614093,0.3359755009635797,0.13851398829958492,12.191397183639626,0.00466690057535357,0.016483487180968728,0.4191489923685877,78.93290958199145,0.15534831584085507,9.786908189969513,15.0,4.980242449301567,0.5177283402231903,20.347932242902605,19.446708845544013,11.53972152600969,39.0,1.721362547685576
72.63897680290007,-0.6208571448247745,9.428170190017742,-3.730769230769231,4.971218269946781,0.491810153207643,19.603430114662387,2.133381849331328,0.3074441623054447,0.10172616252280739,8.9595573908008,0.006096614818855324,0.01640132633981816,0.45256902110170416,77.43192199485809,0.11508684355513754,9.613988941075066,13.0,4.982873865920393,0.5263400719267279,20.43429321177205,19.52522341720497,11.528354505919175,39.0,1.590630146880045
72.30206769140868,-0.480006907262868,9.374836123916081,0.043478260869565216,4.971422963568702,0.4831346045906536,19.406788521366312,2.3217974084642137,0.29105868562377285,0.15414711556114186,9.602890239150899,0.0059583736092076525,0.017761022896453236,0.5302117920875142,77.62369620734972,0.0031803673753658668,9.663843696925555,15.0,4.980957290146789,0.5153661413513296,20.302067922272087,19.534198916926275,11.563128563591366,39.0,1.9190620463332522
73.2157542017116,-0.48098643817155506,9.356216361128938,0.5,4.968761244842199,0.48328625962811433,19.49307820684037,2.9559622227885263,0.3530879461631618,0.15148861333361127,8.340125437167735,0.005550152441051124,0.018145723268120025,0.4143326476743117,82.20122678456322,0.24044449118303068,9.598007957790944,15.0,4.978727033156813,0.5112684949342681,20.314932920399755,19.521743394908118,11.534064762514957,39.0,1.6863209715543697
71.98593068606479,-0.4728173303986597,9.423326066444602,1.1304347826086956,4.970360284674643,0.48995754797891317,19.55742472134568,2.950072244029035,0.3543887878201919,0.13871784746335164,9.34044197737469,0.006319025189651457,0.017517860175989077,0.3966574205207707,78.53539557124682,0.29584569009291717,9.725027297710731,15.0,4.979645315038104,0.5164959725175966,20.230393525022595,19.49342591241943,11.55254555072949,39.0,1.3461130391524314
72.37910553724254,-0.5880824451549297,9.389373338866887,-1.88,4.968724325802495,0.48767183972069666,19.511552137107152,2.2626534158324767,0.3563294495560203,0.13907199758043992,10.557727028106003,0.0054362689491303405,0.016761637044471134,0.3656045733785794,75.63942690669785,0.26348134055734196,9.619726895502989,15.0,4.9806196653593275,0.5308367556654036,20.11089062959129,19.585528024684773,11.528625695100065,39.0,1.6116976845506912
72.60150305898112,-0.47477479853124965,9.379532751012489,-1.2692307692307692,4.968296103799669,0.487078658488451,19.48554045524935,2.87709312646065,0.2969359357552167,0.13318331234080566,9.58587780302033,0.005896386730613526,0.015341243713924311,0.4578747002948886,80.33139496907569,0.27313073326299975,9.653226010222859,13.0,4.978439210548766,0.5275780689542698,20.34751617274949,19.47599909550766,11.513725560806494,39.0,1.8819866284979163
72.57969199006912,-0.47204933429264645,9.346966028861575,-1.1923076923076923,4.968421834439175,0.4852783403604708,19.26535909271744,2.4757725643780883,0.4695458348280531,0.16372800868865306,8.62473736843947,0.006325711685391545,0.018389760537063496,0.4748802921782613,78.90972485053928,0.42585754992303454,9.629936840171146,13.0,4.979728033784167,0.515222767691675,20.401562003487037,19.334203087056736,11.529588753429916,39.0,2.032722691886825
72.13100865757443,-0.454039840552224,9.339993045009889,-3.3076923076923075,4.968830255112669,0.48133995462461565,19.353092405687185,3.0746574760429453,0.3537834709502981,0.1259283891247973,9.33467164256763,0.007298965640101964,0.014240566738027918,0.3735051391560687,77.68480799518099,0.2699180717901146,9.633462900378063,15.0,4.979087661370915,0.519341956556669,20.146195272402423,19.414939884934533,11.577628784046823,39.0,1.5761657590292977
71.6129140261471,-0.6346903685918237,9.361076545739968,1.434782608695652,4.970454931620504,0.4841094272722162,19.506573579664543,2.8000369555612785,0.2363967367349079,0.13490796902153046,8.776579936827536,0.003999605173884305,0.014789934680056292,0.505291954921102,77.40041933797333,-0.1410912520898624,9.628354443296402,14.0,4.978359217068951,0.5120275530799757,20.538819365309937,19.45771216873895,11.568973287497084,39.0,2.1975542375596255
71.86733960540894,-0.5540173159966627,9.408964554320724,-0.38461538461538464,4.969904181955882,0.48631082914373597,19.551961452881553,2.5251121808101993,0.3263557739491647,0.16126088522661164,10.388888009928698,0.005663031584130599,0.018535149713740956,0.4095021181388224,77.8504426503774,-0.02442262955375296,9.797574695445142,15.0,4.9794917441342035,0.5364026768139147,20.43970808655459,19.47726883321746,11.500377849859866,39.0,1.7860553951716298
72.72216000425453,-0.47809221248338696,9.39360735247192,-1.7826086956521738,4.969312731953706,0.48702745846351564,19.523167722310507,2.6021815817911893,0.35895085765720747,0.10231576959106492,10.25312898896099,0.007152668100085845,0.017775411992472342,0.4580414290753778,76.88240663956341,0.02885929766568207,9.56313207461601,15.0,4.979705249189846,0.5206126726773632,20.272502148352658,19.50304928341867,11.505939965707688,39.0,1.7985167851364707
72.1495600187243,-0.5484129581818231,9.408179264178544,-3.3846153846153846,4.968717442801279,0.48485940891073476,19.541404475106475,3.008863085902489,0.4114819507177745,0.13815921610980675,9.483089901653376,0.007040796336023849,0.0180161812736932,0.489744695014052,78.57594336303082,0.1025206539143082,9.65488751058969,15.0,4.982811138658804,0.5178739506656563,20.695660062857435,19.614780706501556,11.539983441316867,39.0,2.0237346827668006
72.50483078389895,-0.5384722786454567,9.356037357270726,1.7272727272727273,4.9687774746427715,0.4844867660321998,19.281639514271458,2.153025772904047,0.39546244230200656,0.14914859893039512,8.394705139560608,0.00669285277852215,0.02075119768664318,0.4199189894238935,77.22229575555589,0.025855309284087857,9.635820366145548,12.0,4.982042860108608,0.5284224417342513,20.037238930346497,19.51606788391171,11.52027466213365,39.0,1.7455751632913739
71.97905002119258,-0.44903930958839705,9.369615901199074,2.1666666666666665,4.96908076914922,0.48553125619242715,19.53053557241598,2.120858660750882,0.40016410487382054,0.12551024036157954,8.434387285919996,0.007170039720479345,0.01858550224902554,0.36178464115967973,75.32183734086053,0.32631426239581285,9.649169743699199,15.0,4.982394349262574,0.5289026604594722,20.219115873375927,19.572759871785333,11.497939901130975,39.0,1.5097401321385888
71.0151390262384,-0.5548078351093018,9.36642897913518,0.375,4.970591515897497,0.48491057634798396,19.72658737119278,3.2786963995067637,0.28111298759171227,0.1121667500041588,8.092241654819757,0.006274779757310106,0.0160205447121583,0.3281179894380575,78.07963420807425,0.15355361870340112,9.566620131048314,15.0,4.980107351930311,0.525799512229067,20.55180283689988,19.565644609272784,11.614450112730745,39.0,1.5315533689032605
72.34696431745247,-0.43106211710731634,9.395101246805838,1.2307692307692308,4.970360165909215,0.48906785976970535,19.387237238951663,3.24600716931782,0.34729842924534954,0.11747160355155337,9.889029244990835,0.005615679500216229,0.01625458496477814,0.43886548407572246,78.18117198092415,0.2355022816636605,9.60667623492778,15.0,4.98005458513924,0.5212311331927465,20.303464338288375,19.404764342116934,11.50781404690348,39.0,1.913248882213697
72.60027545496658,-0.5743835759329937,9.393313055406173,-1.1923076923076923,4.969465924907782,0.4874797402788839,19.61664486487756,3.1181493441379953,0.3384914560771116,0.16675977147486862,9.194560393428407,0.007613377575459195,0.019666482020667134,0.45510248485786575,78.49308720064752,0.05263956488757482,9.861043089250535,15.0,4.984620756431477,0.5384046616390172,20.418005291675588,19.562350561390495,11.576840894578924,39.0,1.5304753207398853
72.62545059360511,-0.5179728493009844,9.402182726781426,0.9090909090909091,4.968666865769521,0.48656385998386076,19.39047347541053,2.4577766659329097,0.5018497965510264,0.1720180872845562,10.112589322716381,0.006037971627892431,0.01808487058552757,0.4355505918026419,78.51575309028577,0.5325660409227808,9.730119857093609,15.0,4.978487986969645,0.5187253352581377,20.186106441558998,19.296220242129372,11.594083223388122,39.0,1.6296450579850372
72.15780997523808,-0.6060308737362289,9.434657022713047,-3.3846153846153846,4.9703012034817755,0.4897356640150435,19.57852145923914,3.2770852815284948,0.4159020959210397,0.12749828750359074,10.22469455280816,0.00551570398249117,0.01590199386360835,0.4888889018948352,76.9274216859882,0.4147365920533872,9.72177398621497,14.0,4.981800526329593,0.5250664973475991,20.31021599387931,19.451210115941183,11.51709337400281,39.0,1.6504642521174873
188.4651990619077,-0.5454359701210777,9.36191095538605,-1.9166666666666667,4.895000008733519,0.48974901067194904,20.37988161748076,336.2054953694059,1.1692146344907701,0.705737165741342,9.132892325119258,0.2239185218665228,0.0704066905152847,2.628866484590708,1529.764868821392,2.7790334692407375,11.948713965267382,15.0,4.980585414040702,0.739839254164691,30.557662182072317,21.1508095475224,7.277572992545258,27.0,11.95557489053564
193.80229721586534,-0.38480007542239153,9.331222637116483,-1.3478260869565217,4.892217351869892,0.4845665262472823,20.467517262836164,346.0515697914352,1.179381026869148,0.7201291256691806,8.348958256558374,0.22983072466409715,0.07469789558995003,2.7261662976577976,1549.0992106501167,2.7729803968914313,11.949923832205158,14.0,4.98225886330688,0.7380364830192462,30.62986291787367,21.166946355238096,7.32058768900358,27.0,11.978312222063185
182.45951964230625,-0.5078121721605799,9.364868116110928,-1.3461538461538463,4.902465369774384,0.48518352504372475,20.331721823485825,338.7678586547708,1.092050950398403,0.7138959369382846,8.90523747228954,0.2198977496418206,0.06839138634855688,2.5597992276858292,1615.5451199798636,2.9233039122049718,12.11795865718567,14.0,4.981255149637086,0.747860317738004,30.80681496799581,21.139318194471457,7.2361242524314235,27.0,12.063588512257176
182.79125708618537,-0.47955698744717057,9.376128672741801,-2.04,4.8973627081697915,0.48669988202777303,20.340309790054892,330.7680015408725,1.143495582773679,0.6813903534050657,7.607785485934785,0.23086810782724454,0.07036338133877326,2.5519034050439813,1529.1284858804377,2.4105772803035808,11.880560891259046,9.0,4.9797209916878415,0.750985853137964,30.72402184892329,21.149304413159395,7.2398614111372455,27.0,12.034383204029186
175.93299650808152,-0.4569736417030953,9.358449773245525,0.7777777777777778,4.900186313860709,0.48994464629195106,20.39571130655889,322.2121016143988,1.178600581292827,0.6769016426655593,9.052658023141635,0.2220188165473782,0.06726385156799294,2.57410375405911,1548.8075951928809,3.1903128202714495,11.966145680370198,15.0,4.983345742712617,0.7414117469319054,30.75912662506662,21.146830794926238,7.237874829033925,27.0,11.817328766552095
189.64308843213556,-0.3913497245492621,9.363311291708387,3.0833333333333335,4.893505599233703,0.48764938475431835,20.337799847068897,340.3751053314547,1.2274064077230695,0.717923461385791,7.718574278251709,0.23160799349069736,0.07297314365251333,2.801632816259266,1549.4958561832707,3.3178835691931776,12.037189086295095,13.0,4.9791707567630095,0.7573752750652909,30.69102612112768,21.179959652646144,7.291987114126141,27.0,12.036661471613368
193.38486252178578,-0.4474952902736145,9.352991096489735,-0.8260869565217391,4.890671820868318,0.48470659685506257,20.52272047757569,342.40553212505665,1.227247229331401,0.7323197443783616,9.304754156101172,0.22707429936576543,0.07510444290796993,2.7041396161275975,1523.4519817939772,2.871694751093242,11.85170120299246,14.0,4.981574849679277,0.7371292996552716,30.702687413222566,21.187445573861936,7.2883343043488065,27.0,11.730418457987977
185.17452791600982,-0.41830864348326474,9.413036878428203,-2.8,4.894644361752352,0.4892409357153934,20.599780951800575,331.24881218033903,1.1824790235410942,0.7103990978763723,10.07968253468332,0.23895491081930859,0.07067043529827212,2.7164197361605074,1540.0985595224975,2.8787346817219337,12.010947711623466,15.0,4.9791563395857805,0.75598288478068,30.928462880717642,21.151801557712954,7.252115636283801,27.0,11.94976571190077
190.21853878031172,-0.5472699678008439,9.410318846025596,0.7916666666666666,4.8903915914066935,0.4938401592122173,20.59836843671297,341.75214690766853,1.1998993814242964,0.7212802226743011,9.569827439521687,0.23749342147419206,0.07354251032168424,2.7280400365091357,1552.3459980659047,3.0573637625691585,12.032522666565562,15.0,4.980196651165233,0.760253606903746,30.804774116592398,21.18821631953136,7.305452418842864,27.0,12.069739216340594
178.02542241792418,-0.445886888163145,9.295269794471656,-0.19230769230769232,4.905156636766055,0.4800027817837466,20.449838262930705,318.7370408052026,1.1477198131084991,0.6709394730292779,8.588987720282967,0.20930108903515585,0.06714259619928976,2.5235347149593315,1504.7714813953312,2.7086837364387932,11.834261029844917,15.0,4.9804517509732,0.7308065801560165,30.58835349536782,21.13564901203328,7.226807359979988,27.0,11.870520872747232
185.6381219162235,-0.4861735336771897,9.391041139857723,-1.04,4.8984515800986115,0.48986114621054716,20.340602317155145,343.8051820441191,1.1835263911899243,0.7288434651622236,9.387140139573926,0.22681363081755582,0.0736732352635342,2.609924894214295,1608.493244402005,3.0622306184105255,12.077165532868717,15.0,4.979466773187166,0.7612380599613996,30.844083516553027,21.13748498105272,7.235522441172196,27.0,12.273533510957485
181.23751140155372,-0.4279370397185497,9.378708853492345,3.8846153846153846,4.903587172444057,0.48940813806830213,20.31077563059654,330.854712346606,1.137246768888997,0.6717723188254128,8.898257924045595,0.21400891378635148,0.066709008592798,2.552652054712535,1557.434274765542,2.756715108398984,11.983990192436218,15.0,4.977932128498573,0.7519861580401981,30.708690161841215,21.185132689766686,7.257457286439755,27.0,12.38715742506335
201.35211485891867,-0.4246656716562187,9.397071985581373,-0.13636363636363635,4.883349252068595,0.49107953712708274,20.724899494676166,355.0411090745395,1.254883646518776,0.7264036644364665,8.879473031791585,0.23989060073265664,0.0753433261905942,2.907948788733207,1559.1760963272222,3.405834047702595,11.977063097598393,15.0,4.979598406546883,0.7379974558311081,31.03206942035856,21.18718480859554,7.3216569197871495,27.0,12.16175850430163
191.99146732321452,-0.4750213374107944,9.376622431204492,0.5652173913043478,4.89184951478575,0.485847006523222,20.54316203030443,344.27798413481634,1.1579176470632901,0.7149240496032018,8.95799903392892,0.23282634633217977,0.07384466095947705,2.7204362078365594,1546.0796915920148,2.314732718797082,11.915902684211549,15.0,4.978703016434304,0.7440605578848661,30.74163014319518,21.150714053178525,7.276517609315261,27.0,12.006698492666182
175.21727111390987,-0.43605557824115876,9.371895131802379,1.1111111111111112,4.901349238179197,0.4918694594011046,20.321080145745114,317.75669670100393,1.1618866076510443,0.6788106778223142,9.484229925721467,0.22254529994718264,0.06883717016318708,2.5276498807246437,1523.8446634350103,2.719578200982503,12.029881899282962,15.0,4.979725151281593,0.765159321956609,30.86284406930126,21.156007357530296,7.247815220610128,27.0,12.396858035955074
190.1503310584144,-0.32506147530441426,9.358485679981191,-1.5833333333333333,4.893631258005623,0.4877579237771637,20.280639188349276,347.3548569188173,1.1937120967469594,0.7447417150545115,9.729322803886312,0.22968688130329193,0.07395763135502374,2.702932876589476,1613.22208978151,3.1250707250211844,12.108245823083937,15.0,4.977860234689878,0.7560098793468274,30.67090502614054,21.145996804443925,7.279455299285342,27.0,11.961223434108543
178.61025812521277,-0.45179302568130497,9.372698788827824,-1.7777777777777777,4.904988386185181,0.48594098640428623,20.403002065167286,332.50185679127685,1.031714496217893,0.6987818273250002,9.538744902815449,0.21006786534145894,0.06610888495377401,2.5146676626900946,1616.6128056812265,2.5209038245258917,12.121885711463023,15.0,4.975374820571391,0.743743413973978,30.762946778737795,21.139325356670383,7.2133654670355964,27.0,11.984285386382208
180.0623431770947,-0.5767319268203563,9.312444597468636,-1.5769230769230769,4.90059452846216,0.48096315866872263,20.367259249775643,329.403196674706,1.093011316195618,0.696221700822359,9.495638986572395,0.21872603452384098,0.07009204250364938,2.570239791656572,1564.7900011283782,2.5763411865911885,11.990780204536536,14.0,4.980863420759114,0.7449560026465064,30.747855308674744,21.152114049876904,7.260934439883369,27.0,12.139747554924483
183.85797214373846,-0.47361710256166706,9.29266299665715,-0.46153846153846156,4.902114027689131,0.4801273400231817,20.409675605325695,341.1467356735118,1.0943860105164107,0.6944495216130574,7.952893857587888,0.21543781197773373,0.06801264240230245,2.598786393670712,1627.881736861719,2.8966824337497115,12.072381931712943,11.0,4.9784841767598245,0.7452141363124798,30.848268665714837,21.159679590623988,7.24547788158705,27.0,12.285401224735391
189.02570258257927,-0.41458999819705006,9.35364835130597,-0.375,4.889949243289128,0.48662497957646655,20.336668151574777,336.04980418055897,1.2262773502048887,0.7344978400133085,8.764571200768087,0.2293389615939608,0.07545342283745102,2.718042937308513,1521.6573158427273,2.9896275798724083,12.040332953245594,13.0,4.979927943955193,0.754864149525482,30.760667653894675,21.179964731172365,7.288752137728258,27.0,12.334122493535524
193.62158417311565,-0.4747067461166554,9.393179108017875,-0.13043478260869565,4.890746984529138,0.490532413304357,20.39914419576513,340.74797185676147,1.19788709578315,0.7038662899042782,10.014356424332657,0.2367627527169152,0.0729444721996458,2.7899750142111,1517.451092096217,2.5456766120033976,11.885718447786724,14.0,4.979835205940355,0.7425881256898015,30.90394707593773,21.20097972920761,7.297999052397922,27.0,12.600321559896159
184.53108178554893,-0.4873260731148441,9.339043154434892,-2.72,4.890069393649196,0.4890736160907882,20.3537061570252,334.814375292219,1.2486786525173856,0.7005621344738674,7.518084862516518,0.2361550181440407,0.0738488769977771,2.7185571296426656,1562.5379013782726,3.2441208562913895,12.001908869945675,10.0,4.978030250651097,0.7675492272736227,30.754514094896642,21.148815863856722,7.242222104748669,27.0,12.032245609599435
194.4663001655628,-0.5095102659558262,9.371112796264162,-1.7391304347826086,4.888128797554596,0.48976328542401804,20.377279502985928,350.37162697439936,1.1794412386374746,0.7766735493851736,9.97046678644027,0.24407047351960942,0.07745165671570253,2.7109244988516834,1579.2080146543844,2.572770555114936,12.180757031099576,15.0,4.980016611556306,0.7705008798018219,30.821034902525245,21.176338819872825,7.291801882560789,27.0,12.10682408390495
201.86466252293795,-0.5000146100089693,9.345317689669253,-4.2727272727272725,4.89309221441696,0.4890000695840632,20.463787180920107,360.5103669141006,1.297072662627874,0.7034118511742573,8.496961051307581,0.22916256564814538,0.07589432071923168,2.8186842708686846,1584.7809080249044,3.0193595343076653,11.844873629137801,12.0,4.979770441108272,0.7532765046283975,30.612489478536197,21.18928473709172,7.351274727348888,27.0,12.062688427793155
178.7532622669328,-0.4100311790476154,9.364553719537833,0.5384615384615384,4.89816715728482,0.49061535192226347,20.405062906576045,326.442887574287,1.1974380845764083,0.6970965570175388,9.43899753979272,0.22013784634636435,0.06971572098241029,2.566411046233276,1549.3718930993623,2.863747844088838,11.905896063208317,13.0,4.977304482881998,0.7451676435755005,30.76275538241445,21.145322929366017,7.240660440036813,27.0,12.023394697726847
175.14356936772987,-0.5245969535371531,9.357848620037776,0.4074074074074074,4.90122728086193,0.4870384006433231,20.23475077497971,319.21466107939847,1.1382286224440816,0.6757343550061498,8.837040141565998,0.21712228388623456,0.06831819704967569,2.559364215146709,1549.0904790404247,2.8573136696593853,11.939780097781291,15.0,4.979477126284126,0.7511224801312966,30.769985448192898,21.12891734529014,7.224414119941505,27.0,12.154466830101285
180.7368768263312,-0.5042932092077549,9.394404030199413,-1.8076923076923077,4.897379736496881,0.4925478594111271,20.224088768745197,329.229500625529,1.1506226354463354,0.6888693009521899,9.232131309763204,0.21809929437800332,0.06910472396507059,2.7556387173587233,1562.7244945416128,3.0594614699405978,11.85437617560889,15.0,4.975727275248283,0.7318241642074714,31.01912383357977,21.13094059979106,7.231647430190708,27.0,12.476976759421422
194.74169357726734,-0.4090058961378519,9.311934583798381,-0.391304347826087,4.886862330154487,0.4816517178725858,20.408223284095858,351.4561966300826,1.193600230257862,0.7486504019689109,7.007692235864084,0.22940539639432506,0.0736829447586988,2.727856355204655,1595.5943812058217,2.975066439459789,12.014583551259145,14.0,4.981850057529134,0.7450520533823934,30.732681082325875,21.180816417820033,7.307682041157326,27.0,11.908175114957238
183.95835541403633,-0.5601206495891465,9.313005785009832,-1.6,4.896794563809502,0.4811310818363835,20.467082853555663,333.5830212086203,1.1321237329769072,0.7002668007393297,9.93176721434811,0.22888564299650513,0.07227688050199657,2.5712383767517086,1545.1239027726795,2.7213537566823236,11.965998916482425,13.0,4.980528785592993,0.7544007042688069,30.90964660406767,21.15497914028942,7.2622351370170275,27.0,12.162077817767486
177.37899635112578,-0.42722580995104686,9.363129646603593,0.18518518518518517,4.90295228629168,0.4876594045525214,20.25025296875347,326.94789813555593,1.1414824575631315,0.6707828690788932,9.483072783130524,0.22258460902977076,0.06898191521620878,2.6342352131551774,1584.6923576044314,2.740755230010556,11.98448508485496,15.0,4.981515970679813,0.758345859654497,30.965508688881464,21.146211504481734,7.248105280583719,27.0,12.476628832161921
178.88324423233766,-0.5312972797055928,9.31304137753692,1.5384615384615385,4.903015721473764,0.48066193167731164,20.372864094936876,321.66919919101775,1.1531318405029825,0.6840971083346878,9.31595310467591,0.21801207945417156,0.07328522150428925,2.5297566531799482,1511.9103852940973,2.7360346066653416,11.901467457544523,14.0,4.9817754973161295,0.7572631631397081,30.65889520229294,21.140381853048204,7.217209376927678,27.0,12.069451806729077
179.15862421433866,-0.34175123314756095,9.379587109982442,-0.5,4.899573045778363,0.4885393926787978,20.460697227957954,327.5391438423288,1.2073880089329982,0.6906435298409923,9.795014430428763,0.22201364429259637,0.07132820065479724,2.5833480353646365,1545.7583535695117,3.2553642359393518,11.931317713814588,15.0,4.980196047281485,0.7573540733839214,30.75663157099729,21.157346723321616,7.2510347163163305,27.0,11.91024971672331
195.28170820529655,-0.42064626480771034,9.345606357031874,-2.9130434782608696,4.892299494297969,0.4847880156362149,20.518707165417656,352.1016186203726,1.1662346238050334,0.757980735588109,9.221492114847607,0.2353897765015339,0.07201657208564119,2.74605340994641,1595.3554969197935,2.749568870120541,12.113144070930769,13.0,4.9806640161110955,0.7445797892237331,30.896911113794303,21.209092907100416,7.330839824012391,27.0,11.929478188913201
180.96852533652023,-0.4756889277779842,9.3508405102123,0.0,4.897258268011577,0.48826639147172224,20.350691817271603,336.9710937792629,1.203170512273523,0.691003562524717,8.905486640700344,0.221240858315751,0.06940627148701843,2.731829052948402,1613.492607457275,3.3404383478490356,11.98546558402755,14.0,4.980145802650137,0.7487031779157154,30.804747922809813,21.131821325548774,7.219053060546123,27.0,12.296801900301716
180.61702150469773,-0.5149616721385862,9.330728158692056,0.46153846153846156,4.898839339415571,0.4833158535553964,20.303059922639655,331.5909925633174,1.115243344675911,0.7361696186470803,9.430844522224234,0.22108644066112657,0.07422964890798137,2.599941862418436,1592.5527654303392,2.65135240364388,12.102864531411639,15.0,4.980294340551117,0.7545718780419586,30.731507860780706,21.164399315399983,7.251757060128375,27.0,12.121534909853434
179.38796934688338,-0.44545986903959006,9.359032880866287,-3.1538461538461537,4.89914124756358,0.48575623389592815,20.260684738623446,326.06131205826955,1.1767413495626087,0.674225997639984,7.2360864246885646,0.218493859987656,0.06671814878943491,2.620490714083892,1529.3202921414581,3.0839917515758133,11.945890928929256,9.0,4.979928374030657,0.7402239602804385,30.82576331183698,21.142946476199775,7.230760287412313,27.0,12.266602000467657
193.74052181163634,-0.5072719171836894,9.329279216050308,-0.8695652173913043,4.888282382848338,0.4846707165737395,20.404314341508805,348.7062171983052,1.2448750976050453,0.723124058261128,7.176679308560513,0.23936161594545668,0.07694788004794731,2.7494439738826317,1582.4731285540688,2.417698188003095,11.890510429954256,11.0,4.976032649717272,0.7589110560967985,30.7092279918391,21.194944081017226,7.325946787523566,27.0,12.454266133933942
179.2085491986367,-0.5240515109621333,9.35364882271584,-1.8148148148148149,4.902957338297927,0.4865678677330167,20.462312509914515,336.724983188522,1.100714847397052,0.6839817490621545,9.157215479395296,0.2195567694608091,0.06797381970930216,2.5168125483294257,1635.629867158888,2.6003147561512883,11.977495641964248,14.0,4.979739008974647,0.7395553913527353,30.85138480053093,21.15128490452881,7.23162495638851,27.0,11.934643866817932
194.10328682658925,-0.4877762691730294,9.358236949670781,-0.6521739130434783,4.890205487683121,0.48803723296434326,20.41900114033263,345.7294771862412,1.2063039282413217,0.7155243996903053,8.908270195879654,0.23345580677646308,0.0741751614750442,2.7997824750200175,1543.377339182169,2.8597176864992595,11.93678589485379,12.0,4.981675938766216,0.7474805123600922,30.645116399897308,21.174589133177633,7.306532340644059,27.0,12.199112551979468
191.83454642651557,-0.3400004819836262,9.340100503206207,-1.625,4.892969615704754,0.48794515493567797,20.4704889163038,347.01178586494666,1.1938243458102047,0.7488408898334272,9.551668702378658,0.2243811966444507,0.0706862391224792,2.6410869467005176,1600.5739486708017,3.0743912585202535,12.107980512047789,15.0,4.976819208362324,0.7480726444458643,30.648770207218917,21.169772123876143,7.288496869954277,27.0,11.80571626940938
190.17906551074543,-0.43859777066493616,9.30843036649261,1.9166666666666667,4.891244182734946,0.4843075002105399,20.490427698915227,349.17625096559084,1.2424000304905214,0.6836967752811772,8.679077651967916,0.22692948143817035,0.06896163896328111,2.767808375489005,1608.2845796382214,2.9477317960134535,11.833238963626146,15.0,4.982795508075862,0.7472837247376715,30.80617166315431,21.18651670250646,7.315866093267175,27.0,12.055297142043937
175.87765369246867,-0.5042738316389956,9.319011339633034,-0.7037037037037037,4.902069187812209,0.4839594199173155,20.258496563305854,323.5677124494695,1.1489750973845338,0.6520482548284617,7.701922871089305,0.21948232550483235,0.07052065478882637,2.5778711526858418,1562.592269420621,2.592469017543403,11.87715739037518,13.0,4.984986676508068,0.7519968515713074,30.756135341148774,21.151124221592443,7.228581575726764,27.0,12.083175424548582
181.7955132387386,-0.550197405106779,9.38729091224953,2.2,4.901439402799011,0.487090549792156,20.383440516110824,329.608957995445,1.1539674449471582,0.6473304637914746,8.87693640846886,0.22539409622417003,0.06876818001441304,2.659282767042778,1533.2558078517977,2.0423541582287164,11.728730394225776,15.0,4.979724509402536,0.7429081550698866,30.895104645987367,21.14538563339932,7.243940554750859,27.0,12.04540350877945
189.79549534362798,-0.4869049270374237,9.392730605071241,-0.75,4.890053980626887,0.4882494412311084,20.66789672283237,341.2469788756161,1.1919334395552903,0.7238425124852484,10.540596124824567,0.23432298609450328,0.07488690520559184,2.681819732108474,1571.7761182767233,2.420429644812903,11.895439444655844,15.0,4.976778189463708,0.7532451612416003,30.810157404797145,21.179044561621396,7.280016268740327,27.0,12.5259004783589
182.6677957876224,-0.4894925504467714,9.344369773287823,-0.23076923076923078,4.902779124913826,0.48441380743561285,20.356944565549693,338.22461493111126,1.1007842798456413,0.6991417072933386,10.05870343498104,0.2198204602855697,0.06613014447837057,2.5214796232328642,1612.0547060888955,2.519962004580192,12.039768890293235,15.0,4.983654299751504,0.7317995664121258,30.664313134221246,21.135709403903522,7.231877720654916,27.0,11.9397461525217
184.41040732759427,-0.42190903369331045,9.32439239321703,-1.92,4.895429200866103,0.4838462270520513,20.39783974113077,331.40338140716216,1.326149732800965,0.6799156955326221,8.074255383625168,0.22358706388438526,0.07159599043892077,2.6294159977844145,1528.4046843747294,3.471290125779504,11.822127942236158,15.0,4.983463453660723,0.7553775993683794,30.62358413159108,21.167182075404348,7.262563962666319,27.0,11.727236696330266
177.3279843359126,-0.3964292672238856,9.382049757091872,-4.074074074074074,4.902520012368424,0.48554654109731177,20.358338603323222,326.0881874145905,1.1425562431741634,0.6879099223946682,9.683609389547259,0.21662892548325133,0.0673592504677788,2.5068724491416026,1565.0550830801133,3.1301145533817833,12.060913078559114,15.0,4.979123973928291,0.757182511672042,30.52997407223556,21.136778379870286,7.221876570220138,27.0,11.949047270696866
191.30585728315043,-0.5172177496035023,9.322917868702236,0.5833333333333334,4.891888329501373,0.48724851267439506,20.323320981872023,351.8120487130364,1.143360114224497,0.7600370353058458,8.831367705828784,0.23432920442956245,0.07605306671599964,2.688608633960691,1625.1582449415432,2.5488326978642206,12.119409441246551,15.0,4.982252344297953,0.7558556004677971,30.741840110394172,21.150497882869043,7.260367071550102,27.0,12.176972359716324
189.05212627193293,-0.43034485419421026,9.364758070618144,1.6666666666666667,4.891782994733295,0.48629861215701103,20.250352932671827,338.637182583228,1.1539406926747693,0.745271498412257,9.568466729604882,0.22183537894772778,0.07421086003728711,2.7101774400048573,1553.8477185798488,2.9877319148989896,12.037481385580664,15.0,4.984207248375496,0.7449250685447077,30.378636917654294,21.164962910420297,7.283490522637683,27.0,11.782972846321606
197.02992346616608,-0.5545121962807315,9.37168872413855,-2.4782608695652173,4.889114489770614,0.49155150341159864,20.463392839925206,360.9063663035843,1.1844007080961645,0.7682275771298412,9.70374004641864,0.22672257331863385,0.07226640837940938,2.727472825396883,1635.8526130123537,2.9754760915994685,12.135456055421596,14.0,4.977725770624566,0.743073789664276,30.49558962801424,21.176355445808476,7.324291376671765,27.0,11.705987971138757
194.62947999054418,-0.4877059891413435,9.341569959600381,-2.391304347826087,4.886658450999788,0.48509640585470765,20.590367594339455,346.06102241954335,1.2822760166406628,0.7218394927514233,9.263012611807394,0.23372403888114363,0.07525454692541898,2.7751021491983354,1553.4227727296334,3.1344784276641535,11.905847335439462,14.0,4.979372030556547,0.750959602367957,30.750058553862594,21.175259759704822,7.319764361934653,27.0,11.805183984399662
197.68342153001112,-0.4192727287601883,9.336935936786352,0.22727272727272727,4.888227477155052,0.4833295763992797,20.62855139916633,347.4898823485915,1.2189291261139765,0.728897649686305,8.532993816420728,0.23741162416475753,0.07372778884740494,2.7235310303729987,1524.1737303653617,2.5163900911281045,11.962237643562728,15.0,4.981548952747209,0.7549263477075074,30.606835874971114,21.19681483017384,7.358422124400204,27.0,11.900748043947157
175.33963752926562,-0.5152110682748895,9.351330446923944,-1.8148148148148149,4.9009089039808265,0.48549781825070043,20.399440570997452,325.83314562180897,1.1035674574844256,0.6790312574986527,8.743408255861636,0.2225072212681419,0.0686364432605393,2.500444831708079,1581.7428208407803,2.64190128726602,11.9312376745762,13.0,4.97944124020194,0.7481863077604876,30.83256900599612,21.124368479871695,7.209356602773664,27.0,12.187596785540187
195.14418538036693,-0.393850232042304,9.327741154805533,1.826086956521739,4.890093540396076,0.4808000770870545,20.525210297186614,352.50518767478223,1.1198101044417823,0.766261829748664,8.468109865140551,0.22982507834537574,0.07302588769122272,2.7123757556970585,1593.4537306338698,2.869133205210647,12.113487479226672,14.0,4.977591182131855,0.7378484415020969,30.649106089769607,21.168955991626795,7.285265687320059,27.0,12.005490668642206
182.03938462867325,-0.394834394102658,9.311676658325094,1.0769230769230769,4.896008162832127,0.4796336329224601,20.395180702269723,337.64990500093376,1.094527524011846,0.6940042131458913,8.717458508088049,0.21906918900268715,0.06905571109722886,2.527392603944563,1623.4818732268009,2.46326487258909,11.941289290414783,14.0,4.9775168994999035,0.7438594258388598,30.780728181006793,21.136661466207507,7.230318436626516,27.0,12.093566324135551
179.43194734117247,-0.5299164053341083,9.37395625914439,-2.1538461538461537,4.8998392846892616,0.4889889094886834,20.271117079428468,329.5326693913253,1.1414752778561195,0.7138265059249005,9.835932194264942,0.22013060280774502,0.07036407791205937,2.62887340830352,1577.5953616177337,3.2334700054984795,12.099007871313487,15.0,4.9775755035874685,0.7523723064274784,30.81868341981897,21.143735941860545,7.2440172047076965,27.0,11.993465949491142
184.37756428433025,-0.3126040883913048,9.353102180309778,0.52,4.8915069233468955,0.48564906074010666,20.267622947832795,333.9956254951033,1.1696517794617387,0.7213039826020056,9.583819697803168,0.22652991416445445,0.07259189853114335,2.6841184179168485,1548.548548505173,2.9930904512467764,12.019728713691483,15.0,4.976875898287462,0.7492904957756741,30.775789114146843,21.152160537168875,7.256456657482758,27.0,12.190892574981447
202.59277369635495,-0.4326543840244519,9.333024927507465,0.9545454545454546,4.885337762301969,0.4863013989640642,20.49608534496636,359.80403647799704,1.211924458852322,0.7758779422534832,8.936530101103775,0.2317129062307353,0.07508530713225411,2.7117148320618973,1593.8342260131128,3.2173994537067174,12.016414551715297,15.0,4.9776215918528415,0.7308560815068558,30.794612562037926,21.187122140764455,7.344673956410433,27.0,11.912240327016661
183.53734555495518,-0.5079972760988684,9.354550563498627,0.52,4.896897596585705,0.48657150728146037,20.511635860782498,330.17272553634825,1.202933810588311,0.7135857464911535,8.612177425018599,0.22421357745109594,0.07208288804600561,2.5711686175810327,1542.2524046891103,3.030795143551393,11.99796583497304,13.0,4.978503558979023,0.7513941471523291,30.469732893396934,21.13351701386038,7.248637888536601,27.0,11.933797372256787
184.73273248019711,-0.4749772128462386,9.370361077062016,-1.7307692307692308,4.895396045074614,0.48633317660840236,20.553264415939864,339.61718048744456,1.1721706100939195,0.7131965811777716,9.142284230253704,0.2311373034128138,0.07345410787933357,2.62387933861115,1600.4369360897754,3.01173004907382,12.010749403854694,15.0,4.983189271261324,0.7490952400612452,30.997922893457385,21.16483824821377,7.259265180070501,27.0,12.229605629079792
190.17628677378374,-0.351136307494293,9.272667959784558,1.4166666666666667,4.8943251190755985,0.4813736116560389,20.445881850156887,344.2671805037256,1.14900507552175,0.7240608945832065,8.149216049548706,0.22364713157619479,0.07094758124595925,2.6188658317032427,1571.8135271496135,3.029424909060218,11.990743106654323,15.0,4.979027237063234,0.7385569514762017,30.518420739036358,21.14584019575058,7.283622537547229,27.0,11.623641757482773
186.02931005782318,-0.3819473723583197,9.29454676543806,0.8,4.8964567633396685,0.48161070435898223,20.34599448197131,339.32993837935817,1.1069064945085858,0.7184444994095553,8.034923770640265,0.22261239044182038,0.07096485625665323,2.590257060796361,1586.433909647962,2.8671889064407177,12.049040640935234,13.0,4.981135669797768,0.739580699054318,30.70158221168662,21.170865996632408,7.26495284071598,27.0,12.082272516174196
179.80992402116092,-0.4419372144576983,9.361425728334298,0.6538461538461539,4.895674623965234,0.48927761426751726,20.33088534524959,329.0104920590572,1.148464779989781,0.7101852705377918,9.486599081345089,0.22453437130119433,0.07321774495279867,2.642235165771198,1574.551590014822,2.951284076874047,11.993597074424288,15.0,4.985521053882806,0.7539061531590298,30.808538674942408,21.143036475578096,7.232915277316941,27.0,12.139748447702647
183.32247860497222,-0.3706431911931295,9.423617055882294,-1.1538461538461537,4.900703261331238,0.49332082352755996,20.342880242387317,336.7144695017303,1.0398687146986723,0.691956955196487,10.010349673798412,0.22039608333829033,0.06909487015459824,2.594080826940458,1594.92786065691,2.4825592313242986,12.070209091569339,15.0,4.9802391969946855,0.7497331679094663,30.78384078967088,21.145895784606093,7.257377803484623,27.0,12.215281333181704
198.73544617297557,-0.5108209585294896,9.306818318733285,-1.7272727272727273,4.885443910978814,0.4833343565682611,20.72016572205416,348.3003189947933,1.2966409123060005,0.7419025039146395,8.894236224461823,0.23982755786926113,0.07695698245279323,2.7100828005010356,1530.0799903510883,3.2378519671257706,11.995166802515795,13.0,4.9799656986326655,0.7571882993087744,30.890926010579683,21.20799349593668,7.340006869354312,27.0,11.888050451561043
190.6099393002717,-0.4971098522568274,9.300538268760752,1.0416666666666667,4.894649879294858,0.4805014172334168,20.4543376417141,349.3781641352951,1.191658743717244,0.7284395577754504,9.537116819155683,0.22711519778354605,0.07291780077220332,2.6175674596711525,1602.8989078839213,2.946375405972656,12.03242499902186,15.0,4.980402243638794,0.7556700305401213,30.677505619747535,21.144617228044062,7.262491724615935,27.0,11.90827220554375
187.2882533552416,-0.4334546303623068,9.321478194107783,-1.0,4.89338566435957,0.48277066514467143,20.5104989954188,333.74128614432317,1.236417651646743,0.7063775715691815,7.577378614446204,0.23027997120896931,0.07133278532971697,2.764954286345387,1520.2599243176257,3.3816397919516477,11.919038425091214,11.0,4.979173592847248,0.7479787364356503,30.854722722415644,21.170894476469222,7.283425415509674,27.0,12.049255439703735
180.75934660634903,-0.5580549561866097,9.371337043991435,-1.5769230769230769,4.898605742054101,0.4899114927479371,20.356600692877233,330.0835926426419,1.1028544659438586,0.6823676840121846,9.315714915061443,0.2179307781371905,0.0699573673210675,2.526364008805337,1570.031186681053,2.6191634683123315,11.882790399430412,15.0,4.977661670287267,0.7404757664033269,30.807608807037784,21.15366167421811,7.2357896809868745,27.0,11.934249652862132
182.5449680533261,-0.4419328277053313,9.409333663199593,-1.6538461538461537,4.8963281885787495,0.49168344355095567,20.224009438136367,336.4799861724145,1.1109913552234005,0.7222581167071732,10.597322984502728,0.2168782981940573,0.06965857146891286,2.592855966785722,1612.998505351679,2.887648157311702,12.031083821746204,15.0,4.979578572273775,0.7419057336061248,30.71694237309951,21.131033032209366,7.242322499317706,27.0,11.965051943130565
199.75274553034532,-0.3144482736436843,9.358828971751546,4.565217391304348,4.893032529375557,0.48613079133419707,20.53854064127517,362.64035358296405,1.1075823256011876,0.7352396536936613,7.784187355069763,0.23260197604090005,0.07177830119084219,2.67798536040936,1645.6188004357077,2.7430172321791724,12.099210885042053,15.0,4.977993502169367,0.7410778896535601,30.892133650464153,21.189888879215886,7.324631819658818,27.0,12.411902969871214
176.09427775355994,-0.41506733745808533,9.335812422715426,-1.9259259259259258,4.897181931721883,0.48684331399020064,20.400891321386688,323.16001004397253,1.1555614789495892,0.6963958737195796,9.225270952262658,0.22142784730441165,0.06883443005922867,2.5593441539823667,1570.3725032972832,3.141205739381663,12.073234724962468,14.0,4.978102489214434,0.7481606423685523,30.692159702626938,21.12627250859513,7.226038697919433,27.0,11.829692988446116
184.50062947540636,-0.40974379906866915,9.390025084857886,-0.16,4.894792498489334,0.49049251102580926,20.300692967065185,331.52704898114126,1.3261885873504273,0.6793949920229476,8.983006178334735,0.23057483741638402,0.07047367725474701,2.7678737838919973,1531.2978727147686,3.7336399810893526,11.843193648527787,15.0,4.980957600469182,0.7504238268719019,30.84904503963331,21.129780305904482,7.252995004378418,27.0,12.183124185168502
182.35718132172198,-0.4006555551019692,9.348028433016555,1.1153846153846154,4.897624923004842,0.4830241798216849,20.269489470235786,338.4680614568701,1.1367386911197725,0.7217023716251535,8.915530628657642,0.221164920417703,0.06791226740661979,2.677053754813389,1618.2694730238213,3.336592977722067,12.121557862784877,15.0,4.980177929545588,0.7391037764791758,30.662234937488645,21.139859822631408,7.244813592257515,27.0,12.428984058081607
183.33644174535638,-0.4545680527303144,9.350986433743444,1.36,4.8966800108446344,0.48718723421380583,20.453476487541362,333.40147900629114,1.1858302470406594,0.6974196940602585,9.707234415630438,0.22071030208211537,0.07083640653777466,2.6443305733854428,1545.7502344871973,3.0100794654342913,11.9389712739967,14.0,4.978560693260271,0.7520243821662054,30.754170244426824,21.152576109040453,7.244778020684211,27.0,11.92306025502819
189.48661044337084,-0.50253824493458,9.328525763894321,1.4583333333333333,4.888792353171132,0.4860339593306195,20.339979215765528,343.3068590978951,1.1423014363050064,0.7382992198946735,9.214929764005559,0.22791345634067106,0.0732342881011802,2.6098771234180886,1573.2569603035888,2.7952184237009448,12.056678348248708,15.0,4.978471988708011,0.7429838842397809,30.71470096832921,21.14951681203079,7.279003033359435,27.0,12.068305584042555
196.44010761319996,-0.5065609940891538,9.328613699916115,-1.1304347826086956,4.888170259339352,0.4837859793157446,20.499984731748764,354.2163959741752,1.2449645811646721,0.7163641224894972,8.07198239659652,0.23643001023345606,0.07445075871895755,2.7177055147839493,1597.5952112260984,2.8207265977401965,11.858184009967067,14.0,4.978927483029633,0.7499810798079345,30.75229143747721,21.196609419326872,7.30499140116017,27.0,12.012090969420157
177.70046327187436,-0.32017166341134384,9.38070056513427,-1.0740740740740742,4.89954496541796,0.48455981555171307,20.369122795073267,325.77533325353926,1.0459282800792848,0.6953935361777206,8.666350105013136,0.22455033407813882,0.06973283358777524,2.5758594583350547,1567.2258427594993,2.458882112542344,12.070528580278138,14.0,4.985899074912681,0.7458599097993207,30.845787513088855,21.144797589287283,7.230671290129313,27.0,12.0091356603175
175.9915774595351,-0.5152045818184986,9.350604305053464,-1.8518518518518519,4.907183569690101,0.486961211161237,20.35762001725952,324.2319383815774,1.110088197924898,0.6595135606034901,9.571190195363892,0.2132315798883109,0.06639550331410494,2.482217346386367,1557.0020284765342,2.7394120511672253,11.912315883754818,15.0,4.987110724782772,0.7301633984191845,30.824353328852453,21.123914293580633,7.215723638186853,27.0,12.273087545399747
177.4893507881198,-0.508087147660898,9.36656862525793,0.2962962962962963,4.901489657761835,0.4891845136303234,20.28059295193084,327.6961277053758,1.1599180859086682,0.6973988195815056,9.633332621356432,0.2186986845788482,0.0675585691506692,2.571586165363319,1586.1865952088633,2.8407353245716642,12.012516979855022,15.0,4.979780447835058,0.7482876914735499,30.74041719677129,21.14496971357318,7.230597095278856,27.0,11.871021246964126
194.2139356444595,-0.5332368081824213,9.362507145118968,-3.4782608695652173,4.890405017106713,0.488456562250505,20.54708764557739,347.42472515294213,1.1967599487179263,0.7456718443939376,8.732097537831786,0.2380491523030388,0.07536682645996891,2.624077495695011,1562.4938040759184,2.720356344558571,12.009646796752271,15.0,4.976711133744003,0.7575306260761681,30.595780739059563,21.17354345632641,7.314175165873052,27.0,11.984225958898865
197.28233531001308,-0.2961843964808063,9.431763401270103,0.391304347826087,4.893084268829288,0.4956492735020895,20.541055790448343,357.5908119557804,1.1026844138459702,0.7493810258029382,9.356416679545939,0.23186196890307614,0.07366474169706692,2.6337299656131443,1611.4068622778127,2.5881178213674914,12.09037325092463,14.0,4.978911679156608,0.7463239680338156,30.601111218299458,21.196658864065164,7.333848107380347,27.0,11.733710720780145
195.32717718564933,-0.4624455782193663,9.377838551935774,-1.7826086956521738,4.884519884159878,0.4904056525083818,20.536059150611212,350.69387826567066,1.2562968198485567,0.7666072464946357,8.145185410327995,0.23479987894249557,0.0763244734850655,2.735406128579745,1581.898284105508,3.136066383727671,11.995868923409736,13.0,4.978963986568271,0.7524331194861144,30.70820040527074,21.16356868999288,7.284127169031626,27.0,12.025881748368782
189.3825126236419,-0.36428850285088793,9.336785573949173,0.16666666666666666,4.894713237779179,0.4801684151911944,20.549989148753117,339.33658097619065,1.1010555256709522,0.7186002871112983,9.502923526765622,0.22919034941231767,0.0698850371617659,2.560256179881875,1534.7280645290866,2.240671318134189,11.979153537358203,15.0,4.980072026712672,0.7301942998867619,30.943743813163216,21.190037473506017,7.288174646122845,27.0,11.977963273181832
191.98122923507597,-0.41380451733184215,9.336978623025246,-1.75,4.891612988694578,0.48596159312286097,20.353954327506283,346.65399385942334,1.1576096716192805,0.7663048760781044,8.842369591913696,0.23037500190909485,0.0772257110879072,2.678331221628902,1571.660923184771,2.8313308570010105,12.121397264823461,15.0,4.981356729783367,0.7567083212289687,30.53852297208324,21.186962233414864,7.285304782822992,27.0,12.42083130017513
190.54195483097536,-0.5891269919638482,9.377692867265283,-0.3333333333333333,4.897535582665101,0.4894531819813483,20.36364946144901,343.18506492539717,1.2017598198497939,0.6869664222128073,10.749676997731399,0.22874005220610158,0.06986175463922575,2.7361572278788464,1568.9863735496124,2.724155243256183,11.841165287073,15.0,4.979567557960122,0.742347205942491,30.80183018570363,21.202334329502307,7.309228015876264,27.0,11.952442620452782
175.59492662944035,-0.4380854852305265,9.342881411807683,3.4074074074074074,4.90027363504082,0.4870598838062503,20.368619796517482,324.5628565649511,1.1765955437699342,0.6729860565300602,8.994892621841776,0.22542942955605508,0.06992939924854558,2.5315568260456036,1566.6590101778374,3.0143443031875488,12.013060228351705,15.0,4.9790005763020115,0.7606662353202187,30.55221569835028,21.119558466744945,7.219399392078136,27.0,11.731330288564266
181.99090615667802,-0.47583434160938753,9.33024366577936,-0.7692307692307693,4.899179398790773,0.480664855614448,20.413742247279956,333.79362518826264,1.0639033798313895,0.7196036725360104,9.141232421151692,0.21958499404408416,0.07014994843190911,2.6156745935749233,1606.8607906077186,2.633283659967166,12.160445450252798,14.0,4.978925598146807,0.7515901313901084,30.745820598714186,21.134157512436232,7.231822641726808,27.0,11.938055299372653
188.1673095646205,-0.5400577877365952,9.361823944279477,-0.041666666666666664,4.8915684777474295,0.4902683208377347,20.41864042211988,337.1767526068472,1.2479218090275668,0.7133863018899469,8.951159918630037,0.2369391096480078,0.07607960618804167,2.714266379763022,1538.7282161082371,3.116151192805113,11.953201114522944,14.0,4.9759875799640465,0.7635278123821378,30.763363735273924,21.145418652373266,7.271191923641447,27.0,12.134111130008638
188.87966805163418,-0.42219679682624894,9.360009428599122,0.0,4.887751821476743,0.48781123300181556,20.586737817911892,340.2906501072492,1.1666451635634565,0.7432889428745343,8.597480251019288,0.22703902205300608,0.07332628089467447,2.6746297486210313,1555.6344255310205,3.1935634244989295,12.136897875591817,14.0,4.977495313787322,0.7575448870337091,30.499436263933752,21.147124293684286,7.268392108012853,27.0,11.671385765864173
179.71331089965668,-0.28932497555708375,9.321596571404138,1.5769230769230769,4.897329614209308,0.48550574770490995,20.490564534706103,328.05519260127807,1.268173356125478,0.6933834553294567,9.043370189188222,0.2277639442455654,0.07266932923533875,2.585610787316485,1557.4395981784933,3.4301725715372404,11.864983584787577,15.0,4.980522592271931,0.7592901588733874,30.76696631506058,21.151759354949373,7.2388374810887415,27.0,11.924101563557393
181.43617565399475,-0.48948061760092343,9.345325292482215,-2.4615384615384617,4.899226560913223,0.4837646862793366,20.416043175511977,331.7544411357278,1.1112882975846203,0.6940513398586898,8.572006179467465,0.2246736237168086,0.07016409483198899,2.6013286209754214,1575.2872641302138,2.821980806791802,12.012975371337388,13.0,4.98399486632879,0.7484883299749207,30.850769664107336,21.14188541146133,7.246617101904374,27.0,12.39808091538578
175.09829692260635,-0.518048309279382,9.370068598334793,-0.9629629629629629,4.900801774069763,0.4910485224201892,20.426986924739225,321.1098166786478,1.1161705150705077,0.6810674923332998,9.024581580457454,0.21373235260873438,0.06936638130582962,2.5418621122905143,1543.824628770572,2.808928379982201,12.028341221444924,15.0,4.981135469460288,0.750432722733623,30.66040091290638,21.14751171904945,7.195944258992628,27.0,11.90872790974024
184.63362098464896,-0.36697643134047603,9.360357222142396,0.68,4.892117684112191,0.4871240146003728,20.42822853888539,338.26296735563005,1.1693127915768255,0.7126897371091072,8.665887144430165,0.22426307894909625,0.0712393617874961,2.623594347971284,1588.3719082527814,2.8814648517536723,11.899041992985804,15.0,4.974205101963726,0.7383491765370048,30.770564512831875,21.160837939852613,7.270843226330794,27.0,12.20092391278353
181.26426376963178,-0.4869906555045139,9.341232906484457,-0.9230769230769231,4.898093030759757,0.482347393185444,20.379360345471333,332.83853839726345,1.2040103211773052,0.6844292529667083,8.931030937661534,0.22756675242206667,0.06961025575351217,2.5995961808606003,1583.1859782595445,3.0571854851243287,11.982460361781587,15.0,4.978572859202194,0.7578565267262002,30.713705905538355,21.16087548091857,7.2441780940775145,27.0,12.08743656038719
195.65067187584796,-0.2870329432840764,9.347635730844212,1.3043478260869565,4.8886335741614815,0.4887169450755775,20.420892054900882,350.44884561560895,1.1564513844659376,0.754373389832438,9.710750575963848,0.23282523952558123,0.07225075018010221,2.769892762998922,1571.7956624971623,2.9583505866254276,12.06612078842379,15.0,4.98093585046349,0.7412826197872706,30.831718009363836,21.180270196075618,7.321578024134511,27.0,12.290709326001942
183.39413543316897,-0.5337551275932041,9.390604841319478,-4.88,4.896480560064049,0.4909353270340909,20.463188309681748,332.0660844825093,1.1158926729120164,0.7113640280889155,9.655340491147891,0.22827720590768058,0.0722990193149599,2.5812050705302894,1543.4688285176394,2.3185187689929543,12.022886898589991,13.0,4.983619687350551,0.7622367535927888,30.662399706616505,21.130603061844834,7.2415436676695775,27.0,11.835707238586192
189.01304069123032,-0.44697093454041953,9.349493187797568,1.4583333333333333,4.891023255459503,0.4853114462721895,20.62041980227664,340.40139117831905,1.1618983883912388,0.7448873793889434,9.591572545150711,0.22826662680846052,0.072450126200273,2.681829291623518,1548.9795169719391,2.7511024383918103,12.046510267456165,15.0,4.981681558492484,0.7439820569203561,30.701739576110548,21.176771763139264,7.298016338165899,27.0,12.065064679966362
179.78783135160032,-0.4583874693143826,9.394444286095911,-1.5,4.9000008128780985,0.48899153911278087,20.30399562492216,325.9621549773144,1.1569911537790414,0.6641817508820955,8.205298475797397,0.2217421831798209,0.0675943578826029,2.6085717762015093,1540.9225314631692,2.7843653283204697,11.872814516661215,14.0,4.979676327069058,0.7466608920068826,30.757275045470344,21.10957072965696,7.2157440831263315,27.0,12.521130854586822
195.65190718190618,-0.4348791487566342,9.303860119263256,1.5,4.8883978418808764,0.48501081802665136,20.477508418227327,343.857613020189,1.2754751767086285,0.7615411501537375,8.150571647548299,0.24020733278106524,0.07637044431484667,2.83165804087194,1510.486304849482,3.123405876867958,12.002586258512915,14.0,4.980479019847422,0.7557478383986267,30.69171853055437,21.191974219406887,7.341161465590423,27.0,12.27708980263045
186.55460370334268,-0.44215480900829135,9.349624180061761,3.2916666666666665,4.890277480582399,0.48648317146460446,20.41628225427049,336.24085330957746,1.2997699406352117,0.7153397759644724,9.325052129732157,0.2378218569555226,0.07471355576901922,2.7545064850866097,1540.628973868933,3.335572914225007,11.899069305989581,15.0,4.979292498060072,0.7587320239003221,30.69022201196305,21.158195461278343,7.269400348917828,27.0,12.193005266952774
201.8767306151097,-0.45019925293219,9.333357102675597,0.09090909090909091,4.88577147444881,0.48777610429807616,20.374474639083346,364.26040845861297,1.2196149873405067,0.75701648039723,9.228951929607623,0.23825217031908272,0.07488284680582637,2.8300006918682286,1624.9844270367632,2.9273478580904047,11.957120868823251,14.0,4.982697144453892,0.740574311451442,30.88180202838032,21.179116271897065,7.297020029769743,27.0,12.145553707827624
188.17557789067064,-0.4235742511268295,9.389369050293212,-1.2083333333333333,4.89924086271492,0.49152280065974535,20.34917279439042,339.1337493808619,1.1488230764824132,0.7119444496400429,10.766379640136956,0.21736212751466852,0.06695596055472194,2.7063330077877152,1551.872824687817,3.013774106682642,12.0271543403192,15.0,4.980463126326207,0.7356910470078412,30.628666756232537,21.143730261066608,7.285076075840903,27.0,12.119914320877413
189.82259156559726,-0.343487017916849,9.404152590684552,0.16666666666666666,4.888597246821826,0.4932155542891152,20.366969125428827,343.1252673596942,1.2675376540802372,0.7133760065189917,10.040196987886024,0.23264171915457968,0.0718779124648557,2.723938151550699,1570.3704781585584,3.2524328610394964,11.924961270210702,15.0,4.982505689273455,0.7466383970299892,30.777447020444466,21.17040582395644,7.292164068001119,27.0,11.949748451089626
184.88814156735734,-0.4931491564718393,9.304119341545846,0.24,4.892718286484844,0.4795148138916886,20.548286248007415,337.23054356983437,1.1643427325060514,0.7335966761851974,9.175096729735333,0.2303178250349286,0.07098211986100926,2.653047996403748,1589.3888278525135,3.011044280487778,12.009642433607656,15.0,4.98391453067576,0.74013164537663,30.938922880702663,21.15727681606833,7.251340221910266,27.0,12.124222948869921
190.02935952673374,-0.5155750171514346,9.335087737980459,-1.625,4.889496869349067,0.4872215953879515,20.361341289902775,339.9044508118848,1.325345929636057,0.6859107386235649,9.086677518946809,0.23972440289416144,0.07248200152095648,2.7858849384668494,1545.7704211283535,3.4282140348782257,11.878055778069154,13.0,4.979888858342845,0.7625357036067503,30.678000714976022,21.17880083051812,7.2871871405292445,27.0,12.563100306934217
193.36371355872083,-0.44658034001380764,9.295461945346332,-1.4782608695652173,4.891226096981313,0.48141950908208736,20.545268869666273,347.1929212280459,1.3783113486099434,0.7007311001794146,8.525509370055468,0.2351579810758808,0.07623388824151117,2.751285997264023,1561.4606567166163,3.710658575012632,11.85225333036551,15.0,4.9822389696982805,0.7548918994260809,30.644124895714466,21.16717675178881,7.2889306983476905,27.0,11.654330082858802
183.98900572308506,-0.46892519486701795,9.362047345384466,-0.48,4.895157554854735,0.4881799348035166,20.318357398569322,332.6937938463531,1.173919471120573,0.6913111538085662,9.37281174461538,0.23334018266787113,0.07106693579361972,2.745521290119976,1541.1966089739456,2.531773768020651,11.972607509592951,14.0,4.979831690702648,0.7581503732147251,30.870944269368703,21.163414948162945,7.259884855972434,27.0,12.343247805752174
188.82720574626128,-0.396639427188144,9.375980600652406,0.32,4.897963014233768,0.48581149895260717,20.325243247014924,352.0205032094506,1.0872862123132845,0.7051938938893697,11.400771903691433,0.22516534367442503,0.06808825314773392,2.585517978921315,1656.0987786035107,2.2325764325986195,11.995412417037757,15.0,4.977188877731866,0.7411870391013833,30.901637794177827,21.182368916256898,7.29181728813843,27.0,12.071583542650238
189.3123182927994,-0.5510907070289076,9.344438366041263,-2.5416666666666665,4.889006139476698,0.4877879919164431,20.3993274300684,343.9927288668779,1.289125271198535,0.7026722992541473,9.151407754487222,0.2377628719268009,0.07122363805718634,2.662483640064428,1577.237771311353,3.1435213738609233,11.845475005390783,14.0,4.977390908752215,0.7449640065574169,30.839992403961684,21.14751602108019,7.276291414771733,27.0,12.08638608832199
181.01428062410602,-0.5413517536242665,9.322914212691215,-3.1153846153846154,4.9000807736008944,0.4803911359849687,20.2299508884071,333.65707832419815,1.1559103271370923,0.707891633343531,9.5326440075746,0.22313364435910576,0.06916322625365459,2.594095387094612,1593.9459432017904,2.8911396367394016,12.000539739862749,14.0,4.979505250438617,0.7409387147503016,30.789565024805107,21.13964736467554,7.259677241661243,27.0,11.942597992141678
181.81901274266005,-0.5071878048735705,9.366955137112315,0.38461538461538464,4.896894914290607,0.4842222251960022,20.414581788110226,337.14268884021334,1.0267740232913427,0.7301462003089143,9.663877717788996,0.22136277232993562,0.07089867565018082,2.6112087392274135,1618.5021632864798,2.266976831378029,12.050130648845029,14.0,4.981582900568638,0.7451273744238374,30.6472553816234,21.153161907728332,7.24609698403659,27.0,11.868848155438616
194.3468013729001,-0.4284391785238217,9.37758635342985,0.9565217391304348,4.889921449955483,0.49021097243008765,20.421921789207932,347.4479636038226,1.2475764606468291,0.7284226365518911,9.396938728485926,0.23345228983860464,0.07236385691733041,2.689154236143047,1572.4110064480728,2.906080235677215,11.896293936387211,15.0,4.975692354228148,0.7373525276418611,30.898113768307116,21.1800070522241,7.316985444743171,27.0,12.296409054237532
179.24333891223702,-0.46173648541147244,9.363833338313011,-2.3846153846153846,4.897123648705722,0.48775509673284445,20.396157946967627,325.6601899156521,1.2004696773274919,0.6831917178450412,10.130217261991373,0.22177964302220765,0.06932080410832732,2.6042020105008588,1534.6134789166726,3.069395397956262,11.924596955968319,13.0,4.978631639909382,0.7527095802260818,30.642906745959806,21.142120503148355,7.225183912593983,27.0,11.904238918202505
187.51755548461088,-0.3919481030358692,9.319569202664642,0.375,4.894323522238275,0.48166809856687626,20.50480091988543,335.32179287643874,1.218962833950674,0.7348385442248957,8.736000705891302,0.22944259280141677,0.07437391805492431,2.6604294505141457,1527.9382822851082,3.271992296616624,12.014600651007251,15.0,4.979716356257978,0.7502584605338003,30.435244036441613,21.149945928336674,7.270326790383004,27.0,11.700387960903264
192.8099337163199,-0.4130244874889036,9.363534691805466,-1.0,4.890308867464464,0.48882408766498,20.38954714458428,342.4629432755843,1.2302137532591082,0.7286559703327568,8.973390615059326,0.2243983731318969,0.07380408008500436,2.7308323450059246,1542.1872047515349,2.90389019179476,11.945538072056609,14.0,4.978347667989245,0.7448184944604761,30.456398741536262,21.158956086595673,7.283451754058877,27.0,11.874142749563894
185.56124633947144,-0.24423871232789054,9.383698880844754,2.16,4.893374247364628,0.4868643579467212,20.309752184155737,340.82116855187655,1.0863450983087526,0.7436582233518076,8.412752225045024,0.22579735327982595,0.07060384506528349,2.6376053213728237,1588.3506759565487,2.927809182785545,12.188119147060176,13.0,4.974638904683105,0.7507069807022397,30.711333166424282,21.15854630699215,7.244699878975767,27.0,12.142505032374856
181.8734085666413,-0.42874492741378234,9.31173829790119,-2.0,4.8960088950709055,0.4836806026827383,20.21612788713041,336.54975796569795,1.225969146826287,0.6930448957183682,9.244541008700132,0.21942509212373862,0.06769855732498921,2.606694946402984,1596.0840979281775,3.167545788606728,11.983037950452323,15.0,4.981471743556382,0.7523598866004625,30.591862413594285,21.137617097903014,7.221717531113446,27.0,12.344000697763079
185.2864014720274,-0.5214355916601374,9.392081277157143,-2.0,4.893455710472123,0.4914243440106671,20.409555320060445,339.081645420433,1.198341370028499,0.7214889588291673,9.015542135667715,0.22847270773712494,0.07434223658546125,2.666363372902087,1574.8882901900338,2.9740877472238396,12.023821988476657,15.0,4.98101452155424,0.7549376238469072,30.78670573924305,21.16875868208465,7.283255879034802,27.0,11.889520989648485
181.86125280386943,-0.4850633410029056,9.386330581868036,0.19230769230769232,4.89766303198245,0.4906570023970615,20.36067482121666,335.46765631384267,1.0977412147256456,0.7184486745751922,10.784672994469194,0.22211192609634464,0.07017155698142843,2.5924560056650536,1605.7739424683305,2.550171673484209,12.06899453394972,15.0,4.981217534153746,0.7509322097296065,30.750276853961974,21.146911034414273,7.263539560527274,27.0,11.951980469473472
176.34031620568314,-0.46791365896062115,9.365644996804814,0.7037037037037037,4.9014463981676455,0.4881027710515777,20.323775295866113,321.491743821695,1.1380003876909879,0.6673711407122244,9.439141575905422,0.21711011534685512,0.06764014381774457,2.5500480374188674,1540.3693984755741,2.970332022144577,11.886454098858588,14.0,4.979800341234805,0.7437533984698614,30.874833011211535,21.145932967330225,7.21931495000463,27.0,12.33283426308816
191.49276053226023,-0.4866493987861716,9.353746262231299,-2.7916666666666665,4.889596284387305,0.4836460955638349,20.43424469793834,349.04817870034924,1.1794255745164024,0.7350156360151119,8.631237680013735,0.22952883904906757,0.0723403559134608,2.7396900572784415,1599.4317475805665,2.9682738301230898,11.982419951412759,12.0,4.982367498363314,0.7390410221725342,30.781896359950814,21.193074262099415,7.296036689724286,27.0,12.14091750112533
194.355842772802,-0.36002965215934735,9.28666969374741,0.9166666666666666,4.895377662870206,0.47648090482147903,20.330820028766592,359.3578020170746,1.1451993589316494,0.7282076725811039,8.616441002847727,0.2232019024376251,0.07329664898288649,2.581640913944155,1663.925368696271,2.2820350933265416,11.958755619825896,15.0,4.9826627557807015,0.7520430981537122,30.68618438687767,21.16182468784429,7.2827554039288325,27.0,11.905247665692563
182.1373055267972,-0.31933374653344104,9.31421926185815,2.3461538461538463,4.900081898480352,0.48201307803817794,20.207043829186656,338.33327517596206,1.0944658013556425,0.7033683509402523,9.101742469238038,0.21407514359988652,0.06770888042535571,2.6677402636748724,1611.4439837576256,2.793273409704663,12.017838870997725,14.0,4.9798570374729625,0.7330044526224789,30.68280810268353,21.16425808907318,7.241891994165914,27.0,12.452423003442021
182.46201141433215,-0.41393929101368127,9.246265421956311,1.2307692307692308,4.900361681434547,0.4735305247146994,20.365947073640605,337.3313955284626,1.0732312931326853,0.7217135886472232,7.816686747975534,0.21703125320884475,0.07021532006818014,2.5485043491591917,1610.3088906214002,2.629844667977996,12.08618807913098,14.0,4.981195907771838,0.7439880023489663,30.889383328430384,21.127335369438246,7.230871376857545,27.0,12.56518085172604
180.39985413008588,-0.2695756997730197,9.336394153126353,1.5769230769230769,4.900315260957741,0.484733628667306,20.382215663653362,330.92834804488376,1.1640870888227495,0.7046309162046384,8.110643894210757,0.22005961013011255,0.07022895304821813,2.5619508568307197,1570.229706505163,2.8666580138605635,12.031405028719576,14.0,4.97962899062583,0.759221957449628,30.616618947894242,21.152229464301804,7.2384520923543,27.0,12.042559205764736
182.68365393898742,-0.4516798711963963,9.361362858383691,-2.6538461538461537,4.9008854055806585,0.4891345450609753,20.28016565697701,341.7231990289526,1.157129489397648,0.6830117568902134,9.579394182275218,0.22181077950920663,0.0698677901838632,2.6244205055255834,1637.693849019509,2.7507416838670133,11.930929909820671,15.0,4.980020586963411,0.7565096835918864,30.723193769145727,21.136692656950107,7.235423232520867,27.0,11.70930142507073
180.0851280711167,-0.45646969855740954,9.332609599622414,1.3076923076923077,4.900178893332757,0.48566977803043304,20.495969726872445,329.86500443953133,1.2214298052031043,0.6812521955456662,8.127679348844486,0.21997226961156735,0.07317411017782714,2.589623902430184,1570.6101905746932,2.637823763181758,11.868949242089617,13.0,4.98214104631046,0.7669883736101983,30.68061072538889,21.13290027162587,7.239418743912896,27.0,12.029498746000954
193.34374314450835,-0.3415305212451578,9.3920849743744,0.6086956521739131,4.889599100526873,0.4884749626433214,20.397493560828362,344.2161711419021,1.1940275650958156,0.7332268326596231,9.649235745518387,0.22425028095565175,0.07348100176756792,2.680869191523684,1543.2442338363694,2.9345347216349866,11.984749260261733,15.0,4.974450611814104,0.7421363177888628,30.464260131049492,21.168740063610034,7.300014984758258,27.0,12.310640172996834
188.09928966340408,-0.430588298396723,9.367421863864093,0.25,4.8934485249716255,0.4841457715684523,20.47908559091918,334.1088709091099,1.1810583804458383,0.7127040050028556,8.593844696447956,0.23185714787339642,0.07388666504454008,2.702592755968147,1514.7208522518986,2.8638339881207227,11.931936752602306,15.0,4.979597617006091,0.743869252507797,30.795877051730663,21.157070088472203,7.2817336748435215,27.0,11.744313714678057
198.90757133611223,-0.5944633188884416,9.33325818419303,-3.590909090909091,4.891519678474853,0.48238543923325605,20.587342386398486,351.56863688005717,1.1896089853914775,0.7076604157046069,8.138902600301227,0.23680903543251897,0.07451376780051365,2.788594309993019,1542.5361823118405,2.2221809061997195,11.832548720424873,15.0,4.9789168121117475,0.7471011089410919,30.694864755754608,21.189044274980038,7.330503935476766,27.0,11.969727854510225
188.9569667518372,-0.4674399946379059,9.358920794076028,-0.9166666666666666,4.892865981971257,0.48817854287699114,20.30227142684866,340.99027086129144,1.3062194524918829,0.6988458815602926,9.192010419682713,0.23538633906685033,0.07282634789694521,2.654653288205614,1544.4051448336932,3.3169451619254966,11.873748570505565,13.0,4.982653910485179,0.7545580608213079,30.537037272191277,21.159931414429785,7.262921810464201,27.0,11.737398305533645
185.9940996715017,-0.3874813150922824,9.385237811945014,1.9166666666666667,4.894952489592874,0.489700655017481,20.4458274578601,328.0188330512046,1.2413655330464848,0.6864344305406552,9.673488971869917,0.22008482079821,0.07039873217373786,2.6725083012992155,1488.610942144872,3.1176002355476036,11.83103846061452,15.0,4.977704771306235,0.7427100689908668,30.56216619478508,21.154718743654833,7.28982444234607,27.0,12.04130862347245
200.45665585143868,-0.46464038849970374,9.330514802921753,2.3181818181818183,4.88368978550213,0.4868252987671635,20.418379341420422,353.5996646173304,1.3968432211720332,0.7321510632595544,8.981730768805408,0.2388496706902217,0.07480007903088598,2.813380045528574,1548.1029408006998,3.4926258780758856,11.914657238559432,15.0,4.980452905877053,0.7516415106251891,30.621850404814495,21.15919597758813,7.296406179442715,27.0,12.080698822524063
185.93182877788794,-0.4384651282954302,9.368473029717395,0.08,4.892442837087629,0.49033892552467406,20.261750632355007,337.7447542970869,1.1382082533353042,0.7260313642409236,8.69905742020364,0.2267326795950022,0.07156474572049504,2.761038048616275,1577.6638723945612,2.685181594617015,12.03661681429563,15.0,4.980288751327326,0.7446033210879809,30.596130163169413,21.15106797438685,7.255322236503187,27.0,12.104131031517156
193.59095313962044,-0.46209324661637813,9.362337308635132,-1.173913043478261,4.8951293374126665,0.4841788671721713,20.338273669381426,349.31697677188953,1.1727750647902195,0.7133111388429878,8.932851796029635,0.22458438640712242,0.07000672034810998,2.7973799390239233,1574.2425411084823,2.82330461595605,11.920296768090251,15.0,4.981480598923503,0.727489718800993,30.678584108150226,21.19873166664648,7.3132643073349985,27.0,11.890051532583147
177.43920878857895,-0.3989954058259007,9.339262316842207,1.3703703703703705,4.904959480013745,0.4852098967791145,20.271755396964668,332.3457693555207,1.080283203960475,0.6872475148958477,8.09731619071748,0.21760111089701248,0.06834840332758202,2.533032490373496,1614.444547034422,2.488486786568334,12.018973585012079,15.0,4.977670982301566,0.749916065564882,30.720654896979134,21.163746795397046,7.236290714609903,27.0,12.379069538386183
200.57027891379587,-0.4889989727388237,9.380961004528423,-2.272727272727273,4.886499521370113,0.48979800141770374,20.42158397735979,357.7650789031872,1.1884229704582834,0.800263415778792,9.357456036288623,0.24071912339702534,0.07730252164810411,2.8000786730926444,1592.83340867061,2.8752976265825043,12.231937683489662,14.0,4.981138866944525,0.7557512134106272,30.68261125181587,21.198681271507287,7.345236276730119,27.0,11.943204644661694
191.2275147773947,-0.40133079953100875,9.35979568877323,-1.0833333333333333,4.89609996809737,0.4884256969488863,20.401542573059064,348.7807026563327,1.2176257948281848,0.7185457695761024,9.068795705911318,0.22674338461362972,0.07023270240125919,2.66647439888574,1603.143316166565,3.144678146809615,12.053420554106044,12.0,4.978133321765046,0.7592910754448986,30.524993697397615,21.170011522408217,7.289369804883543,27.0,11.62438923046463
181.74243320712958,-0.5280184181898677,9.35013880293577,-3.5384615384615383,4.895368471797039,0.4884497424528734,20.439987091938157,330.2397351962404,1.2224080021261134,0.6726526943341878,8.522507617753977,0.22855702634137645,0.07028156872549335,2.5968074360677478,1569.4834563743652,2.9215846135219232,11.911664431378702,15.0,4.9789189741412585,0.7592076140681058,30.652583029141027,21.13641258257136,7.231318905421933,27.0,11.997590221467604
184.70498175720562,-0.4108543945008616,9.351263118553378,-1.48,4.896132564517236,0.48593778237179613,20.44226497742234,341.17959827112645,1.1327666136489107,0.7436615108179521,8.899977528061518,0.22503409523012186,0.07294278958778028,2.6346667751614814,1611.6240956788383,2.5212439500187904,12.079995254782586,14.0,4.982504885294274,0.757586093296911,30.766975083100633,21.160159891695756,7.2666976305210325,27.0,11.900547144413757
188.18519124012016,-0.3414725553192317,9.417650093079455,2.75,4.8931482216107876,0.49354547492965234,20.385815238862925,337.2814596710764,1.2479035964810192,0.6776861675167218,9.47474713822661,0.23427486830898295,0.07228670943283617,2.680109933211657,1539.5483802738634,2.714754666409789,11.846297389302615,15.0,4.982242095719916,0.7621459907576539,30.778225633172028,21.16083722952009,7.293264305117374,27.0,12.143554726507691
198.84285596641266,-0.46285070696430974,9.280143975161515,0.045454545454545456,4.885528629679163,0.4811592312082432,20.589280082035522,355.72050567397355,1.296378726017822,0.7305566345584577,8.668004240923118,0.24332524234018893,0.07749190579491703,2.7830215081605725,1583.4829945324118,2.985845533296038,11.856935232851486,13.0,4.978935987614561,0.7463787171442583,30.738364838058054,21.201407394523162,7.3318339357518685,27.0,11.913690789630852
191.0392916448457,-0.4613455032218911,9.358444457230737,-3.4166666666666665,4.892196867302784,0.48700210452167564,20.289428531287637,345.4327741588489,1.1494133031781573,0.7117965553575659,8.396014266040497,0.23627346355559617,0.07408938184640745,2.705837183681151,1586.4179321226438,2.4988462488475327,11.982522637686621,14.0,4.980525829949908,0.7585078869565639,30.825561528891107,21.154626580795618,7.255748232667652,27.0,12.51558306217521
181.32913827637978,-0.3804974762058461,9.329847720268322,-0.5769230769230769,4.896934387686406,0.4820044057887737,20.32124910481076,336.7106317053904,1.1810981789464838,0.6697124427572574,9.703976492310439,0.22130754323580482,0.06958808287115455,2.6133175314777826,1610.3311865452197,3.164535522789838,11.90129433362925,15.0,4.98063075169099,0.7490861880269696,30.706577164207555,21.12633468824156,7.223969182801299,27.0,12.187461093603222
193.23454724502054,-0.5213764771834655,9.35670128303161,-1.5217391304347827,4.8904201877374165,0.4869802762698041,20.488537239623632,343.0693911405099,1.2888355674900982,0.7198905453842707,9.898922054698206,0.23446370909862693,0.07503012084136806,2.7385637770669895,1541.4937086189502,2.9178864309606913,11.846973808401076,15.0,4.98023589452127,0.7498061784568258,30.53485971538538,21.189253603057,7.314762959104599,27.0,12.176240922795266
187.97949973339178,-0.41617478575051,9.358668021430192,2.5833333333333335,4.891209806304514,0.4884459211618195,20.516453556985933,338.0630090138163,1.2112288492116414,0.6961105402051502,9.398212004891615,0.22567630683325882,0.07034083363466284,2.6963790293274257,1545.7705271668556,2.899763957978364,11.875578151900338,15.0,4.977779446655403,0.7433285334585448,30.61150664075828,21.18279544771958,7.2901896844903,27.0,11.903293683310505
184.88086600358827,-0.4319320851957658,9.378770745355679,-3.6,4.897196729153307,0.48776954676349615,20.45562978614259,341.00974601732844,1.1571900355187417,0.7221690041413301,9.583318840568753,0.2248692898290394,0.07240760181438037,2.545650566509128,1608.1889185134394,2.464672866624781,12.00596881463996,14.0,4.9785987863855095,0.7577497762574867,30.636083245066168,21.179146591388097,7.265639409123462,27.0,11.875037022593087
185.13206585293221,-0.3672876066944681,9.325781879788032,-0.68,4.898492774132278,0.48362058597225205,20.42001371331591,335.7295751594685,1.052732526254004,0.7244145692532201,9.115788501276233,0.2208824793815721,0.07113114584792835,2.6001502302737243,1567.65259567045,2.2695261687660686,12.10855257117012,15.0,4.975532243648126,0.7473490017911255,30.81307156791722,21.142065761895033,7.26413886981616,27.0,12.133669377019267
180.1928590286355,-0.4150005929279109,9.3931714597679,1.8461538461538463,4.897848424905051,0.49273705625114683,20.443625461987644,328.0033897451987,1.1633099671515443,0.6808395622581918,9.578390372613631,0.22310543121800114,0.06919153692980107,2.59869997263665,1557.2165839096647,2.855999487550278,11.994513737912845,14.0,4.9817550431915265,0.7561863049325794,30.769991647988775,21.141725848775536,7.228376137944397,27.0,11.697227432110488
193.7947967647374,-0.41723911566085964,9.30280221430378,-1.565217391304348,4.890325669052657,0.4801629720979365,20.32674137415475,349.49319623250597,1.2705790578992397,0.7018170564977012,8.535481377406043,0.23792265252877223,0.07139944051760375,2.799048886280571,1582.0258571284407,3.0870579929388438,11.87612047984459,12.0,4.981022324185085,0.753311008852481,30.815035183677413,21.212006319011344,7.31867932636272,27.0,12.496794335316626
195.48691664797715,-0.47855088183484495,9.36006953009096,2.3043478260869565,4.894961558320281,0.4866377833819624,20.46229665936762,352.25183741802374,1.1377968632526323,0.733324694043252,9.910182653556044,0.22900255647109574,0.07302773536277277,2.6293630567977173,1605.6394435576594,2.5304400579575237,11.967740281787576,15.0,4.9820094964751656,0.7403531164796582,30.583588801509993,21.183521927042303,7.328695842506322,27.0,12.098556479705064
182.24210966677578,-0.43817579086036584,9.39199620983463,0.9615384615384616,4.901446134734515,0.4884759788513733,20.365809791378126,340.145605714966,1.1268722715673145,0.6678628644628054,8.750739613711644,0.2246354316856982,0.068109830473085,2.5224464215260642,1627.4843623775678,2.5266658655077596,11.908577502169218,13.0,4.978573016179327,0.753464280909216,30.925597899741586,21.129521429665353,7.234630705086663,27.0,12.027613487228766
174.39620746173475,-0.5716670226746209,9.38324326796952,-1.962962962962963,4.904033820966569,0.48994204763606614,20.306010147380967,322.09353303512927,1.1849453915446861,0.6680992970133754,9.716276841738038,0.21595876200495234,0.06913870238441851,2.48253266336754,1554.6990951594767,3.0772591798951305,11.91918714874476,15.0,4.981391818371701,0.7523290965703116,30.68885334765914,21.146398974852648,7.238225750629238,27.0,11.870221250420666
184.69153581192725,-0.5194212404949767,9.352073242375344,-0.88,4.895361907806879,0.4875867830914368,20.258856628020876,333.2029323332508,1.2408404006142932,0.6813095986413409,9.056798551364604,0.22411842124592093,0.0707744141301952,2.6611571343827642,1545.9831272419733,2.884152699411094,11.833777751297804,14.0,4.978148646757372,0.7561731981022517,30.69202045334795,21.135587843605705,7.234972103638123,27.0,12.51715389022944
177.38597621513557,-0.49257017442090567,9.337825394468908,0.5,4.897904441518789,0.4849778323074488,20.353783579602695,320.27071806619296,1.2306022002466064,0.66537718412018,8.910883578739325,0.22608102713827466,0.0681380046401643,2.540190024994745,1517.8173546159876,3.149677882248848,11.872651115503938,13.0,4.982917473871723,0.7490554808689892,30.59407151142232,21.139021711343972,7.235735207220322,27.0,11.621064193699734
182.21430291020002,-0.4736598467998704,9.377106286087812,0.9615384615384616,4.899841911008235,0.48655996145923325,20.27850297404208,331.7289398515126,1.102812650382271,0.6814482542965281,9.92464209480922,0.21998165001699055,0.06945191034020506,2.597496185120936,1568.7457143976587,2.6711973389694013,11.971484680038554,15.0,4.980361521255595,0.7490775165872772,30.737834118043573,21.152098961652598,7.261009889055401,27.0,12.231297845861075
183.97191617172794,-0.44838711252379027,9.357238850573198,-4.0,4.8953885353976885,0.4850912428672518,20.449818796381184,330.92927774680203,1.2531088108836412,0.7160462411090631,9.134549797335389,0.22873375669007873,0.07247455971388891,2.7057773365669657,1530.948339580414,3.2132056592959968,11.939137440413013,15.0,4.980953076911629,0.7552047920831252,30.795984157069196,21.148762328532776,7.262465941179919,27.0,11.962384344871396
174.05114865265574,-0.5056452469714351,9.375738787150162,-0.2222222222222222,4.90156449217048,0.4875790124490489,20.303973395478405,321.6391889421913,1.1499653593460328,0.6834543285385029,10.436166932687192,0.2149300467476833,0.06811100334300368,2.595345386418791,1551.47813266609,3.004233656178038,12.053670745534294,14.0,4.986818356515417,0.7591825366880937,30.619786299433006,21.11390649327193,7.202394721465763,27.0,11.656125162392218
178.36273970017325,-0.3424397986607702,9.361515814303823,1.0,4.9017256018947,0.48667534636053433,20.400011705697537,326.5199942602182,1.008029903222639,0.7165049578138855,10.392304845413264,0.2131572138088726,0.06882118870374575,2.4722837213345072,1551.7599277008094,2.4861195515871386,12.119393602909103,15.0,4.980660567195638,0.7399794775339422,30.4857909661533,21.124922622871722,7.2240143059029265,27.0,11.609698798726658
179.06824372793466,-0.34893418547841615,9.348711141709872,0.4230769230769231,4.898875926120786,0.4874145965022578,20.369137841051,326.1240738909178,1.143075726953508,0.700754984582385,9.393832170112296,0.21541665807612181,0.07011912703721614,2.5883544698439285,1550.764233334593,2.9934583800561083,12.047662337329816,14.0,4.979449474641468,0.7433311186432081,30.653635187791984,21.16016307987721,7.264733951799219,27.0,11.730466367705645
179.15664677369128,-0.47345925800887395,9.396415130000927,0.18518518518518517,4.9022423698131306,0.49039946805663165,20.346173186911034,334.3813329628036,1.061019872254264,0.7180838967322852,10.680674957993013,0.21871418944835078,0.06617001882237174,2.4249877304564915,1630.353641289416,3.0635652315656525,12.252844710435083,15.0,4.9779457133594995,0.7419340153107812,30.548881805270852,21.15769870157285,7.238342727123382,27.0,12.146993939859563
192.12752364926288,-0.4258615240057037,9.405839280795956,-1.0,4.887211413877348,0.48937756502791724,20.43938864773973,346.19400780186226,1.2009002410454817,0.7346436568279368,10.04572877727976,0.23561474539130298,0.07066754048212803,2.68238119962367,1596.5486504196897,2.8354724495919323,12.008034505054296,15.0,4.9812823097389725,0.7417151849886884,30.7845037069045,21.165286196452918,7.292823746843164,27.0,12.102109889596125
187.3254915380774,-0.4577271914564487,9.351464128445084,2.0416666666666665,4.8946658986453295,0.48230669433090956,20.46888621801136,333.60080117832564,1.1848033051846052,0.7090703622629263,8.819860007707353,0.22449793522468706,0.07370548260440364,2.658808069857389,1518.314031324621,2.7232164928320355,11.924457914812125,15.0,4.978383859739084,0.7424930016431386,30.685215333378114,21.18875253091366,7.30460980836846,27.0,12.05866485075747
189.8947223929265,-0.3721211392047184,9.379759619478454,-1.25,4.893080127141821,0.4853309502324765,20.437418748187195,342.36631459995687,1.1445829099506255,0.7535334355993226,8.80932271327749,0.22396378270671274,0.07033457378366562,2.781959639226488,1585.6079058896016,2.906584860144018,12.050898907582326,13.0,4.978650743892034,0.7339993655083866,30.79771940220431,21.17579611502306,7.2824563726850275,27.0,12.14195307652275
184.28391980162806,-0.4570596205544096,9.320258782133434,-0.76,4.895311843129285,0.4837877265538595,20.491284387714387,336.04321912218785,1.2433439104121677,0.7049194768042047,8.406093028274194,0.22018108083812293,0.07016582997751841,2.6691383782718208,1573.5671505096855,3.2712519785111427,11.923799848765583,14.0,4.977595375098652,0.7421075184770143,30.699066017800085,21.16963948852516,7.257957833409832,27.0,12.07972649293528
188.97698679965114,-0.4081968157256141,9.312810257801484,1.7083333333333333,4.890310871196612,0.4825457245159602,20.25965059711045,342.32854632174025,1.1998414502117272,0.7253821298764058,8.791469192095002,0.23338414428898663,0.07199767941295297,2.776435650459163,1580.9949838375326,3.112592230963511,11.966681783187546,15.0,4.980083082179926,0.7456223706963002,30.624300467231187,21.14853553058628,7.262132388469638,27.0,12.224675867996453
179.4367291433092,-0.518516640317382,9.391327042857961,0.038461538461538464,4.902006699972498,0.4889842805866818,20.44309995187122,328.8289218212684,1.1939608761173222,0.6866776121727958,10.718355102098203,0.21727928454136397,0.06874707808288691,2.5999732623651304,1564.1950259775326,3.0864415131943703,11.875362716790448,15.0,4.98220185335134,0.7371637454954961,30.784290804339406,21.13305092190568,7.228354129878302,27.0,11.852427779871071
190.49955761093986,-0.4152719351834853,9.321555839079076,-1.0,4.893433992910014,0.4831561055655791,20.415136271004183,350.0478665059749,1.1523733753576022,0.7450069679670385,8.190441583537076,0.23194791026580427,0.07443550934176024,2.6886242141057553,1615.620423578788,2.864849471175382,12.133480080382236,13.0,4.979728481724352,0.7573579220161918,30.731637574091625,21.139567209755313,7.262720834157828,27.0,12.025293234060488
187.3808060518515,-0.41105149709576005,9.321980859592015,-2.44,4.8959192894403785,0.4847257519346867,20.31748938485228,346.57502752210024,1.1442139841252343,0.7313396367783652,9.920000000000002,0.22128182327768983,0.0715200109775028,2.6489118772990627,1623.666761550121,2.9569342273633814,12.122547922586534,15.0,4.977746863138945,0.748781798817792,30.68995733153414,21.178350724370507,7.274520782314882,27.0,11.717414455522622
185.66811399972707,-0.47777363659797634,9.34027564126537,-2.2,4.895260349834204,0.48714501296914525,20.34597088491031,337.8483486766194,1.1488101290192596,0.7189922047119413,8.881441324469806,0.22374310557408597,0.07155715087483269,2.6681817391109313,1567.777074197463,2.8162816724549335,12.021427206934689,15.0,4.979713584572751,0.7583586084156838,30.824639252793414,21.157404136358085,7.245887546512644,27.0,12.69356724152032
198.18626837876607,-0.5165698262363155,9.3198862164211,-3.772727272727273,4.887951562280041,0.4831627814503396,20.491806339425587,347.211401456922,1.262278932780078,0.7372580800577484,8.654645721344314,0.23268819159998388,0.07772327221105282,2.7166944730990794,1514.6053046422933,2.79889131066152,11.954328009894375,15.0,4.9791912072737725,0.7561609922509813,30.507710788595553,21.165818776371317,7.31343180483644,27.0,11.57783482926542
184.3491873807369,-0.532386987112573,9.387146819197055,0.36,4.897082147707565,0.48924308940595584,20.259764492513597,336.0886843319673,1.21937963659617,0.6902939696246009,10.19756833759892,0.22485766758028658,0.07065228704857178,2.8147687281325875,1577.596664801105,3.4405490504281664,11.990315093859582,15.0,4.981070109270336,0.7499812264829075,30.671137310391273,21.150426703348856,7.284214280608663,27.0,12.916499944405349
193.20195637159566,-0.4607517224183838,9.384115437810108,0.5652173913043478,4.891225185090242,0.487832931738001,20.38526106505613,344.1916265418796,1.1393914219523793,0.7373291100208837,9.797187204838647,0.23313523346077375,0.07544911527006837,2.7392667166749822,1541.1969702824358,2.294307303099434,12.020307126649737,14.0,4.980969511760977,0.7510143790771334,30.733840456879268,21.162252661637083,7.311395486113217,27.0,11.99091868221943
181.1344430951714,-0.5357396582891574,9.393511388882585,-0.7692307692307693,4.901286513866579,0.489290634643343,20.32123181935435,327.69067527516364,1.0651967042844157,0.6375084920683182,9.212481885203742,0.2199296778993933,0.06586322355515678,2.593947387936654,1542.50717930754,2.239374568830356,11.798522108020757,12.0,4.980049281297391,0.7287880567150519,30.88382390312419,21.149123862862293,7.242125709479279,27.0,12.22517879562281
189.29286051241647,-0.48878075700380497,9.322431165702934,-1.4166666666666667,4.893525980393551,0.481061801276164,20.3846957194997,339.0274352934915,1.188003280631493,0.702844638792433,8.572809081949485,0.23037927561498225,0.07102107678994038,2.588240317128108,1551.330522564354,2.73934393279767,11.93737307891525,14.0,4.980292996202964,0.7428613049539148,30.617791370210135,21.161844043155995,7.282272022662372,27.0,11.839071231539972
177.0625822115653,-0.41909673396112296,9.408113943688686,0.2222222222222222,4.901971519211317,0.4898406860145495,20.301844263371166,325.2553688543041,1.072054279867352,0.6801464784134925,9.32671723174814,0.2159177997428762,0.0672203117400285,2.548129870877574,1566.8128314167498,2.5833434951650958,12.04474432218897,14.0,4.978226238698226,0.7441587715756419,30.80576445819234,21.131617088339624,7.219467456762968,27.0,12.275085730250595
197.33406992144546,-0.45192421040828706,9.3604502464965,-1.8636363636363635,4.887874626461339,0.48901034365310553,20.528965441535334,348.8656187921424,1.2348684359863207,0.760210419289787,9.28486282537068,0.2362276118842778,0.07698520974634873,2.8062666161971648,1532.1781499364633,2.720978380324534,12.0116656844895,15.0,4.981224431679044,0.7541006332612321,30.748346372778848,21.183988406348497,7.33992501714926,27.0,12.293949203297203
182.8033397650952,-0.4211391609672631,9.378608238773742,-0.12,4.894516477164567,0.4900234836185124,20.474551953007104,328.4152246743977,1.2114598851105352,0.7056416257617805,8.999199964441283,0.22469577735184046,0.07317849612870828,2.673590821222266,1531.7103926461766,3.0690070154280997,11.968280766543877,14.0,4.978595919961362,0.7539645230832115,30.552305051941993,21.156472846714518,7.26890957473116,27.0,12.063698834640263
184.94053235813888,-0.3919274410515225,9.34704772670558,-0.6,4.891692722304305,0.4871425870496909,20.247856294489644,332.54944621613686,1.1895727978403658,0.703590901699564,9.239047569960878,0.2293655270561719,0.07035795909761944,2.675064318656056,1541.0380732964313,3.0268572456780527,11.972671801625225,14.0,4.977790953265183,0.7446407157773305,30.86972960612935,21.1292405735228,7.245425832041546,27.0,12.254066304810223
186.77370550860243,-0.36421247354148995,9.369350984132874,-1.48,4.898028121741552,0.48687144453622927,20.35328138215902,348.0921485088868,1.1431749934046507,0.7053813118384024,10.639999999999999,0.2221563174627261,0.06817078018597951,2.5870309560703966,1644.2417006191745,2.880022176263769,11.921569200079004,13.0,4.980051509113936,0.7303829924680132,30.671629658962942,21.141445211855945,7.254549836899589,27.0,12.675123611645517
178.53480072507125,-0.40451126160405904,9.39736890642117,1.5925925925925926,4.900784910438028,0.49166238892593916,20.365903526433552,332.49370163879775,1.1304881086809746,0.6639556942380569,9.757273675302951,0.22465967280446422,0.06504116532856256,2.56314430273096,1620.2311587194195,2.4326710818363244,11.891863791478952,15.0,4.978630595702009,0.7405077736287453,30.885821194575875,21.135698408787206,7.228362573436486,27.0,12.238639068688112
192.36375259747805,-0.42385919257038623,9.354380505842228,1.2916666666666667,4.891811988890713,0.4869784486379578,20.422443183671025,352.6112894570537,1.184906996502219,0.7031649473318188,8.575542580825747,0.22880013242543012,0.06965545753737214,2.7525551724074817,1623.5775849745748,3.0542084383277053,11.986463823525982,14.0,4.9832758689799315,0.7409618476264102,30.890307269781307,21.18541337044217,7.2719349265877655,27.0,12.334141492991211
181.71341844541817,-0.5282236020697131,9.366751110548787,-1.6538461538461537,4.90095332098657,0.4906079022629536,20.357463161201853,336.6529400535653,1.1052173540611772,0.7089279262088641,9.48659908134509,0.22272520942240218,0.0700849930095144,2.6300906927022534,1611.3782885207681,2.311151810238344,11.993038800974562,13.0,4.983548796529572,0.7449930615571214,30.681892333497807,21.155976947771553,7.237591346274092,27.0,12.223414324796614
186.14724574374725,-0.4634021148011254,9.351492524128412,-1.32,4.8985792000207455,0.48643485640590006,20.398639481273584,342.06422324787985,1.190332995743221,0.7050113286514231,8.254550260310975,0.22968204866015507,0.07054951456054658,2.6507478420163233,1602.9354674308686,3.071031821179089,11.929436340935826,12.0,4.982672076384131,0.7421394255401542,31.015235125656297,21.15759079723668,7.252086275639259,27.0,12.242344263413905
181.73300346191556,-0.6135498871998893,9.35980887494487,-4.269230769230769,4.897169866499899,0.48877409358343754,20.475062282743103,332.970386365576,1.1582709438503507,0.7013543867718498,9.066242086009515,0.22165434600766623,0.07243088029883912,2.609755251034548,1569.5334190304698,2.833745368997164,11.972742390182114,15.0,4.981923148874776,0.7602597482596167,30.564455372405313,21.167479570669258,7.256816099508457,27.0,11.758419624566528
194.76772186072796,-0.333709981559106,9.329609991232882,-0.6086956521739131,4.884347710034058,0.4854985141245401,20.63811289835122,351.15938435953115,1.2280423335947606,0.7415245870123333,8.524844154815625,0.23809050554146713,0.07639283880619027,2.740750000862657,1581.4943196520815,3.155858036381865,11.995646182628231,14.0,4.978971860169002,0.7534955175329783,30.69567040169055,21.173507392394136,7.309274752044363,27.0,12.427779557055302
195.4764020637548,-0.3854586654772538,9.413121047602079,2.1739130434782608,4.890549451409205,0.49196451156337057,20.378333658135713,348.5107120356013,1.2642823158511125,0.7542936837456776,9.823008367284581,0.22965426994359464,0.07427412414477146,2.8152222560580955,1550.255799630791,3.1423398106521003,11.971359812086822,15.0,4.976798246671635,0.7460541671355928,30.891746416265082,21.176779486621037,7.308833014222482,27.0,12.59639933941752
191.19313631483394,-0.4444180669972708,9.342942342710478,-0.125,4.896100225044104,0.4857671163045367,20.399828518941575,348.29390107799185,1.136236984182978,0.7161770501430452,8.560142619528408,0.22576858106342132,0.06687054429050156,2.667708762041759,1594.8062927486137,2.845620693760633,11.957616071943784,15.0,4.9831880546213885,0.7174353173139371,30.863863002041185,21.153891697785884,7.271911459458263,27.0,12.31045091284357
176.48731131492193,-0.5348987663440797,9.326718417278288,-2.1481481481481484,4.900249167582031,0.4836404836611035,20.35198248239814,324.5547054493987,1.131821421598169,0.6975152915878131,8.320896068661087,0.2182490855292686,0.07096575140994918,2.479684536744099,1569.5506888681107,3.026018470715087,11.999962367737968,13.0,4.979811150184197,0.7518681936752015,30.74200763236106,21.16140920962743,7.236993458421668,27.0,12.375886568445814
193.24656284890796,-0.3290898392807761,9.329404863485363,0.5652173913043478,4.891173639497163,0.4839407940397153,20.34440155781994,346.6320555298581,1.2763330459941988,0.704584633803208,8.42783218790714,0.23469858404760996,0.0719106152372932,2.7541966746544966,1559.1197272161912,3.1650508077561117,11.854163839328839,15.0,4.980000863502294,0.7413625754920546,30.65464631885941,21.161258368766042,7.299908528899724,27.0,12.08295041810985
187.390323611695,-0.4971564344837905,9.345794702874002,0.64,4.901520891625236,0.4844737303051138,20.435938838201224,346.57453324226793,1.089409076113373,0.7069222136808074,9.333295238017493,0.22416999327205073,0.06885221823078383,2.5846846991275085,1629.0226209323368,2.685155335360939,12.064312447231853,14.0,4.981555257327985,0.7413255411550592,30.91836176608153,21.17071142379865,7.275745099454158,27.0,12.176064930241285
190.87310840669693,-0.47941002899271673,9.382681923800806,1.0416666666666667,4.895924172860987,0.486843227112211,20.58457145515583,342.9143785442005,1.2472623930198015,0.7017900972334795,9.641400169177826,0.22521128546180466,0.07161800646631533,2.7118871406421468,1556.70649883496,3.078309242011981,11.945059932645597,15.0,4.981092600623004,0.753133513200846,30.56123427284623,21.19693198154543,7.308333673869117,27.0,11.844929353825808
183.7158301198128,-0.5289686438011336,9.329845592024443,-1.2307692307692308,4.898371457361993,0.48343997272507744,20.41356098043685,338.3261905056116,1.161225063408696,0.6998937552521943,8.252308265932406,0.2161789032426457,0.06671872603552138,2.5947586988973432,1621.7134859458447,3.126379625434184,12.006327796659912,14.0,4.980557305802279,0.733909357300545,30.87691240205467,21.12495604393994,7.234144090543093,27.0,12.516756589900666
181.61674764530352,-0.4647492317534076,9.332190415433487,-0.6153846153846154,4.8968280383372464,0.48412288517521074,20.35282137084369,331.455154581989,1.185018293958525,0.6776821863132445,9.203163850115404,0.22472077999710982,0.0693954340881323,2.5584928596733105,1590.3724297136416,2.8818904935005003,12.007142379792093,15.0,4.978413251480042,0.7563776452011833,30.580543350697734,21.13553012758626,7.2260773369428035,27.0,11.765079832581208
191.98195884003061,-0.5205900834858885,9.337370794174102,-2.75,4.891949519890855,0.48378514450844595,20.55184099773329,350.4125975404959,1.1354360929240337,0.7525088558523937,8.766650823813315,0.2388670397376316,0.07266256225290839,2.658499916180569,1619.832819752141,2.601630535094419,12.080918898564557,15.0,4.978070414739729,0.7494406759910961,30.831663223375482,21.148691195594722,7.28290744937352,27.0,12.10683922830238
175.8446443824356,-0.5358412062491067,9.328847891885676,-4.111111111111111,4.898743880894182,0.4852305949668928,20.400867768357134,325.83113689994457,1.1664819434541789,0.6947281465161802,8.731947868617112,0.22009631311379826,0.07082257088444387,2.5442174844953063,1584.3522489852694,2.9778230294089205,12.072418230373891,11.0,4.9768683086500385,0.7573609044571871,30.75211904789849,21.135173401063977,7.231368634771598,27.0,12.102780758354875
182.1061741051408,-0.4448424858891945,9.36922938143745,-1.0,4.900103170471319,0.48667675616706074,20.220218703413387,334.69360156919043,1.1441212242532688,0.7202207291458655,10.023050357128735,0.22391762779689767,0.07130741217787227,2.614101496868405,1611.3831668334346,3.2773054341708034,12.178013034796006,15.0,4.977512872600592,0.764016349144006,30.52444438313347,21.151266960615366,7.2509802323719645,27.0,11.977828763055928
195.9202548780964,-0.41902495946184176,9.371215838650404,0.7391304347826086,4.89469531657375,0.48872765872437346,20.50508746221241,355.9544965380525,1.1604158323212568,0.7405198981781547,9.03239287138169,0.2260884918634563,0.0764336860293185,2.721928219816129,1607.2881112556686,2.353334002308634,11.97233609169366,15.0,4.980154837560136,0.7570078626376783,30.76218036488925,21.1851811785265,7.305176521730692,27.0,12.076941782999874
186.38465230575784,-0.4034768814856499,9.400104412094874,0.96,4.894415258547428,0.49234835299947044,20.505146201309607,341.9689181047844,1.1483773445485037,0.710485566646958,9.323003807786415,0.2242095341440747,0.06794622283257626,2.6155038582363153,1605.8939389598927,2.9850840514401953,11.987532757114483,13.0,4.976381710028958,0.7333908035034766,30.934637769018,21.161441418216654,7.2683582521198975,27.0,12.550691287442628
201.1469140274689,-0.3883834234242172,9.360036171239392,1.8181818181818181,4.883446401502711,0.488224903258447,20.480882088239067,352.7929600900197,1.2165192694417373,0.75548416668441,8.778260148780587,0.23449620974705998,0.07158429345817434,2.811440393934516,1539.1536311279178,3.0440575969522827,12.028981894240099,15.0,4.978395210353318,0.7406281875399566,30.82717573535702,21.149854845670628,7.303131133408455,27.0,12.238400160893764
180.50755553788682,-0.6051017868917548,9.323775904879161,-1.4230769230769231,4.901177128264747,0.48542647236134595,20.50308508300882,329.2990129486991,1.1525994715385555,0.6863253018864223,8.33054193879863,0.2171193711993907,0.06932102820742052,2.6449532580527157,1557.7589559473727,2.5264247637127157,11.906304277612223,15.0,4.98247478252715,0.7545828832063937,30.694873817266565,21.153807519408588,7.247598717498594,27.0,11.976073688393615
183.6657382487274,-0.3525393838493837,9.345790577014945,3.76,4.90454037154745,0.4887423417393506,20.378254067624002,328.90817857423303,1.130638043447677,0.6774243360714769,8.918654607058174,0.21055276673655526,0.06758199802721125,2.5946292620236813,1516.8037394623673,2.682447852240022,11.839677058550556,15.0,4.981469684534025,0.7296279881017383,30.75865961292199,21.15454565043895,7.256716209331018,27.0,11.793900906603987
184.87138201682336,-0.401954569415075,9.364650016323353,1.64,4.896890282504068,0.487079586197912,20.42838837837783,340.5164375938362,1.1664530401848325,0.7083991631649362,7.989392968179748,0.2241913897210036,0.0707302582953651,2.6714578983629087,1597.7391957498196,2.9855002007228006,12.020594461450921,14.0,4.983962255175659,0.7493438316144226,30.789008017539608,21.163302747639186,7.265171577347898,27.0,11.943909819417932
182.8913374759561,-0.5803600612315329,9.3334457619032,-3.28,4.895351247658702,0.48462511457765833,20.429919733188495,332.5518226800057,1.091622230119513,0.7367672687473834,9.23263775960045,0.22333191291854831,0.06992333519229642,2.5572062804315987,1559.712644488638,2.499850044760834,12.086910968475932,13.0,4.9807484996204785,0.7485026869094225,30.490685154889906,21.16377624828318,7.255479792080997,27.0,11.803276027318379
181.0950600154953,-0.42145531723913854,9.353593568155208,-1.8461538461538463,4.897880428449873,0.48776510891135305,20.45650303916602,336.9970357535498,1.1324489202797658,0.736346694662325,8.981572192731871,0.2207380074150092,0.07245899290316021,2.551254932661618,1614.335191543314,2.6217522505837327,12.155015493944374,13.0,4.979434663033482,0.7571373436235097,30.643889917531958,21.150612915225892,7.225790851872771,27.0,12.073431572447465
189.79908207267658,-0.37836676629446414,9.393172379851672,-2.375,4.892319114186009,0.48774030333391855,20.527140654791825,340.0116152049625,1.1892865670517792,0.6985867308039384,9.339934421611321,0.23039348613287647,0.07101441216027368,2.670254364475868,1545.9212172238547,3.087643437088365,12.035518012459281,14.0,4.978596000406918,0.7578210193634057,30.618836511396385,21.17346278992423,7.282397582736319,27.0,11.52637430159442
190.9890210936492,-0.35011267345264985,9.337739509210257,-4.416666666666667,4.895754189471401,0.4827828312580795,20.321514770057824,349.6306939776604,1.090384016857287,0.749815674592879,7.604366435732097,0.2282687540038961,0.0729128052870593,2.7161803830389033,1612.341193958268,2.535472568043835,12.188796058570356,9.0,4.9838436213641355,0.7582784331746684,30.604097165392695,21.175622158192397,7.276103139402664,27.0,11.962247722422973
177.0944784298867,-0.4648786986219408,9.359410775727666,0.3333333333333333,4.9036460127990935,0.48494274596992615,20.305755460614872,331.5634783195098,1.095347480536299,0.6909830766883586,7.874007874011811,0.2206378549717611,0.06784310238913596,2.5563538387910265,1614.7343880728972,2.8241356172222334,12.159860402623513,14.0,4.980405842541383,0.7539664770124249,30.60536954295574,21.154819326815453,7.218526133661497,27.0,12.21300626224583
196.31143441325315,-0.3789832249617394,9.340141804476604,-0.9565217391304348,4.889377104546185,0.4866357718243041,20.647749053417243,356.0731369535912,1.2444157487950767,0.7581263405980807,8.980550292374918,0.24027372202700026,0.07394801324678667,2.7176409077922883,1615.7019257928475,2.944843506509281,12.004739820752489,15.0,4.98008336308493,0.7554288060214295,30.695871562518025,21.174181615524347,7.284678695894479,27.0,11.608137782736467
185.21992059444784,-0.5658930050028024,9.350874190206312,-4.24,4.895490036561443,0.48507969351694014,20.405544788485322,333.2992774222506,1.1548122727597936,0.7084740562336105,8.505433557438446,0.22676862218015748,0.07351220548645347,2.64570456082122,1550.0971510466295,2.5328814290597066,11.983309826518518,14.0,4.97957895137503,0.755300337080459,30.894315348147135,21.175089301691713,7.274512052599472,27.0,12.258956840068695
192.68850610935206,-0.5419942440133244,9.365043403477635,-1.8695652173913044,4.893392430692258,0.4901671673377814,20.493596973648472,339.7800298180132,1.2587131810625158,0.7175676331640244,9.57943607229246,0.23164994706816983,0.07257816152510205,2.6781897253023397,1520.9222637927921,3.076516664070346,11.888578760146585,14.0,4.9813476565144255,0.7434079483308716,30.61643424441001,21.161210885101283,7.296673906377269,27.0,11.979861394747157
179.7574904537566,-0.5225039302507549,9.337881804319098,-2.6153846153846154,4.900897374648957,0.48380430255282775,20.251588581808715,328.22488770188716,1.181414956631655,0.6491687468220322,8.735766106498938,0.21903535580743932,0.06881492038610079,2.6710895516217183,1551.0073969213527,2.836171035758295,11.816907923066902,13.0,4.981883996663205,0.7503159679369463,30.815968689305077,21.133298143755667,7.23769571643123,27.0,12.324543916814466
199.4797610418258,-0.40556840439299013,9.282137043705587,-2.090909090909091,4.8828338906356485,0.4761159097220064,20.437521113891965,355.7646804558681,1.1807885460235112,0.7719013018732473,9.199353193217103,0.23272550753803337,0.07469076026222612,2.9136934057080497,1570.1373085062605,2.9134771919698172,12.003634396849536,12.0,4.976385432602685,0.7298770946040813,30.953730983878533,21.194962194576874,7.332029367101587,27.0,12.316781239897974
178.78035036446764,-0.3511622436492188,9.377790762912774,2.259259259259259,4.900530946401616,0.48661985536781666,20.397486019603974,334.6831173866599,1.0562682612603371,0.7107350308670533,8.821659340814358,0.21856339598342725,0.07114161141528416,2.469440990610237,1640.9294743439393,2.471912285468858,12.031449382623045,15.0,4.976867111101199,0.7509699723248906,30.684838538516203,21.12302434079322,7.214077640477505,27.0,11.781023979947868
185.1819201049965,-0.38630708893064536,9.390800996158962,-0.16,4.894825219136502,0.491919407492482,20.5016640956767,338.05152421652247,1.2108616069209472,0.7142535608875528,9.493913839929242,0.23051727497771984,0.07281123851524117,2.6505011271292456,1576.2494823261375,3.0340283558841405,11.995560867166985,15.0,4.981268200314808,0.7576197412627605,30.833313136330663,21.147682621709464,7.262187501079485,27.0,12.029052028666019
184.56345196530728,-0.4820408528524433,9.305373970407272,-3.76,4.891732538808427,0.4827362072189844,20.36393602264347,336.0914481772491,1.156167855058778,0.7418631932610147,8.90518949826448,0.2279395123543936,0.07198225617544676,2.6656130126303297,1560.9086556820885,2.9143196205993678,11.99160096740248,13.0,4.980530771889329,0.7494642322157837,30.67914861120903,21.14293883039438,7.236012198892533,27.0,12.376698728359983
178.78319780785296,-0.476132565309003,9.369970124821904,-1.8148148148148149,4.903318890253619,0.488332513445275,20.216197421179047,331.72991539599326,1.0759129322782706,0.6911010890405249,9.026861302008935,0.21009489925433697,0.06781632918010017,2.5493296498036426,1613.8976547761495,2.6979511264564406,12.088850055304894,14.0,4.98045568489214,0.7538031974929895,30.49178781109187,21.11862423930497,7.219258378079816,27.0,11.894630464122244
189.34607889679913,-0.3646314760405916,9.38565138675837,0.041666666666666664,4.8925854256834,0.4899759243019886,20.413615834138778,339.02692183998346,1.2699622793737568,0.697534760322248,9.382959584030806,0.2376892224929431,0.0748357706919127,2.6713631592219924,1537.1707953398268,2.9401119652285788,11.9255035794684,12.0,4.982236483315905,0.7617623617362048,30.751025782592528,21.14599434590543,7.277393997405217,27.0,12.480865015422005
178.08087647758677,-0.4682872300315543,9.292523150075635,0.2222222222222222,4.898698022567918,0.4823452239753908,20.22038252430896,330.65847914747604,1.1001360843048231,0.6868167125740002,8.629550150643377,0.2145087205016979,0.07056251090138362,2.655863874134952,1611.6083128190899,2.953382077391641,11.988983850702779,12.0,4.978047455144209,0.7506134644832089,30.7073486177811,21.134764127214805,7.231314233664171,27.0,12.42871199235443
189.629959444192,-0.29485628993329815,9.335735961162301,1.0,4.890918821368528,0.48752325907025335,20.551443957528765,343.23271534654725,1.2489972370821647,0.7317019499055974,8.827041784576908,0.24134670528926666,0.0769011687120879,2.6798656633681213,1581.469159790524,2.861606108139359,11.963534466841184,15.0,4.982439660985102,0.7684433661072615,30.751965540176144,21.188673135597362,7.302620133587925,27.0,11.732097982512855
188.97455711628564,-0.43568648029374063,9.376194629685026,-0.125,4.892851785471994,0.4896108384955604,20.51659810014461,337.8104651908763,1.223333596170561,0.710475397802359,9.53638864210836,0.23198577617381178,0.0730786214475202,2.718648947296002,1540.9235070179825,3.055963035697471,11.983943672722898,13.0,4.983141512057828,0.748262080928929,30.9414278129857,21.173013003744128,7.281082017167668,27.0,12.230263128043187
190.73184436044718,-0.4250948609739575,9.380913655446664,-1.625,4.894663454560846,0.48729604149184724,20.55819821646677,342.16554275089806,1.2333283146843979,0.6926231368142937,8.370645634198913,0.22990679314548143,0.074484594709436,2.621319720379527,1571.2719965017127,3.1167063846029013,11.94673235705378,12.0,4.983091629153067,0.759833940873016,30.70042497429823,21.147290314195907,7.280166447681088,27.0,11.584737354433702
185.5229472772061,-0.4991861796103619,9.31830241066574,-0.64,4.898320693842302,0.47743781352093734,20.54554038350373,337.7775996491643,1.0552918919400236,0.7383105227515241,9.142778571090956,0.2184959705413543,0.07323235772764332,2.5258375775601776,1578.3394265892225,2.1171823083767993,12.092228504941005,13.0,4.984858727977347,0.7468934115472055,30.75172310281406,21.155279134327582,7.239094997132168,27.0,11.917501534176775
196.21916624864735,-0.46057273376009594,9.314215346346712,-3.9565217391304346,4.892016324111602,0.48386008258022906,20.404326816172585,345.7519680039212,1.2694994505900181,0.6996309426483246,7.601362926244472,0.233166723288969,0.07314678472405528,2.82993494695236,1542.3353398836098,2.9909891374404873,11.788524450141095,12.0,4.9811197715881095,0.739881827321611,30.657369271374222,21.175024495510876,7.318650066668979,27.0,11.767542529070248
194.3417966924658,-0.4619485105593595,9.371332615912985,1.3043478260869565,4.888681755393527,0.48915545323207826,20.496209242998255,345.49073108779737,1.1838041223954898,0.731860249505345,10.642142570352675,0.2333266443506949,0.07414378350188783,2.663552695309645,1554.794418505394,2.5621900199125855,11.902210149628697,15.0,4.980320135538676,0.7447540253328151,30.64142492306571,21.187439811811807,7.295632351751373,27.0,11.995284613658082
192.785412150539,-0.35970170159571546,9.324312179780204,-0.8695652173913043,4.889380387058151,0.48275924188283215,20.423229231348696,339.83497999931546,1.3148933421875804,0.7167356705673017,8.216125966531953,0.23644957402280206,0.07435329212520064,2.820509250836896,1516.5813316708957,3.3863286971151654,11.779644312555495,14.0,4.980789933650428,0.7412981390309051,31.032524046590602,21.193193190124475,7.314706640470028,27.0,12.231093886299881
194.55177274386574,-0.4332277935648696,9.31576891915287,2.5217391304347827,4.8909707458473255,0.48336048084620586,20.548770531280763,348.63300191674034,1.2242006794449927,0.744542618347449,7.845627778342208,0.2265324596302736,0.07157267459796962,2.731367419594646,1570.82621760437,2.7253375107614337,12.037190108766385,13.0,4.974680997253973,0.7477459699306721,30.705913109078367,21.182692154285036,7.293272866125561,27.0,11.940434292388794
174.12618288474528,-0.4243942617437462,9.337422164309825,-1.2222222222222223,4.901873027476015,0.48457810148050506,20.38330100505622,318.86272123380246,1.071844531604628,0.6983634122408703,8.638129655811914,0.22014536300633394,0.07013475614725113,2.4649227722789115,1537.8529697491263,2.599982452790351,12.012353329730026,14.0,4.977932576389357,0.7449648072977085,30.62414157085807,21.148544049825745,7.225997862193115,27.0,11.779859320242387
177.54498048851752,-0.523794941087514,9.34770438779358,-3.7037037037037037,4.901110702712072,0.48802616090050677,20.326482955809933,332.04577235325246,1.2363808455817162,0.6820753900886684,8.729748266765622,0.21747178494641986,0.07038901310733395,2.4703870637096306,1605.4372720658766,3.337573109677572,11.855304583651463,14.0,4.978898290345588,0.7554038361969793,30.55755235890919,21.140651816750456,7.223699449447585,27.0,11.667124798746372
179.5613051420582,-0.5005471526349896,9.347731046994598,1.6923076923076923,4.900225445547799,0.48527243058118336,20.518550205111346,323.7871252095319,1.1403840637602587,0.6783343804970366,9.538461538461538,0.21300826336276577,0.06868542988859581,2.5949069380676284,1540.8272233213745,2.938306486019238,11.90288838061092,15.0,4.983485884711581,0.7398049070070163,30.688252697921165,21.131112285736055,7.2232422920894175,27.0,11.709796553878075
188.70322187337683,-0.4634591584814729,9.32046687593567,-0.875,4.892760459457355,0.4821731601026606,20.300002137712216,341.7372291191209,1.2288944875334054,0.7195676851411712,8.135890137737439,0.2268484766434116,0.07134883051168829,2.7148743529547588,1563.6237238496271,3.258714262110031,12.000560811449233,15.0,4.975756026678594,0.742416218353262,30.51451610024055,21.1623916093596,7.2790159083854,27.0,11.839117871821706
191.56089074162844,-0.5382115827959215,9.344240697265757,-2.9166666666666665,4.896989609470458,0.48634827126988606,20.40669378812969,342.6558738052765,1.236243870229205,0.671906989150886,8.3362494897619,0.22612353712348462,0.06885058200432125,2.621028485943249,1547.4003537372025,2.9016686394640154,11.814201793974037,13.0,4.983280720010056,0.7386309205110568,30.93133195025219,21.16984802349038,7.283244382094976,27.0,12.349221215456797
181.78513674328786,-0.3968762663387714,9.351494378664439,0.19230769230769232,4.901120522410159,0.4837953893018559,20.431619332321663,334.6220488617358,1.0747603470848244,0.7017452497768212,9.156835323194072,0.22569657796923623,0.06976198032786982,2.566659941745046,1603.8965057571158,2.4701220611538366,12.05705300939407,15.0,4.979885228195065,0.7540025819710692,30.624811958479143,21.127221051623536,7.216867173231959,27.0,11.796226451586818
201.50311387386384,-0.5734444979077947,9.332914115721847,-2.090909090909091,4.888588690546013,0.4830302618433928,20.598186568538924,361.28017192709973,1.250246043970328,0.7089630099298139,7.9710218970119895,0.2420339292207073,0.07554912271153048,2.7794384157549517,1594.994803666715,2.3226354713255155,11.840163643509923,11.0,4.976884000590964,0.7505152432862551,31.132711314895285,21.199951500780124,7.349827133718026,27.0,12.306818175283286
200.13582717093547,-0.3949072075862301,9.395800687151622,-1.1363636363636365,4.890013997125404,0.48865009063536197,20.402068203635938,357.5480277956751,1.1686916886942862,0.7727756731567252,9.516948778342078,0.23118857207909668,0.07481411046572548,2.7700656491332882,1586.3277150296046,2.63905390484554,12.019041882281204,15.0,4.980437664184307,0.7448739440877592,30.732308455911884,21.164173106530072,7.317486438778449,27.0,12.110719135579611
196.00565936874662,-0.4058606054474588,9.334942633959841,1.1304347826086956,4.890351558812998,0.4857562654675386,20.417090330264074,353.9123135943887,1.1029350567699736,0.7583133439891261,8.882343736072519,0.22728818173133516,0.0764347759327667,2.7779892471768832,1595.5228971325982,2.6255521804643216,12.112900682260879,13.0,4.979920817830573,0.749368128828606,30.652330966805636,21.18333355103651,7.311777690110607,27.0,12.321179699766482
194.4189860504567,-0.5493644289261068,9.340945469552608,0.782608695652174,4.893018480168825,0.48536547459199675,20.46050335518355,348.2124756924005,1.2134172151493428,0.704881121634718,9.389895224396371,0.22381345446374556,0.06966370479374241,2.7570499602113587,1556.6126984542034,2.7093808864310884,11.879767955395064,14.0,4.9755190792406125,0.7397148025707669,30.745189389210864,21.188768420671316,7.315942776635807,27.0,11.878101800433303
194.39864872527608,-0.4489008490406032,9.346972161949353,1.7826086956521738,4.896274181042673,0.4847809766890327,20.38646159360885,347.3468785239834,1.1585683333815333,0.7345971651281769,8.546326552533145,0.2258779894129181,0.07090532429615079,2.72935537644014,1549.7714885195937,2.7021554790678293,12.03572054909872,13.0,4.979315509580688,0.7430502290188591,30.467291527616254,21.17484143668465,7.302699564502649,27.0,11.813169291000314
186.82466470247,-0.47770102752030685,9.372721965213554,1.2,4.897880432953082,0.4877523577445594,20.339880682187502,344.07061586384776,1.235782041789039,0.7015865942172944,9.43610088966836,0.23311336648112627,0.072274702930819,2.7288428967785823,1612.831334966911,2.824128650038925,11.952030194317551,15.0,4.981018068333931,0.7581585595812501,30.766737973648667,21.163319008644873,7.2664056699479,27.0,12.489297047694222
180.99714793304676,-0.4618058637545461,9.329954040412993,-0.9230769230769231,4.8959946101286524,0.4830354364752068,20.445642428116045,329.3220758761646,1.193634232298543,0.714962069268024,9.56726420554477,0.2139066687717001,0.07071861640687054,2.506368664019603,1548.3936625646622,3.3298673541292034,12.114070809023358,15.0,4.977577949077935,0.7561540280765058,30.474052205806263,21.137696509087505,7.227891103749387,27.0,11.707867961515241
186.14212857845956,-0.4572857014107719,9.39652030254486,1.92,4.894791524321801,0.4885305910948561,20.272327087260262,339.7278731932804,1.166529901548384,0.7347005340030393,9.1778864669378,0.2279489232735964,0.07370981093094787,2.6239830348721505,1584.3300262004177,2.709089526323437,12.063029600025713,15.0,4.980261128531401,0.7555931812612025,30.640051662736383,21.166990715726303,7.269445342636354,27.0,12.157975379212775
188.6761492830024,-0.45431417991281137,9.424944507845849,-1.5,4.890304910698345,0.49444937099041913,20.394492861555744,338.9237369297338,1.1593547136077071,0.7185445690818573,8.976822006330154,0.2272959815705305,0.07135536955285976,2.6915157487404455,1541.880074777233,2.640216438903061,11.897144106484847,13.0,4.978156377463448,0.737644809844119,30.510917135918888,21.165897452581763,7.295969940035263,27.0,11.644386400356765
195.1611146581197,-0.44197516215680926,9.32081312015836,1.1304347826086956,4.890403799203443,0.4852039748576433,20.421984386404926,348.77460811307077,1.201235134200974,0.7355330171510074,8.253085577533685,0.22679117380014321,0.07569161670292866,2.6882820726845416,1561.2051157345063,2.905579152114901,11.933797919174571,13.0,4.979456030615857,0.743298555952208,30.552858864895747,21.189059447549752,7.329674246417696,27.0,11.86085271890013
190.84966988759007,-0.45904984015338096,9.27358895684491,0.875,4.8966742251726325,0.4776672680390596,20.357235169628872,347.63050229855133,1.1518767584836036,0.7346677038553787,8.941068634863136,0.21884478179799025,0.07151608712810342,2.7271435676286724,1596.8186575320985,2.964980104694644,12.0470338141906,14.0,4.980382171161223,0.7425781310904389,30.7822367916307,21.149374504168787,7.295568062602095,27.0,11.775303766102251
195.05746223210025,-0.5170871968379178,9.35217622592572,-2.4347826086956523,4.890967112246995,0.48724468116153685,20.307244687174265,344.99313008476236,1.1925306929487474,0.7171350587781629,9.225796004099742,0.23281913574063884,0.07365383395638017,2.735851617632326,1530.9389643193776,2.5401707099831756,11.993589654772347,15.0,4.982040347275754,0.7582047907285693,30.508435033431184,21.1777126929631,7.301161310330017,27.0,11.791016679193937
188.5201092236979,-0.38067952594873683,9.367175726651507,1.0,4.893293352270791,0.48756397959522996,20.38951657973155,338.7348421603012,1.2074708399880838,0.7044219449326048,9.491224016602565,0.2262948278769835,0.07148864949342436,2.6352424890342285,1558.020510818146,2.772962699976402,11.894718950747514,14.0,4.978284963730797,0.7538172670380164,30.66104013380477,21.158004337632278,7.285747610103121,27.0,12.528025661207714
193.38944369190258,-0.4143329921767759,9.340489548566197,0.13043478260869565,4.885133491752829,0.48646256592176035,20.586510125928665,339.03288184120953,1.3210956329700543,0.7744336085086261,10.212117047584833,0.2296499967172843,0.07553203754249618,2.816942773279489,1510.0974280838404,3.711783245146507,12.045698727137708,15.0,4.979196284542391,0.7470659071053619,30.462595556883205,21.167514343767493,7.298386332624537,27.0,11.577607994930307
187.5399535069797,-0.45178977405467796,9.248457453091453,0.20833333333333334,4.891996657070641,0.47537819132478987,20.476549005476922,335.31988614570577,1.2697951321451357,0.724310339067059,8.859924598374914,0.23338910935715965,0.07430518519409118,2.7099490684164405,1536.4947061209405,3.329465910130456,11.97815200045037,15.0,4.979059909866269,0.7566475249227373,30.57657624862029,21.166389045388833,7.278394232526208,27.0,11.773309435111539
193.0744598154118,-0.5591510342382642,9.390115512184547,-3.739130434782609,4.889693184453089,0.4886257163721704,20.425933649650975,345.65948416345753,1.1998761137367615,0.6935840306002286,9.085188095032331,0.23792293904933012,0.07195039001571123,2.6197372426264938,1555.9526971470646,2.636002003342851,11.84125728179972,14.0,4.985577121808456,0.7391355321939589,30.536879792632316,21.180703119263185,7.313567825168282,27.0,11.700910254806566
181.11434977691812,-0.5005199756180401,9.381429550499586,-1.6153846153846154,4.902776741625556,0.48579908568216446,20.430361971280544,335.8185847657986,1.0414235505071616,0.7147653516189927,10.000295853611696,0.21138059277455773,0.06873137223777522,2.56000211391796,1602.4675805755141,2.5360607112808538,12.14590639896993,14.0,4.979799038268818,0.7509247117385092,30.509635920763728,21.143645312146894,7.228019019408022,27.0,11.739928233082217
191.07455356703156,-0.49897329772529586,9.348289951853419,-1.9583333333333333,4.8948163331313825,0.4873178638704467,20.411015297019627,344.06979811227546,1.1841044761815385,0.6911301108128582,8.923186868428166,0.2294265000249883,0.07252231176964316,2.6655012751850036,1569.5043625609453,2.9985200939258507,11.968305172308995,15.0,4.97885726261929,0.7570797823151035,30.466678311927502,21.164162757413706,7.275112513574341,27.0,11.86268573982354
190.41142087246806,-0.5198329365859423,9.364151920335036,-1.75,4.896100924066245,0.4877670373197653,20.30271025563692,341.79745227581776,1.1888446288277015,0.6746827543949006,8.302860952707807,0.22698640625002311,0.06922523042987594,2.6752542169536735,1558.2629830500723,2.6027754133193683,11.813632504419353,12.0,4.976759968879258,0.737159445802094,30.70486334305316,21.173391849024988,7.286379168720673,27.0,12.184324856586038
193.50711269852246,-0.4458670645767191,9.323571542879922,-0.43478260869565216,4.890039056479528,0.4853832821080077,20.48577949061113,344.99978178403364,1.2971530441071768,0.7141246769442906,8.611549812323698,0.23727575556438302,0.07424158165704023,2.7930346437630083,1531.0386767600708,3.2209727375455195,11.865937702386693,15.0,4.982713097613989,0.7504609167223028,30.72322218660236,21.186956722345293,7.316347603420023,27.0,12.456598351417377
188.8720565875807,-0.349796043389801,9.371423118219406,-0.041666666666666664,4.895205801001912,0.49072401848794844,20.418356338997427,337.6992168757707,1.248905316759104,0.7030435902350843,8.729639008700314,0.2208815711300596,0.07027932019648098,2.7218429754964926,1534.3734032983598,3.488354191533829,11.926236919886255,13.0,4.983913996998183,0.7376896258325654,30.60822878934846,21.184913578069242,7.305382221187928,27.0,12.338976312634848
182.47783016935657,-0.4574191865863186,9.407116969491776,-2.8461538461538463,4.898232316952751,0.49277628334159035,20.314694648938545,334.54138747195066,1.1421710492212451,0.7008625433022111,9.01149824345075,0.22089024663126375,0.06967909876742444,2.6088191127970157,1584.4056411694296,3.253978906943372,12.10019131476609,15.0,4.984282867089075,0.7514295786625373,30.603586301820307,21.13617484053135,7.259092531463129,27.0,12.298597687959838
180.2655278790565,-0.5225790686645326,9.369927853134975,-2.56,4.89883559265721,0.486972733446094,20.346709061470833,325.16863566732013,1.1653975025258898,0.7321157442659766,8.68598871746907,0.2222989219497154,0.07316348480491579,2.6111198966517684,1507.1114731703308,2.8904050504556005,12.056961965679806,13.0,4.981013476756447,0.755122751838296,30.407020619635553,21.130032795831244,7.238555896643114,27.0,11.935897541887215
191.0681005832945,-0.48355734511710297,9.307385910811409,-1.0,4.892555723916144,0.4801656038105671,20.66512519039678,349.34031057296096,1.1814004023580444,0.7191562493622197,8.760707733967616,0.22519769146257707,0.07141315379316054,2.6387885544488223,1619.2405362498944,2.86114886416825,11.986940948435988,15.0,4.976291507597954,0.7427157507765515,30.968349043024375,21.19265448599826,7.296076257914888,27.0,12.003788232712179
189.05714996777633,-0.4421600077229922,9.360754416717988,3.0,4.895983050868565,0.48784592311376457,20.394063773869803,338.3122278127797,1.1499972811830537,0.7255586363677281,9.486832980505138,0.23603600135870878,0.07123577745804728,2.693369942398652,1540.2598572634233,2.7640255169658676,12.074127617579302,15.0,4.982967349651618,0.7466822634243827,30.68297774782604,21.166445872973753,7.303062288197446,27.0,12.140828077564723
189.3082012352106,-0.2361244141099148,9.327045241499423,0.9583333333333334,4.896999818514749,0.4822498692182569,20.36411009484097,339.31586962392043,1.1306330973394094,0.739208623340204,8.388877391456433,0.22428147701847911,0.07035917633356027,2.7337622143124296,1558.3515093020696,3.2556580812800666,12.155519879800446,15.0,4.985124006399422,0.7466298265425683,30.846764483690233,21.157441508407857,7.2786592827927485,27.0,12.167784103418402
179.98605400223386,-0.4438605042320957,9.359321124340234,-1.6153846153846154,4.8983035233355485,0.4876721504626827,20.36084798880702,330.4771350882322,1.213010036001261,0.7132658800665841,9.841344979519677,0.22631635740044773,0.07112689743511183,2.6012010117482838,1568.8396546209215,3.1631570677486804,12.024794151589612,14.0,4.976442579974238,0.7606069067378672,30.748739689912917,21.120279957189407,7.2116730350650755,27.0,12.466966355150056
183.42702968306588,-0.5263734481101078,9.371112034438964,0.4,4.897668265695152,0.48826775474475476,20.533745907838064,329.58253170606145,1.2263378375294054,0.6831025844802361,9.927738916792684,0.22668448317209902,0.07005298352889937,2.5492885601510085,1522.2892866645757,2.8525480497005025,11.83999210986392,14.0,4.9797332905817795,0.7411930594304622,30.626498289310746,21.1772279624982,7.27062184839226,27.0,11.86110128838832
183.14713543102468,-0.5601533858709941,9.391718276584728,-1.92,4.9003101253445775,0.4888007909514972,20.48718799583864,328.61099825149194,1.1789395546990116,0.6742915742655778,9.736200490951283,0.22727920789713177,0.06743241097817386,2.56681778768816,1533.2442252175833,2.5147235235862575,11.92537031088582,15.0,4.979044393752886,0.7453176741404531,30.714473296055786,21.1519706345387,7.266060881145316,27.0,11.645380372453236
188.08321014285616,-0.543210100999644,9.382517671454279,-2.6666666666666665,4.893820367786191,0.4904747272319127,20.32938561507362,339.1075909061361,1.1302943523775866,0.7069484498127281,8.825468196582484,0.2373804402624343,0.07227636752603742,2.780595798587167,1549.1803104150242,2.4532626011011107,12.014129067185557,15.0,4.976788731287808,0.7505440215101926,30.830204392817897,21.15719223042572,7.275932768264797,27.0,12.563894857124719
190.92287916027337,-0.34658910100863966,9.384845181900328,1.3333333333333333,4.889066032920992,0.4876199293999064,20.53597423313635,340.94078987009294,1.0794812751472638,0.7379185153170905,9.689627902499089,0.22628650958276658,0.07043791308172334,2.6075095941028983,1568.436702434316,2.6362083018757927,12.093116183424451,15.0,4.97928262995587,0.7399029958307737,30.727979185948396,21.15804633553093,7.281060204657229,27.0,11.602942706329134
193.16447895483878,-0.43614463678141285,9.343324376070772,3.391304347826087,4.88962839527103,0.48388437559052155,20.41147464414259,347.63260337672887,1.137780735100596,0.7208283290046354,7.783701647812243,0.2404503850071299,0.0718497384205237,2.7444543589010175,1569.8611330895624,2.261204057564814,11.881144850186963,15.0,4.984494145505399,0.7401076610746404,30.717694428382984,21.176699747966985,7.29749698457575,27.0,12.469577610957103
190.42652151964498,-0.4710413301618217,9.395875561350564,-0.9583333333333334,4.89246873267326,0.4929866916352106,20.585760902265754,345.174948982942,1.1978042893539964,0.729442328707971,7.965964927252832,0.23363838489133248,0.07380859896631072,2.6765190153959626,1591.7875801450293,3.1263487764565894,12.088061890820377,12.0,4.9837986497405655,0.7597493516012973,30.603000907006347,21.179904385917414,7.286364745668114,27.0,12.414311046589575
192.85538500422754,-0.5088021185807459,9.35194698067438,-0.5652173913043478,4.888371991690866,0.48820035191768596,20.57636396829867,345.9838053264679,1.2157610332206834,0.7342937582947824,9.398547931122689,0.23165940423249906,0.07470667626808408,2.724132593474483,1557.709162569511,2.845193811117605,11.945812422182046,14.0,4.981902767688077,0.7476051133105045,30.77785870044162,21.168176096194507,7.2930747387071255,27.0,11.921887242305445
182.11218300552366,-0.4494355286558953,9.388773699580831,-0.34615384615384615,4.900827534013486,0.4921534952152351,20.300614631974494,336.23190258610435,1.0960544618219292,0.7013265305061982,10.257988660597492,0.21479495289692507,0.07082598670756668,2.60970892364877,1599.2258387360753,2.8895312832735867,12.041368976725654,15.0,4.980747467778404,0.7467121563554892,30.708748729525368,21.148140310774604,7.232365856971634,27.0,11.896362766351206
185.04136859212653,-0.524174918256561,9.360093605267831,-1.72,4.896089603244238,0.4857833076487885,20.259511577237785,337.8753596952896,1.162609857651127,0.7074893810575899,8.770495995096287,0.22809005271229524,0.07094079178985972,2.62670734051429,1588.6196275122616,2.589862175273603,11.934896405833662,15.0,4.981100370488363,0.7416608626252361,30.69011446392092,21.14978834841024,7.258109425343833,27.0,12.035618596653695
189.81750306197614,-0.3450350891196739,9.374207409308793,1.3333333333333333,4.892128937775211,0.48786835933366407,20.419520939987503,345.36992884697395,1.113750775482818,0.718993581495006,9.91911734424434,0.23776544693839158,0.06885111426851773,2.681791303870959,1595.8961279663765,2.22641612182808,12.035016785157438,15.0,4.978452425861462,0.7427372961552248,31.153986186127497,21.181890256352535,7.2700345072145645,27.0,12.139324000101709
182.3502416477942,-0.4744849274936395,9.346437105690807,-0.7692307692307693,4.895297669939433,0.4870587084123217,20.13259749191267,338.9720402598311,1.1043754097101548,0.7405346204673587,9.07790085998237,0.22550978988951653,0.07154849505542815,2.720287614221571,1609.8541577751143,2.7616687061784955,12.228563952760208,15.0,4.981869807341945,0.7583792683975584,30.670979280059925,21.139726177136705,7.238913009118396,27.0,12.185425030544792
184.88397378565472,-0.37763474428802807,9.27816480954369,0.04,4.896311742021963,0.4821104461243347,20.34461114346505,335.4533765873123,1.1200684614645495,0.7284419583424233,10.077618766355473,0.22007238158368914,0.07298004410028942,2.5112174010490516,1573.8510001636628,2.673425472918055,12.02725335385795,15.0,4.978963716022147,0.7449508925124335,30.508604602731246,21.127114963406882,7.257143826640166,27.0,11.751614608037201
175.71634430666012,-0.4476083099866344,9.354460244438785,1.037037037037037,4.902518336886913,0.48667601404788485,20.421287559153917,325.29391008045116,1.1331205484749909,0.7093090038850839,8.094266290183814,0.22197719703392882,0.07047661719703667,2.5657000235318757,1589.1379696585002,2.825051789150587,12.058394343582973,14.0,4.983130809262397,0.7574328377294853,30.7901117403113,21.153431881741238,7.216462433906178,27.0,11.791746794075788
187.9978070358695,-0.5782384401226776,9.374584410631192,-1.0416666666666667,4.892045818933316,0.4891251771181902,20.39248668531428,338.11634579096454,1.2519888216737085,0.7221460493081101,9.351823203109767,0.2221118379961686,0.07414052120538364,2.814692444436591,1550.5552359788762,3.1334658734237024,11.885674732179416,14.0,4.984596005869356,0.7444154515383068,30.723783756498268,21.186723523017964,7.312384509320366,27.0,12.049926444243596
181.04631535590764,-0.41291787135526936,9.351587672693942,0.6538461538461539,4.898020480168446,0.48792164990468917,20.316588842064,330.9757216254501,1.2142346656543626,0.6883980244132402,9.864241199295048,0.22359989908882022,0.07255999088567111,2.5873416555927635,1574.106904200203,3.280758557382393,11.982165271533532,15.0,4.979952566658801,0.7611915086357021,30.657090921844187,21.145709205090853,7.253761165025647,27.0,11.78138456835633
198.3978575784695,-0.49232311303149373,9.355736976412569,-3.5454545454545454,4.886795443412447,0.48706098706061324,20.52681054025263,348.7846595385919,1.2954423584870944,0.7329610710295579,8.653571373754374,0.2335804610814255,0.07260922349818018,2.8133029028260816,1538.9213817502136,3.236228483405373,11.851642260575119,12.0,4.978613327673141,0.7299494113534912,30.984571469359643,21.18230215593139,7.316084127310556,27.0,12.172524971976394
192.860607334791,-0.4921359152703461,9.378229835088947,0.5652173913043478,4.886757926864304,0.49165348270548903,20.53969912513144,343.1227051115992,1.29668489661344,0.7348442960195538,9.078527399052652,0.23270035581431534,0.0731607755580912,2.747274919786237,1541.777567027858,3.207277260731753,11.957551501975802,15.0,4.981202600017987,0.7487386974436936,30.7919991496341,21.13303685776939,7.269075918095548,27.0,12.115665825218798
192.10689878897531,-0.4140920102550515,9.348634463131509,-0.13043478260869565,4.888041111205508,0.4872095010264275,20.461223539574515,341.84064643374313,1.2085470198251667,0.727925657998099,9.428469135853748,0.23683727324327625,0.07472070515375341,2.815457157205903,1539.9557660148034,2.95382196939717,12.005237700807044,14.0,4.9781177738256925,0.7483843095788307,30.908934267390826,21.18959318809386,7.32117322742874,27.0,12.225708428847636
178.37322462550196,-0.5631675683532484,9.360558656152023,-3.6666666666666665,4.902318097292755,0.48679544011976744,20.19213962135462,331.62394672975427,1.1202831688516162,0.6852778384791796,8.861067572167505,0.22636216300343534,0.0707488567015611,2.5639764559459737,1608.2699858261765,2.313850899558058,11.998355506508448,13.0,4.976983646976812,0.7653494702280828,30.761187824324235,21.136453342783064,7.219312441915122,27.0,12.031957570875857
180.5535705963783,-0.468754145227864,9.351065514662068,-1.0384615384615385,4.901336364195408,0.4865735791013066,20.15653200240353,331.3248615758614,1.144098051655398,0.6890437793896583,9.561464199228908,0.22560513211546326,0.07181634585645028,2.6171333203917575,1570.8134983869354,2.759463886670967,11.95973423258537,15.0,4.985239330772264,0.7596709284363727,30.72787370985612,21.130291504537787,7.243074631511247,27.0,12.241742386645171
175.64789319559324,-0.3902130216281843,9.342623887744375,-0.25925925925925924,4.8991229205595666,0.4857098747056657,20.383540125904823,319.94520386320437,1.2320138759785342,0.684398309752321,8.284714137506016,0.21925052353673383,0.07238294415726072,2.6013969595656565,1540.1980341684505,3.4182047726776617,11.965792967133078,15.0,4.983191972120526,0.7694708232353096,30.46072988404237,21.155725674433732,7.22672172881593,27.0,11.621979143719532
193.82608185709728,-0.46968342683666264,9.33878966902069,-0.4782608695652174,4.890530548081777,0.486446357259325,20.366212885536832,346.4782205437074,1.2667568182876099,0.7162257431230848,8.525509370055468,0.23854726584894276,0.07529264214905644,2.7943547901866936,1545.321093229485,2.858750976148886,11.91882476417941,15.0,4.9780966155995126,0.7491099146656527,30.747419815769938,21.15433728604085,7.281129018817678,27.0,12.250465330701445
185.3113675907146,-0.3698058876041849,9.366501663453548,-1.92,4.895587473153778,0.4841473434822607,20.660443631310894,336.3562437579453,1.13105470899468,0.7440354909930008,8.685251867389914,0.21933619141591754,0.07246030899315839,2.5223543575010825,1568.1249811190282,2.8883379349914824,12.071192381789489,15.0,4.980859742918172,0.7501359741914265,30.526354163740127,21.168951683349714,7.2574293689205565,27.0,11.772903148741793
175.6429024359754,-0.48577250182682874,9.316380127673783,-0.7037037037037037,4.901531144746531,0.4862976229901321,20.362340868751453,325.6034404201121,1.182319103037577,0.6830100052109169,7.663355878439674,0.21615185379798474,0.06933637567268584,2.587909445001444,1584.0791918120021,3.29560034382608,11.965261524764784,15.0,4.979241724504431,0.7524859412345547,30.67286296420192,21.11253286751952,7.1983331180737835,27.0,12.320879046571015
191.80309891237866,-0.5230529474472746,9.341220648024358,-1.0869565217391304,4.888071005722012,0.4881199211997947,20.461533782677936,337.4428723690235,1.3417990537842504,0.7193003384831355,10.504297437253172,0.23699938951243454,0.07514633350266618,2.7648987771171676,1512.3267644949226,3.0851649969334405,11.843156009287604,14.0,4.9846013986757,0.7579900628070478,30.633549687931517,21.198073178589677,7.293438440958865,27.0,11.75501417236353
184.9706805238728,-0.3622233250109366,9.399534903221923,3.6,4.894888776046921,0.49139742548102694,20.391335466411714,336.7000265589524,1.0926261842786702,0.7075444947912085,9.431860898041277,0.22597473517876634,0.07094444479983505,2.6632515246796573,1580.0636893940673,2.515250653687408,11.919739195672069,15.0,4.981485574333356,0.7286490107832533,30.98068208438579,21.16760093232343,7.264793421401533,27.0,12.224304164757399
192.71027355391445,-0.4006145292113867,9.351331554902915,1.25,4.891728419760118,0.48649813537102427,20.53059765056056,350.90091478856993,1.0886669124036894,0.7681868603364169,9.047329256010675,0.22811990808820778,0.07207410250045622,2.6162171234101077,1614.203948649251,2.5489980254625704,12.151344828664087,15.0,4.977325667886326,0.7445919684454291,30.666196984267167,21.181956362330656,7.290067350188829,27.0,11.860090394248807
175.73433583390576,-0.5261654203751766,9.356487638435757,-2.2962962962962963,4.903511144851475,0.48786735255235075,20.454761625083936,328.1265048857422,1.075651926678749,0.7107818718531598,9.070974527313561,0.22042826117912778,0.07162723023128718,2.487184612883437,1584.8332321852527,2.4827523114417307,12.088098225403616,11.0,4.9822336412729875,0.7626004094187632,30.775422642407754,21.124918925220648,7.22437292683736,27.0,12.290699018145215
180.85856850966906,-0.45272363493382106,9.289454228568323,0.8076923076923077,4.900502466463735,0.4819724396200471,20.361100903842296,332.2590905798894,1.1384804664543442,0.7100425959160289,8.13831976028898,0.2211459240633919,0.07141405534333606,2.652569818027147,1594.196077702557,2.852647779512191,12.004817515890297,15.0,4.980856541379315,0.7563826220527252,30.864630398389586,21.150755495183986,7.247481367235189,27.0,12.829752311609969
179.60306177451068,-0.38617235208486067,9.354011810889919,0.6538461538461539,4.899349486741308,0.4834992098728795,20.386673540734595,328.18105813486466,1.0586274254496628,0.7186432869678842,9.762338574228504,0.21819746437283166,0.0675843475526537,2.5232770422882616,1563.720967997127,2.473758563445319,12.092273209243556,15.0,4.979444620033995,0.7349087037580938,30.600309136935994,21.145324624382347,7.248048663946941,27.0,11.927993957184487
195.14265813605144,-0.4122133209667494,9.339269700115013,-1.6956521739130435,4.891861542801303,0.48748942397599143,20.55838064902981,354.8178669789078,1.1911746045448501,0.7603900762223461,8.639820764086414,0.2337819702467967,0.07312956749205536,2.7617374021986203,1605.7168793871897,3.217994488180536,12.090596233127576,12.0,4.978495261085257,0.7391903398946699,30.842959341034728,21.188199415102705,7.2951109549487905,27.0,12.022178106587827
184.58763769053104,-0.42771502645277065,9.314833093946001,0.96,4.889891009089744,0.48405805428458853,20.55528111540662,335.13155776915363,1.2211529742663816,0.7306417367554238,8.85654560198275,0.22480513287654522,0.07281658618744044,2.6465179535687864,1556.542150885105,3.811990256112769,12.039088419816908,15.0,4.984790229926306,0.7379411836725215,30.673546613782804,21.17768462902519,7.255433614745768,27.0,11.68849989763962
195.2765776946849,-0.5182634547464164,9.393337390069819,0.2608695652173913,4.891281115006497,0.49224564255511877,20.464530396727504,343.5120151387858,1.2002197472982619,0.7021370999074916,8.703909123288515,0.22789713387132782,0.07458136888305085,2.6388695985728075,1527.4886555333708,2.3636487871708995,11.771622538375986,14.0,4.977001558599831,0.7513327632629265,30.56287627114987,21.17940686549838,7.30803366709035,27.0,11.994166478377956
181.40279246592726,-0.48829244319894016,9.359780765281299,-0.08,4.892144151651094,0.4898311346183181,20.31098647579556,329.7370718501238,1.232461655604382,0.7542958378490054,8.323076354329569,0.2352935375815267,0.0748131802946128,2.6161095699079353,1538.9205263469369,3.3929796394579546,12.135695465526565,11.0,4.978661286687239,0.7653647423475763,30.670377075865584,21.15091103554331,7.23463911448096,27.0,12.05212295619069
189.78330905073392,-0.379690294991837,9.287193076564094,1.1666666666666667,4.892348286041965,0.48005303758409906,20.710110114267746,345.3397529647113,1.1540250784147874,0.7318740501279292,8.513061859414755,0.23155667069684602,0.07285781136286776,2.6355265440909372,1583.671021023524,2.9576171093898678,12.101932339177447,14.0,4.981018938640573,0.7490768348473716,30.617991500021656,21.195820259184536,7.282772049267623,27.0,11.519515317695042
180.78219409828768,-0.4858679777049517,9.289442173315134,0.38461538461538464,4.8965597216811,0.48081799085945226,20.279076041525176,332.9031264334097,1.1967880867015526,0.7025842219758156,9.413888770064576,0.22196297099652207,0.06722679190430093,2.614065161940084,1599.5421539399001,3.3886940488616926,11.949234261820147,15.0,4.981167994531782,0.729715110995246,30.725125975606343,21.149031707163115,7.252995021675091,27.0,11.927593725271425
180.69551265669966,-0.4244644150443228,9.362868498963504,0.7307692307692307,4.8999125797886816,0.48451368264834993,20.329507266468905,324.9469509376566,1.125736906599527,0.681202654095804,8.916526109972564,0.2212693811687267,0.06830398182240804,2.5378499702634456,1531.5160452410096,2.8272359991641474,11.948694887582226,15.0,4.983315202806616,0.746834272666159,30.70637807351831,21.15765511754401,7.244264016617858,27.0,12.407145851559694
189.48963563660664,-0.393843584038073,9.41273407327161,-0.4583333333333333,4.8962729390454145,0.49302436892828894,20.49885212358973,338.6901351866679,1.1451612945296723,0.7046562117796067,8.650525835012703,0.226795016098215,0.06870678353042364,2.64855675629315,1540.1557362152064,2.7810468402361206,12.029072120943365,12.0,4.974721400249857,0.7436617468535318,30.76470827214842,21.16652245035622,7.295897328991434,27.0,11.800754533681683
185.95205382961367,-0.4059170691399511,9.320894437880506,1.52,4.8934267109484315,0.4801851657369074,20.461771426423155,344.8462886090196,1.0665758136461272,0.733159027025063,8.015584819587401,0.23489008573077738,0.07114478365906511,2.6442340471680583,1622.7313905953174,2.920879864188358,12.175803463050514,13.0,4.980073306295281,0.7450362336287697,30.720884124113756,21.162137899940674,7.246573776553186,27.0,12.051740353436482
187.381297155034,-0.47773960970609125,9.352202240739667,-1.0416666666666667,4.894017376323164,0.4874138519608284,20.419742048943508,334.5590999470271,1.2496169257626784,0.6953302538172487,9.094316754007538,0.228008561321664,0.07419805908239253,2.690210081320281,1517.3724254114932,3.1010545555613342,11.881583244492042,14.0,4.978805012109499,0.7528546674292622,30.708412442174577,21.199467537840846,7.292047163738104,27.0,11.817309739365868
